Id,TotalSteps,TotalDistance,TrackerDistance,LoggedActivitiesDistance,VeryActiveDistance,ModeratelyActiveDistance,LightActiveDistance,SedentaryActiveDistance,VeryActiveMinutes,FairlyActiveMinutes,LightlyActiveMinutes,SedentaryMinutes,Calories,date,sleep_minutes,time_in_bed_minutes,sleep_records,weight_kg,bmi,weight_logs,minuteIntensitiesWide_total,minuteIntensitiesWide_hours,minuteStepsWide_total,minuteStepsWide_hours,sleep_minute_records,sleep_logs,minuteCaloriesWide_total,minuteCaloriesWide_hours,minuteStepsNarrow_total,minuteStepsNarrow_mean,minuteStepsNarrow_minutes,minuteIntensitiesNarrow_total,minuteIntensitiesNarrow_mean,minuteIntensitiesNarrow_minutes,minuteMETsNarrow_total,minuteMETsNarrow_mean,minuteMETsNarrow_minutes,minuteCaloriesNarrow_total,minuteCaloriesNarrow_mean,minuteCaloriesNarrow_minutes,hr_mean_bpm,hr_min_bpm,hr_max_bpm,hr_samples,hourly_steps_total,hourly_calories_total,observed_hours
1503960366,13162.0,8.5,8.5,0.0,1.87999999523163,0.550000011920929,6.05999994277954,0.0,25.0,13.0,328.0,728.0,1985.0,2016-04-12,327.0,346.0,1.0,,,,,,,,346.0,1.0,,,13158.0,9.1375,1440.0,429.0,0.29791666666666666,1440.0,25241.0,17.528472222222224,1440.0,1985.2045922279358,1.3786143001582887,1440.0,,,,,13158.0,1988.0,24.0
1503960366,10735.0,6.96999979019165,6.96999979019165,0.0,1.57000005245209,0.689999997615814,4.71000003814697,0.0,21.0,19.0,217.0,776.0,1797.0,2016-04-13,384.0,407.0,2.0,,,,318.0,24.0,10735.0,24.0,407.0,2.0,1797.8602986335754,24.0,10735.0,7.454861111111111,1440.0,318.0,0.22083333333333333,1440.0,22859.0,15.874305555555555,1440.0,1797.8602986335752,1.248514096273316,1440.0,,,,,10735.0,1798.0,24.0
1503960366,10460.0,6.73999977111816,6.73999977111816,0.0,2.44000005722046,0.400000005960464,3.91000008583069,0.0,30.0,11.0,181.0,1218.0,1776.0,2016-04-14,,,,,,,293.0,24.0,10460.0,24.0,,,1776.624798297882,24.0,10460.0,7.263888888888889,1440.0,293.0,0.20347222222222222,1440.0,22589.0,15.686805555555555,1440.0,1776.624798297882,1.233767221040196,1440.0,,,,,10460.0,1776.0,24.0
1503960366,9762.0,6.28000020980835,6.28000020980835,0.0,2.14000010490417,1.25999999046326,2.82999992370605,0.0,29.0,34.0,209.0,726.0,1745.0,2016-04-15,412.0,442.0,1.0,,,,364.0,24.0,9685.0,24.0,442.0,1.0,1745.2434492111206,24.0,9685.0,6.725694444444445,1440.0,364.0,0.25277777777777777,1440.0,22190.0,15.409722222222221,1440.0,1745.2434492111204,1.2119746175077224,1440.0,,,,,9685.0,1745.0,24.0
1503960366,12669.0,8.15999984741211,8.15999984741211,0.0,2.71000003814697,0.409999996423721,5.03999996185303,0.0,36.0,10.0,221.0,773.0,1863.0,2016-04-16,340.0,367.0,2.0,,,,349.0,24.0,12669.0,24.0,400.0,3.0,1863.533046245575,24.0,12669.0,8.797916666666667,1440.0,349.0,0.2423611111111111,1440.0,23694.0,16.454166666666666,1440.0,1863.5330462455747,1.2941201710038714,1440.0,,,,,12669.0,1866.0,24.0
1503960366,9705.0,6.48000001907349,6.48000001907349,0.0,3.19000005722046,0.779999971389771,2.50999999046326,0.0,38.0,20.0,164.0,539.0,1728.0,2016-04-17,700.0,712.0,1.0,,,,318.0,24.0,9705.0,24.0,679.0,1.0,1728.097749710083,24.0,9705.0,6.739583333333333,1440.0,318.0,0.22083333333333333,1440.0,21972.0,15.258333333333333,1440.0,1728.0977497100828,1.200067881743113,1440.0,,,,,9705.0,1730.0,24.0
1503960366,13019.0,8.59000015258789,8.59000015258789,0.0,3.25,0.639999985694885,4.71000003814697,0.0,42.0,16.0,233.0,1149.0,1921.0,2016-04-18,,,,,,,391.0,24.0,13019.0,24.0,,,1921.6553945541382,24.0,13019.0,9.040972222222223,1440.0,391.0,0.27152777777777776,1440.0,24433.0,16.96736111111111,1440.0,1921.6553945541382,1.3344829128848181,1440.0,,,,,13019.0,1920.0,24.0
1503960366,15506.0,9.88000011444092,9.88000011444092,0.0,3.52999997138977,1.32000005245209,5.03000020980835,0.0,50.0,31.0,264.0,775.0,2035.0,2016-04-19,304.0,320.0,1.0,,,,476.0,24.0,15506.0,24.0,320.0,1.0,2035.6978917121887,24.0,15506.0,10.768055555555556,1440.0,476.0,0.33055555555555555,1440.0,25883.0,17.974305555555556,1440.0,2035.6978917121885,1.4136790914667976,1440.0,,,,,15506.0,2034.0,24.0
1503960366,10544.0,6.67999982833862,6.67999982833862,0.0,1.96000003814697,0.479999989271164,4.23999977111816,0.0,28.0,12.0,205.0,818.0,1786.0,2016-04-20,360.0,377.0,1.0,,,,313.0,24.0,10544.0,24.0,377.0,1.0,1786.6133480072024,24.0,10544.0,7.322222222222222,1440.0,313.0,0.21736111111111112,1440.0,22716.0,15.775,1440.0,1786.6133480072021,1.2407037138938903,1440.0,,,,,10544.0,1785.0,24.0
1503960366,9819.0,6.34000015258789,6.34000015258789,0.0,1.3400000333786,0.349999994039536,4.65000009536743,0.0,19.0,8.0,211.0,838.0,1775.0,2016-04-21,325.0,364.0,1.0,,,,284.0,24.0,9819.0,24.0,364.0,1.0,1775.680998802185,24.0,9819.0,6.81875,1440.0,284.0,0.19722222222222222,1440.0,22577.0,15.678472222222222,1440.0,1775.680998802185,1.2331118047237397,1440.0,,,,,9819.0,1777.0,24.0
1503960366,12764.0,8.13000011444092,8.13000011444092,0.0,4.76000022888184,1.12000000476837,2.24000000953674,0.0,66.0,27.0,130.0,1217.0,1827.0,2016-04-22,,,,,,,382.0,24.0,12764.0,24.0,,,1827.9832468032837,24.0,12764.0,8.863888888888889,1440.0,382.0,0.2652777777777778,1440.0,23242.0,16.14027777777778,1440.0,1827.9832468032835,1.269432810280058,1440.0,,,,,12764.0,1825.0,24.0
1503960366,14371.0,9.03999996185303,9.03999996185303,0.0,2.80999994277954,0.870000004768372,5.3600001335144,0.0,41.0,21.0,262.0,732.0,1949.0,2016-04-23,361.0,384.0,1.0,,,,427.0,24.0,14371.0,24.0,384.0,1.0,1949.4188432693481,24.0,14371.0,9.979861111111111,1440.0,427.0,0.2965277777777778,1440.0,24786.0,17.2125,1440.0,1949.418843269348,1.3537630856037137,1440.0,,,,,14371.0,1948.0,24.0
1503960366,10039.0,6.40999984741211,6.40999984741211,0.0,2.92000007629395,0.209999993443489,3.27999997138977,0.0,39.0,5.0,238.0,709.0,1788.0,2016-04-24,430.0,449.0,1.0,,,,365.0,24.0,10039.0,24.0,449.0,1.0,1788.9728479385376,24.0,10039.0,6.971527777777778,1440.0,365.0,0.2534722222222222,1440.0,22746.0,15.795833333333333,1440.0,1788.9728479385374,1.2423422555128731,1440.0,,,,,10039.0,1790.0,24.0
1503960366,15355.0,9.80000019073486,9.80000019073486,0.0,5.28999996185303,0.569999992847443,3.94000005722046,0.0,73.0,14.0,216.0,814.0,2013.0,2016-04-25,277.0,323.0,1.0,,,,463.0,24.0,15355.0,24.0,323.0,1.0,2013.1253414154053,24.0,15355.0,10.663194444444445,1440.0,463.0,0.3215277777777778,1440.0,25596.0,17.775,1440.0,2013.1253414154053,1.3980037093162536,1440.0,,,,,15355.0,2010.0,24.0
1503960366,13755.0,8.78999996185303,8.78999996185303,0.0,2.32999992370605,0.920000016689301,5.53999996185303,0.0,31.0,23.0,279.0,833.0,1970.0,2016-04-26,245.0,274.0,1.0,,,,418.0,24.0,13755.0,24.0,274.0,1.0,1970.6543426513674,24.0,13755.0,9.552083333333334,1440.0,418.0,0.2902777777777778,1440.0,25056.0,17.4,1440.0,1970.6543426513672,1.3685099601745605,1440.0,,,,,13755.0,1973.0,24.0
1503960366,18134.0,12.210000038147,12.210000038147,0.0,6.40000009536743,0.409999996423721,5.40999984741211,0.0,78.0,11.0,243.0,1108.0,2159.0,2016-04-27,,,,,,,499.0,24.0,18125.0,24.0,,,2159.021087169647,24.0,18125.0,12.586805555555555,1440.0,499.0,0.34652777777777777,1440.0,27451.0,19.063194444444445,1440.0,2159.021087169647,1.499320199423366,1440.0,,,,,18125.0,2159.0,24.0
1503960366,13154.0,8.52999973297119,8.52999973297119,0.0,3.53999996185303,1.1599999666214,3.78999996185303,0.0,48.0,28.0,189.0,782.0,1898.0,2016-04-28,366.0,393.0,1.0,,,,389.0,24.0,13091.0,24.0,393.0,1.0,1898.6895952224731,24.0,13091.0,9.090972222222222,1440.0,389.0,0.2701388888888889,1440.0,24141.0,16.764583333333334,1440.0,1898.6895952224731,1.3185344411267175,1440.0,,,,,13091.0,1901.0,24.0
1503960366,11181.0,7.15000009536743,7.15000009536743,0.0,1.05999994277954,0.5,5.57999992370605,0.0,16.0,12.0,243.0,815.0,1837.0,2016-04-29,341.0,354.0,1.0,,,,315.0,24.0,11181.0,24.0,354.0,1.0,1837.657196521759,24.0,11181.0,7.764583333333333,1440.0,315.0,0.21875,1440.0,23365.0,16.225694444444443,1440.0,1837.657196521759,1.2761508309178882,1440.0,,,,,11181.0,1839.0,24.0
1503960366,14673.0,9.25,9.25,0.0,3.55999994277954,1.41999995708466,4.26999998092651,0.0,52.0,34.0,217.0,712.0,1947.0,2016-04-30,404.0,425.0,1.0,,,,441.0,24.0,14673.0,24.0,425.0,1.0,1947.609893321991,24.0,14673.0,10.189583333333333,1440.0,441.0,0.30625,1440.0,24763.0,17.196527777777778,1440.0,1947.6098933219907,1.3525068703624936,1440.0,,,,,14673.0,1947.0,24.0
1503960366,10602.0,6.80999994277954,6.80999994277954,0.0,2.28999996185303,1.60000002384186,2.92000007629395,0.0,33.0,35.0,246.0,730.0,1820.0,2016-05-01,369.0,396.0,1.0,,,,415.0,24.0,10602.0,24.0,396.0,1.0,1831.1292467117312,24.0,10602.0,7.3625,1440.0,415.0,0.2881944444444444,1440.0,23282.0,16.168055555555554,1440.0,1831.129246711731,1.271617532438702,1440.0,,,,,10602.0,1828.0,24.0
1503960366,14727.0,9.71000003814697,9.71000003814697,0.0,3.21000003814697,0.569999992847443,5.92000007629395,0.0,41.0,15.0,277.0,798.0,2004.0,2016-05-02,277.0,309.0,1.0,52.5999984741211,22.6499996185303,1.0,430.0,24.0,14710.0,24.0,309.0,1.0,2017.7656922340393,24.0,14710.0,10.215277777777779,1440.0,430.0,0.2986111111111111,1440.0,25655.0,17.81597222222222,1440.0,2017.7656922340393,1.4012261751625272,1440.0,,,,,14710.0,2016.0,24.0
1503960366,15103.0,9.65999984741211,9.65999984741211,0.0,3.73000001907349,1.04999995231628,4.88000011444092,0.0,50.0,24.0,254.0,816.0,1990.0,2016-05-03,273.0,296.0,1.0,52.5999984741211,22.6499996185303,1.0,452.0,24.0,15103.0,24.0,296.0,1.0,1990.772808432579,24.0,15103.0,10.488194444444444,1440.0,452.0,0.3138888888888889,1440.0,25477.0,17.69236111111111,1440.0,1990.7728084325795,1.382481116967069,1440.0,,,,,15103.0,1992.0,24.0
1503960366,11100.0,7.15000009536743,7.15000009536743,0.0,2.46000003814697,0.870000004768372,3.8199999332428,0.0,36.0,22.0,203.0,1179.0,1819.0,2016-05-04,,,,,,,355.0,24.0,11100.0,24.0,,,1819.6462056040764,24.0,11100.0,7.708333333333333,1440.0,355.0,0.2465277777777778,1440.0,23287.0,16.17152777777778,1440.0,1819.6462056040768,1.2636431983361645,1440.0,,,,,11100.0,1819.0,24.0
1503960366,14070.0,8.89999961853027,8.89999961853027,0.0,2.92000007629395,1.08000004291534,4.88000011444092,0.0,45.0,24.0,250.0,857.0,1959.0,2016-05-05,247.0,264.0,1.0,,,,433.0,24.0,14047.0,24.0,264.0,1.0,1959.9075015187263,24.0,14047.0,9.754861111111111,1440.0,433.0,0.30069444444444443,1440.0,25082.0,17.418055555555554,1440.0,1959.9075015187266,1.3610468760546712,1440.0,,,,,14047.0,1960.0,24.0
1503960366,12159.0,8.02999973297119,8.02999973297119,0.0,1.97000002861023,0.25,5.80999994277954,0.0,24.0,6.0,289.0,754.0,1896.0,2016-05-06,334.0,367.0,1.0,,,,373.0,24.0,12159.0,24.0,367.0,1.0,1896.6141029596329,24.0,12159.0,8.44375,1440.0,373.0,0.2590277777777778,1440.0,24272.0,16.855555555555554,1440.0,1896.6141029596333,1.317093127055301,1440.0,,,,,12159.0,1897.0,24.0
1503960366,11992.0,7.71000003814697,7.71000003814697,0.0,2.46000003814697,2.11999988555908,3.13000011444092,0.0,37.0,46.0,175.0,833.0,1821.0,2016-05-07,331.0,349.0,1.0,,,,378.0,24.0,11992.0,24.0,349.0,1.0,1821.521563410759,24.0,11992.0,8.327777777777778,1440.0,378.0,0.2625,1440.0,23311.0,16.188194444444445,1440.0,1821.5215634107594,1.2649455301463608,1440.0,,,,,11992.0,1819.0,24.0
1503960366,10060.0,6.57999992370605,6.57999992370605,0.0,3.52999997138977,0.319999992847443,2.73000001907349,0.0,44.0,8.0,203.0,574.0,1740.0,2016-05-08,594.0,611.0,1.0,,,,351.0,24.0,10060.0,24.0,611.0,1.0,1740.5685304403305,24.0,10060.0,6.986111111111111,1440.0,351.0,0.24375,1440.0,22275.0,15.46875,1440.0,1740.5685304403307,1.2087281461391186,1440.0,,,,,10060.0,1740.0,24.0
1503960366,12022.0,7.71999979019165,7.71999979019165,0.0,3.45000004768372,0.529999971389771,3.74000000953674,0.0,46.0,11.0,206.0,835.0,1819.0,2016-05-09,338.0,342.0,1.0,,,,366.0,24.0,12022.0,24.0,342.0,1.0,1819.8024897575378,24.0,12022.0,8.348611111111111,1440.0,366.0,0.25416666666666665,1440.0,23289.0,16.172916666666666,1440.0,1819.8024897575383,1.2637517289982905,1440.0,,,,,12022.0,1820.0,24.0
1503960366,12207.0,7.76999998092651,7.76999998092651,0.0,3.34999990463257,1.1599999666214,3.25999999046326,0.0,46.0,31.0,214.0,746.0,1859.0,2016-05-10,383.0,403.0,1.0,,,,414.0,24.0,12207.0,24.0,403.0,1.0,1859.5757474899294,24.0,12207.0,8.477083333333333,1440.0,414.0,0.2875,1440.0,23798.0,16.52638888888889,1440.0,1859.5757474899297,1.2913720468680068,1440.0,,,,,12207.0,1861.0,24.0
1503960366,12770.0,8.13000011444092,8.13000011444092,0.0,2.55999994277954,1.00999999046326,4.55000019073486,0.0,36.0,23.0,251.0,669.0,1783.0,2016-05-11,285.0,306.0,1.0,,,,407.0,24.0,12804.0,24.0,306.0,1.0,1908.1788284778595,24.0,11890.0,9.436507936507937,1260.0,393.0,0.3119047619047619,1260.0,22053.0,17.502380952380953,1260.0,1723.2214440107348,1.3676360666751863,1260.0,,,,,11890.0,1724.0,21.0
1503960366,0.0,0.0,0.0,0.0,0.0,0.0,0.0,0.0,0.0,0.0,0.0,1440.0,0.0,2016-05-12,,,,,,,170.0,23.0,6787.0,23.0,,,1405.7386322021487,23.0,,,,,,,,,,,,,,,,,,,
1624580081,8163.0,5.30999994277954,5.30999994277954,0.0,0.0,0.0,5.30999994277954,0.0,0.0,0.0,146.0,1294.0,1432.0,2016-04-12,,,,,,,,,,,,,,,8163.0,5.66875,1440.0,146.0,0.10138888888888889,1440.0,17234.0,11.968055555555555,1440.0,1432.1453657150264,0.9945453928576572,1440.0,,,,,8163.0,1433.0,24.0
1624580081,7007.0,4.55000019073486,4.55000019073486,0.0,0.0,0.0,4.55000019073486,0.0,0.0,0.0,148.0,1292.0,1411.0,2016-04-13,,,,,,,148.0,24.0,7007.0,24.0,,,1411.868964910507,24.0,7007.0,4.865972222222222,1440.0,148.0,0.10277777777777777,1440.0,16990.0,11.79861111111111,1440.0,1411.8689649105067,0.9804645589656297,1440.0,,,,,7007.0,1412.0,24.0
1624580081,9107.0,5.92000007629395,5.92000007629395,0.0,0.0,0.0,5.90999984741211,0.0099999997764825,0.0,0.0,236.0,1204.0,1572.0,2016-04-14,,,,,,,236.0,24.0,9107.0,24.0,,,1572.0857732295988,24.0,9107.0,6.324305555555555,1440.0,236.0,0.1638888888888889,1440.0,18918.0,13.1375,1440.0,1572.0857732295985,1.0917262314094434,1440.0,,,,,9107.0,1575.0,24.0
1624580081,1510.0,0.980000019073486,0.980000019073486,0.0,0.0,0.0,0.970000028610229,0.0,0.0,0.0,96.0,1344.0,1344.0,2016-04-15,,,,,,,96.0,24.0,1490.0,24.0,,,1344.059361696243,24.0,1490.0,1.0347222222222223,1440.0,96.0,0.06666666666666667,1440.0,16174.0,11.231944444444444,1440.0,1344.0593616962428,0.933374556733502,1440.0,,,,,1490.0,1346.0,24.0
1624580081,5370.0,3.49000000953674,3.49000000953674,0.0,0.0,0.0,3.49000000953674,0.0,0.0,0.0,176.0,1264.0,1463.0,2016-04-16,,,,,,,176.0,24.0,5370.0,24.0,,,1463.723366498947,24.0,5370.0,3.7291666666666665,1440.0,176.0,0.12222222222222222,1440.0,17614.0,12.231944444444444,1440.0,1463.7233664989467,1.016474560068713,1440.0,,,,,5370.0,1466.0,24.0
1624580081,6175.0,4.05999994277954,4.05999994277954,0.0,1.02999997138977,1.51999998092651,1.49000000953674,0.0099999997764825,15.0,22.0,127.0,1276.0,1554.0,2016-04-17,,,,,,,216.0,24.0,6150.0,24.0,,,1554.4685666561124,24.0,6150.0,4.270833333333333,1440.0,216.0,0.15,1440.0,18706.0,12.990277777777777,1440.0,1554.4685666561122,1.0794920601778557,1440.0,,,,,6150.0,1555.0,24.0
1624580081,10536.0,7.40999984741211,7.40999984741211,0.0,2.15000009536743,0.620000004768372,4.61999988555908,0.0099999997764825,17.0,7.0,202.0,1214.0,1604.0,2016-04-18,,,,,,,267.0,24.0,10536.0,24.0,,,1604.4947700500486,24.0,10536.0,7.316666666666666,1440.0,267.0,0.18541666666666667,1440.0,19308.0,13.408333333333333,1440.0,1604.4947700500484,1.1142324792014224,1440.0,,,,,10536.0,1604.0,24.0
1624580081,2916.0,1.89999997615814,1.89999997615814,0.0,0.0,0.0,1.89999997615814,0.0,0.0,0.0,141.0,1299.0,1435.0,2016-04-19,,,,,,,141.0,24.0,2916.0,24.0,,,1435.4693642854688,24.0,2916.0,2.025,1440.0,141.0,0.09791666666666667,1440.0,17274.0,11.995833333333334,1440.0,1435.4693642854686,0.9968537251982421,1440.0,,,,,2916.0,1438.0,24.0
1624580081,4974.0,3.23000001907349,3.23000001907349,0.0,0.0,0.0,3.23000001907349,0.0,0.0,0.0,151.0,1289.0,1446.0,2016-04-20,,,,,,,151.0,24.0,4974.0,24.0,,,1446.10616338253,24.0,4974.0,3.4541666666666666,1440.0,151.0,0.10486111111111111,1440.0,17402.0,12.084722222222222,1440.0,1446.1061633825298,1.004240391237868,1440.0,,,,,4974.0,1448.0,24.0
1624580081,6349.0,4.13000011444092,4.13000011444092,0.0,0.0,0.0,4.1100001335144,0.0199999995529652,0.0,0.0,186.0,1254.0,1467.0,2016-04-21,,,,,,,186.0,24.0,6349.0,24.0,,,1466.7149659395216,24.0,6349.0,4.409027777777778,1440.0,186.0,0.12916666666666668,1440.0,17650.0,12.256944444444445,1440.0,1466.7149659395213,1.018552059680223,1440.0,,,,,6349.0,1468.0,24.0
1624580081,4026.0,2.61999988555908,2.61999988555908,0.0,0.0,0.0,2.59999990463257,0.0,0.0,0.0,199.0,1241.0,1470.0,2016-04-22,,,,,,,199.0,24.0,4002.0,24.0,,,1470.869964957237,24.0,4002.0,2.779166666666667,1440.0,199.0,0.13819444444444445,1440.0,17700.0,12.291666666666666,1440.0,1470.8699649572368,1.0214374756647477,1440.0,,,,,4002.0,1471.0,24.0
1624580081,8538.0,5.55000019073486,5.55000019073486,0.0,0.0,0.0,5.53999996185303,0.0099999997764825,0.0,0.0,227.0,1213.0,1562.0,2016-04-23,,,,,,,227.0,24.0,8538.0,24.0,,,1562.9447706937788,24.0,8538.0,5.929166666666666,1440.0,227.0,0.15763888888888888,1440.0,18808.0,13.061111111111112,1440.0,1562.9447706937785,1.0853783129817907,1440.0,,,,,8538.0,1561.0,24.0
1624580081,6076.0,3.95000004768372,3.95000004768372,0.0,1.14999997615814,0.910000026226044,1.88999998569489,0.0,16.0,18.0,185.0,1221.0,1617.0,2016-04-24,,,,,,,269.0,24.0,6076.0,24.0,,,1617.1259678602216,24.0,6076.0,4.219444444444444,1440.0,269.0,0.18680555555555556,1440.0,19460.0,13.51388888888889,1440.0,1617.1259678602214,1.123004144347376,1440.0,,,,,6076.0,1618.0,24.0
1624580081,6497.0,4.21999979019165,4.21999979019165,0.0,0.0,0.0,4.19999980926514,0.0199999995529652,0.0,0.0,202.0,1238.0,1492.0,2016-04-25,,,,,,,202.0,24.0,6487.0,24.0,,,1492.4759669303892,24.0,6487.0,4.504861111111111,1440.0,202.0,0.14027777777777778,1440.0,17960.0,12.472222222222221,1440.0,1492.475966930389,1.036441643701659,1440.0,,,,,6487.0,1493.0,24.0
1624580081,2826.0,1.8400000333786,1.8400000333786,0.0,0.0,0.0,1.83000004291534,0.0099999997764825,0.0,0.0,140.0,1300.0,1402.0,2016-04-26,,,,,,,140.0,24.0,2826.0,24.0,,,1402.2293632030485,24.0,2826.0,1.9625,1440.0,140.0,0.09722222222222222,1440.0,16874.0,11.718055555555555,1440.0,1402.2293632030483,0.9737703911132279,1440.0,,,,,2826.0,1402.0,24.0
1624580081,8367.0,5.44000005722046,5.44000005722046,0.0,1.11000001430511,1.87000000476837,2.46000003814697,0.0,17.0,36.0,154.0,1233.0,1670.0,2016-04-27,,,,,,,277.0,24.0,8367.0,24.0,,,1670.1437696218488,24.0,8367.0,5.810416666666667,1440.0,277.0,0.19236111111111112,1440.0,20098.0,13.956944444444444,1440.0,1670.1437696218486,1.159822062237395,1440.0,,,,,8367.0,1672.0,24.0
1624580081,2759.0,1.78999996185303,1.78999996185303,0.0,0.0,0.200000002980232,1.60000002384186,0.0,0.0,5.0,115.0,1320.0,1401.0,2016-04-28,,,,,,,125.0,24.0,2759.0,24.0,,,1401.8969624042509,24.0,2759.0,1.9159722222222222,1440.0,125.0,0.08680555555555555,1440.0,16870.0,11.715277777777779,1440.0,1401.8969624042509,0.9735395572251743,1440.0,,,,,2759.0,1404.0,24.0
1624580081,2390.0,1.54999995231628,1.54999995231628,0.0,0.0,0.0,1.54999995231628,0.0,0.0,0.0,150.0,1290.0,1404.0,2016-04-29,,,,,,,150.0,24.0,2390.0,24.0,,,1404.3899624347684,24.0,2390.0,1.6597222222222223,1440.0,150.0,0.10416666666666667,1440.0,16900.0,11.73611111111111,1440.0,1404.3899624347682,0.9752708072463668,1440.0,,,,,2390.0,1406.0,24.0
1624580081,6474.0,4.30000019073486,4.30000019073486,0.0,0.899999976158142,1.27999997138977,2.11999988555908,0.0099999997764825,11.0,23.0,224.0,1182.0,1655.0,2016-04-30,,,,,,,303.0,24.0,6474.0,24.0,,,1655.5181689262388,24.0,6474.0,4.495833333333334,1440.0,303.0,0.21041666666666667,1440.0,19922.0,13.834722222222222,1440.0,1655.5181689262383,1.1496653950876654,1440.0,,,,,6474.0,1656.0,24.0
1624580081,36019.0,28.0300006866455,28.0300006866455,0.0,21.9200000762939,4.19000005722046,1.9099999666214,0.0199999995529652,186.0,63.0,171.0,1020.0,2690.0,2016-05-01,,,,,,,855.0,24.0,36019.0,24.0,,,2690.7779762744904,24.0,36019.0,25.013194444444444,1440.0,855.0,0.59375,1440.0,32380.0,22.48611111111111,1440.0,2690.77797627449,1.8685958168572847,1440.0,,,,,36019.0,2692.0,24.0
1624580081,7155.0,4.92999982833862,4.92999982833862,0.0,0.860000014305115,0.589999973773956,3.47000002861023,0.0,7.0,6.0,166.0,1261.0,1497.0,2016-05-02,,,,,,,199.0,24.0,7155.0,24.0,,,1497.1295648813245,24.0,7155.0,4.96875,1440.0,199.0,0.13819444444444445,1440.0,18016.0,12.511111111111111,1440.0,1497.1295648813243,1.039673308945364,1440.0,,,,,7155.0,1497.0,24.0
1624580081,2100.0,1.37000000476837,1.37000000476837,0.0,0.0,0.0,1.3400000333786,0.0199999995529652,0.0,0.0,96.0,1344.0,1334.0,2016-05-03,,,,,,,96.0,24.0,2100.0,24.0,,,1334.2535610198972,24.0,2100.0,1.4583333333333333,1440.0,96.0,0.06666666666666667,1440.0,16056.0,11.15,1440.0,1334.253561019897,0.926564972930484,1440.0,,,,,2100.0,1334.0,24.0
1624580081,2193.0,1.42999994754791,1.42999994754791,0.0,0.0,0.0,1.41999995708466,0.0,0.0,0.0,118.0,1322.0,1368.0,2016-05-04,,,,,,,118.0,24.0,2193.0,24.0,,,1368.8231620788572,24.0,2193.0,1.5229166666666667,1440.0,118.0,0.08194444444444444,1440.0,16472.0,11.438888888888888,1440.0,1368.823162078857,0.9505716403325396,1440.0,,,,,2193.0,1372.0,24.0
1624580081,2470.0,1.61000001430511,1.61000001430511,0.0,0.0,0.0,1.58000004291534,0.0199999995529652,0.0,0.0,117.0,1323.0,1370.0,2016-05-05,,,,,,,117.0,24.0,2470.0,24.0,,,1370.8175617456434,24.0,2470.0,1.7152777777777777,1440.0,117.0,0.08125,1440.0,16496.0,11.455555555555556,1440.0,1370.8175617456432,0.9519566401011411,1440.0,,,,,2470.0,1372.0,24.0
1624580081,1727.0,1.12000000476837,1.12000000476837,0.0,0.0,0.0,1.12000000476837,0.0099999997764825,0.0,0.0,102.0,1338.0,1341.0,2016-05-06,,,,,,,102.0,24.0,1727.0,24.0,,,1341.233961343765,24.0,1727.0,1.1993055555555556,1440.0,102.0,0.07083333333333333,1440.0,16140.0,11.208333333333334,1440.0,1341.2339613437648,0.9314124731553922,1440.0,,,,,1727.0,1341.0,24.0
1624580081,2104.0,1.37000000476837,1.37000000476837,0.0,0.0,0.0,1.37000000476837,0.0,0.0,0.0,182.0,1258.0,1474.0,2016-05-07,,,,,,,182.0,24.0,2104.0,24.0,,,1474.0277647972105,24.0,2104.0,1.461111111111111,1440.0,182.0,0.12638888888888888,1440.0,17738.0,12.318055555555556,1440.0,1474.0277647972102,1.023630392220285,1440.0,,,,,2104.0,1474.0,24.0
1624580081,3427.0,2.23000001907349,2.23000001907349,0.0,0.0,0.0,2.22000002861023,0.0,0.0,0.0,152.0,1288.0,1427.0,2016-05-08,,,,,,,152.0,24.0,3427.0,24.0,,,1427.3255646228788,24.0,3427.0,2.379861111111111,1440.0,152.0,0.10555555555555556,1440.0,17176.0,11.927777777777777,1440.0,1427.3255646228786,0.9911983087658879,1440.0,,,,,3427.0,1426.0,24.0
1624580081,1732.0,1.12999999523163,1.12999999523163,0.0,0.0,0.0,1.12999999523163,0.0,0.0,0.0,91.0,1349.0,1328.0,2016-05-09,,,,,,,91.0,24.0,1732.0,24.0,,,1328.6027604341505,24.0,1732.0,1.2027777777777777,1440.0,91.0,0.06319444444444444,1440.0,15988.0,11.102777777777778,1440.0,1328.6027604341502,0.9226408058570488,1440.0,,,,,1732.0,1329.0,24.0
1624580081,2969.0,1.92999994754791,1.92999994754791,0.0,0.0,0.0,1.91999995708466,0.0099999997764825,0.0,0.0,139.0,1301.0,1393.0,2016-05-10,,,,,,,139.0,24.0,2969.0,24.0,,,1393.254564642906,24.0,2969.0,2.0618055555555554,1440.0,139.0,0.09652777777777778,1440.0,16766.0,11.643055555555556,1440.0,1393.2545646429057,0.967537892113129,1440.0,,,,,2969.0,1393.0,24.0
1624580081,3134.0,2.03999996185303,2.03999996185303,0.0,0.0,0.0,2.03999996185303,0.0,0.0,0.0,112.0,1328.0,1359.0,2016-05-11,,,,,,,112.0,24.0,3134.0,24.0,,,1359.017362117767,24.0,3134.0,2.176388888888889,1440.0,112.0,0.07777777777777778,1440.0,16354.0,11.356944444444444,1440.0,1359.0173621177669,0.943762057026227,1440.0,,,,,3134.0,1363.0,24.0
1624580081,2971.0,1.92999994754791,1.92999994754791,0.0,0.0,0.0,1.91999995708466,0.0099999997764825,0.0,0.0,107.0,890.0,1002.0,2016-05-12,,,,,,,204.0,24.0,7008.0,24.0,,,1527.3779656887052,24.0,2739.0,2.853125,960.0,99.0,0.103125,960.0,11528.0,12.008333333333333,960.0,957.9767762422559,0.9978924752523499,960.0,,,,,2739.0,959.0,16.0
1624580081,,,,,,,,,,,,,,2016-05-13,,,,,,,7.0,9.0,20.0,9.0,,,458.87818419933313,9.0,,,,,,,,,,,,,,,,,,,
1644430081,10694.0,7.76999998092651,7.76999998092651,0.0,0.140000000596046,2.29999995231628,5.32999992370605,0.0,2.0,51.0,256.0,1131.0,3199.0,2016-04-12,,,,,,,,,,,,,,,10694.0,7.426388888888889,1440.0,364.0,0.25277777777777777,1440.0,22768.0,15.811111111111112,1440.0,3199.5870572328586,2.2219354564117073,1440.0,,,,,10694.0,3200.0,24.0
1644430081,8001.0,5.82000017166138,5.82000017166138,0.0,2.27999997138977,0.899999976158142,2.64000010490417,0.0,30.0,16.0,135.0,1259.0,2902.0,2016-04-13,,,,,,,257.0,24.0,8001.0,24.0,,,2902.7876976728453,24.0,8001.0,5.55625,1440.0,257.0,0.17847222222222223,1440.0,20656.0,14.344444444444445,1440.0,2902.7876976728458,2.0158247900505875,1440.0,,,,,8001.0,2899.0,24.0
1644430081,11037.0,8.02000045776367,8.02000045776367,0.0,0.360000014305115,2.55999994277954,5.09999990463257,0.0,5.0,58.0,252.0,1125.0,3226.0,2016-04-14,,,,,,,383.0,24.0,11037.0,24.0,,,3226.5688172578825,24.0,11037.0,7.664583333333334,1440.0,383.0,0.2659722222222222,1440.0,22960.0,15.944444444444445,1440.0,3226.568817257883,2.2406727897624186,1440.0,,,,,11037.0,3224.0,24.0
1644430081,5263.0,3.82999992370605,3.82999992370605,0.0,0.219999998807907,0.150000005960464,3.45000004768372,0.0,3.0,4.0,170.0,1263.0,2750.0,2016-04-15,,,,,,,187.0,24.0,5263.0,24.0,,,2750.45317566395,24.0,5263.0,3.654861111111111,1440.0,187.0,0.12986111111111112,1440.0,19572.0,13.591666666666667,1440.0,2750.4531756639503,1.91003692754441,1440.0,,,,,5263.0,2748.0,24.0
1644430081,15300.0,11.1199998855591,11.1199998855591,0.0,4.09999990463257,1.87999999523163,5.09000015258789,0.0,51.0,42.0,212.0,1135.0,3493.0,2016-04-16,,,,,,,449.0,24.0,15223.0,24.0,,,3493.5758222341547,24.0,15223.0,10.571527777777778,1440.0,449.0,0.31180555555555556,1440.0,24860.0,17.26388888888889,1440.0,3493.5758222341556,2.4260943209959414,1440.0,,,,,15223.0,3489.0,24.0
1644430081,8757.0,6.36999988555908,6.36999988555908,0.0,2.25,0.569999992847443,3.54999995231628,0.0,29.0,13.0,186.0,1212.0,3011.0,2016-04-17,,,,,,,299.0,24.0,8757.0,24.0,,,3010.995795726777,24.0,8757.0,6.08125,1440.0,299.0,0.2076388888888889,1440.0,21426.0,14.879166666666666,1440.0,3010.995795726778,2.0909693025880403,1440.0,,,,,8757.0,3007.0,24.0
1644430081,7132.0,5.19000005722046,5.19000005722046,0.0,1.07000005245209,1.66999995708466,2.45000004768372,0.0,15.0,33.0,121.0,1271.0,2806.0,2016-04-18,,,,,,,232.0,24.0,7132.0,24.0,,,2806.665176510812,24.0,7132.0,4.9527777777777775,1440.0,232.0,0.16111111111111112,1440.0,19972.0,13.869444444444444,1440.0,2806.6651765108127,1.94907303924362,1440.0,,,,,7132.0,2804.0,24.0
1644430081,11256.0,8.18000030517578,8.18000030517578,0.0,0.360000014305115,2.52999997138977,5.30000019073486,0.0,5.0,58.0,278.0,1099.0,3300.0,2016-04-19,,,,,,,385.0,24.0,11231.0,24.0,,,3254.3937538862237,24.0,11231.0,7.799305555555556,1440.0,385.0,0.2673611111111111,1440.0,23158.0,16.081944444444446,1440.0,3254.3937538862247,2.259995662420989,1440.0,,,,,11231.0,3253.0,24.0
1644430081,2436.0,1.76999998092651,1.76999998092651,0.0,0.0,0.0,1.75999999046326,0.0099999997764825,0.0,0.0,125.0,1315.0,2430.0,2016-04-20,,,,,,,125.0,24.0,2436.0,24.0,,,2430.3258444070825,24.0,2436.0,1.6916666666666667,1440.0,125.0,0.08680555555555555,1440.0,17294.0,12.009722222222223,1440.0,2430.325844407083,1.687726280838252,1440.0,,,,,2436.0,2430.0,24.0
1644430081,1223.0,0.889999985694885,0.889999985694885,0.0,0.0,0.0,0.879999995231628,0.0099999997764825,0.0,0.0,38.0,1402.0,2140.0,2016-04-21,,,,,,,38.0,24.0,1223.0,24.0,,,2140.5529892444615,24.0,1223.0,0.8493055555555555,1440.0,38.0,0.02638888888888889,1440.0,15232.0,10.577777777777778,1440.0,2140.5529892444615,1.486495131419765,1440.0,,,,,1223.0,2135.0,24.0
1644430081,3673.0,2.67000007629395,2.67000007629395,0.0,0.0,0.0,2.66000008583069,0.0099999997764825,0.0,0.0,86.0,1354.0,2344.0,2016-04-22,,,,,,,86.0,24.0,3673.0,24.0,,,2344.321488380432,24.0,3673.0,2.5506944444444444,1440.0,86.0,0.059722222222222225,1440.0,16682.0,11.584722222222222,1440.0,2344.3214883804326,1.6280010335975226,1440.0,,,,,3673.0,2341.0,24.0
1644430081,6637.0,4.82999992370605,4.82999992370605,0.0,0.0,0.579999983310699,4.25,0.0,0.0,15.0,160.0,1265.0,2677.0,2016-04-23,,,,,,,190.0,24.0,6637.0,24.0,,,2677.377585291863,24.0,6637.0,4.6090277777777775,1440.0,190.0,0.13194444444444445,1440.0,19052.0,13.230555555555556,1440.0,2677.377585291863,1.859289989786016,1440.0,,,,,6637.0,2672.0,24.0
1644430081,3321.0,2.41000008583069,2.41000008583069,0.0,0.0,0.0,2.41000008583069,0.0,0.0,0.0,89.0,1351.0,2413.0,2016-04-24,,,,,,,89.0,24.0,3321.0,24.0,,,2413.7433043718347,24.0,3321.0,2.30625,1440.0,89.0,0.06180555555555556,1440.0,17176.0,11.927777777777777,1440.0,2413.743304371835,1.6762106280359967,1440.0,,,,,3321.0,2410.0,24.0
1644430081,3580.0,2.59999990463257,2.59999990463257,0.0,0.589999973773956,0.0599999986588955,1.95000004768372,0.0,8.0,1.0,94.0,1337.0,2497.0,2016-04-25,,,,,,,120.0,24.0,3580.0,24.0,,,2497.49918305874,24.0,3580.0,2.486111111111111,1440.0,120.0,0.08333333333333333,1440.0,17772.0,12.341666666666667,1440.0,2497.4991830587405,1.7343744326796808,1440.0,,,,,3580.0,2493.0,24.0
1644430081,9919.0,7.21000003814697,7.21000003814697,0.0,0.800000011920929,1.72000002861023,4.69000005722046,0.0,11.0,41.0,223.0,1165.0,3123.0,2016-04-26,,,,,,,338.0,24.0,9919.0,24.0,,,3123.138736844064,24.0,9919.0,6.888194444444444,1440.0,338.0,0.23472222222222222,1440.0,22224.0,15.433333333333334,1440.0,3123.1387368440646,2.1688463450306004,1440.0,,,,,9919.0,3118.0,24.0
1644430081,3032.0,2.20000004768372,2.20000004768372,0.0,0.0,0.0,2.20000004768372,0.0,0.0,0.0,118.0,1322.0,2489.0,2016-04-27,,,,,,,118.0,24.0,3032.0,24.0,,,2489.629498958589,24.0,3032.0,2.1055555555555556,1440.0,118.0,0.08194444444444444,1440.0,17716.0,12.302777777777777,1440.0,2489.6294989585895,1.7289093742767982,1440.0,,,,,3032.0,2488.0,24.0
1644430081,9405.0,6.84000015258789,6.84000015258789,0.0,0.200000002980232,2.3199999332428,4.30999994277954,0.0,3.0,53.0,227.0,1157.0,3108.0,2016-04-28,,,,,,,342.0,24.0,9405.0,24.0,,,3108.8046721220026,24.0,9405.0,6.53125,1440.0,342.0,0.2375,1440.0,22122.0,15.3625,1440.0,3108.8046721220035,2.1588921334180577,1440.0,,,,,9405.0,3106.0,24.0
1644430081,3176.0,2.30999994277954,2.30999994277954,0.0,0.0,0.0,2.30999994277954,0.0,0.0,0.0,120.0,1193.0,2498.0,2016-04-29,119.0,127.0,1.0,,,,120.0,24.0,3176.0,24.0,127.0,1.0,2498.061300992967,24.0,3176.0,2.2055555555555557,1440.0,120.0,0.08333333333333333,1440.0,17776.0,12.344444444444445,1440.0,2498.0613009929675,1.7347647923562275,1440.0,,,,,3176.0,2495.0,24.0
1644430081,18213.0,13.2399997711182,13.2399997711182,0.0,0.629999995231628,3.14000010490417,9.46000003814697,0.0,9.0,71.0,402.0,816.0,3846.0,2016-04-30,124.0,142.0,1.0,,,,571.0,24.0,18213.0,24.0,142.0,1.0,3846.306118726731,24.0,18213.0,12.647916666666667,1440.0,571.0,0.39652777777777776,1440.0,27370.0,19.006944444444443,1440.0,3846.3061187267317,2.6710459157824524,1440.0,,,,,18213.0,3843.0,24.0
1644430081,6132.0,4.46000003814697,4.46000003814697,0.0,0.239999994635582,0.990000009536743,3.23000001907349,0.0,3.0,24.0,146.0,908.0,2696.0,2016-05-01,,,,,,,203.0,24.0,6132.0,24.0,359.0,1.0,2696.2086025476465,24.0,6132.0,4.258333333333334,1440.0,203.0,0.14097222222222222,1440.0,19186.0,13.323611111111111,1440.0,2696.208602547647,1.8723670851025327,1440.0,,,,,6132.0,2690.0,24.0
1644430081,3758.0,2.73000001907349,2.73000001907349,0.0,0.0700000002980232,0.310000002384186,2.34999990463257,0.0,1.0,7.0,148.0,682.0,2580.0,2016-05-02,796.0,961.0,1.0,,,,142.0,24.0,3728.0,24.0,602.0,1.0,2536.2854627370843,24.0,3728.0,2.588888888888889,1440.0,142.0,0.09861111111111111,1440.0,18048.0,12.533333333333333,1440.0,2536.285462737085,1.7613093491229757,1440.0,,,,,3728.0,2533.0,24.0
1644430081,12850.0,9.34000015258789,9.34000015258789,0.0,0.720000028610229,4.09000015258789,4.53999996185303,0.0,10.0,94.0,221.0,1115.0,3324.0,2016-05-03,,,,,,,436.0,24.0,12789.0,24.0,,,3321.004976272584,24.0,12789.0,8.88125,1440.0,436.0,0.30277777777777776,1440.0,23632.0,16.41111111111111,1440.0,3321.004976272585,2.3062534557448506,1440.0,,,,,12789.0,3320.0,24.0
1644430081,2309.0,1.67999994754791,1.67999994754791,0.0,0.0,0.0,1.6599999666214,0.0199999995529652,0.0,0.0,52.0,1388.0,2222.0,2016-05-04,,,,,,,52.0,24.0,2309.0,24.0,,,2222.903569936753,24.0,2309.0,1.6034722222222222,1440.0,52.0,0.03611111111111111,1440.0,15818.0,10.984722222222222,1440.0,2222.903569936753,1.5436830346783006,1440.0,,,,,2309.0,2219.0,24.0
1644430081,4363.0,3.19000005722046,3.19000005722046,0.0,0.519999980926514,0.540000021457672,2.13000011444092,0.0099999997764825,6.0,12.0,81.0,1341.0,2463.0,2016-05-05,,,,,,,123.0,24.0,4363.0,24.0,,,2463.9125145673756,24.0,4363.0,3.029861111111111,1440.0,123.0,0.08541666666666667,1440.0,17533.0,12.175694444444444,1440.0,2463.912514567376,1.7110503573384557,1440.0,,,,,4363.0,2459.0,24.0
1644430081,9787.0,7.11999988555908,7.11999988555908,0.0,0.819999992847443,0.270000010728836,6.01000022888184,0.0199999995529652,11.0,6.0,369.0,1054.0,3328.0,2016-05-06,,,,,,,424.0,24.0,9758.0,24.0,,,3384.2434737682356,24.0,9758.0,6.776388888888889,1440.0,424.0,0.29444444444444445,1440.0,24082.0,16.72361111111111,1440.0,3384.2434737682365,2.35016907900572,1440.0,,,,,9758.0,3382.0,24.0
1644430081,13372.0,9.72000026702881,9.72000026702881,0.0,3.25999999046326,0.790000021457672,5.67000007629395,0.0099999997764825,41.0,17.0,243.0,1139.0,3404.0,2016-05-07,,,,,,,400.0,24.0,13372.0,24.0,,,3404.058206558229,24.0,13372.0,9.286111111111111,1440.0,400.0,0.2777777777777778,1440.0,24223.0,16.821527777777778,1440.0,3404.0582065582294,2.3639293101098815,1440.0,,,,,13372.0,3402.0,24.0
1644430081,6724.0,4.8899998664856,4.8899998664856,0.0,0.0,0.0,4.88000011444092,0.0,0.0,0.0,295.0,991.0,2987.0,2016-05-08,137.0,154.0,1.0,,,,295.0,24.0,6724.0,24.0,154.0,1.0,2987.948878586293,24.0,6724.0,4.669444444444444,1440.0,295.0,0.2048611111111111,1440.0,21262.0,14.765277777777778,1440.0,2987.948878586294,2.0749644990182596,1440.0,,,,,6724.0,2987.0,24.0
1644430081,6643.0,4.82999992370605,4.82999992370605,0.0,2.39000010490417,0.349999994039536,2.08999991416931,0.0099999997764825,32.0,6.0,303.0,1099.0,3008.0,2016-05-09,,,,,,,411.0,24.0,6643.0,24.0,,,3008.466261744499,24.0,6643.0,4.613194444444445,1440.0,411.0,0.28541666666666665,1440.0,21408.0,14.866666666666667,1440.0,3008.466261744499,2.0892126817670134,1440.0,,,,,6643.0,3004.0,24.0
1644430081,9167.0,6.65999984741211,6.65999984741211,0.0,0.879999995231628,0.810000002384186,4.96999979019165,0.0099999997764825,12.0,19.0,155.0,1254.0,2799.0,2016-05-10,,,,,,,229.0,24.0,9167.0,24.0,,,2799.919747114182,24.0,9167.0,6.365972222222222,1440.0,229.0,0.15902777777777777,1440.0,19924.0,13.83611111111111,1440.0,2799.919747114182,1.9443887132737374,1440.0,,,,,9167.0,2795.0,24.0
1644430081,1329.0,0.970000028610229,0.970000028610229,0.0,0.0,0.0,0.949999988079071,0.0099999997764825,0.0,0.0,49.0,713.0,1276.0,2016-05-11,,,,,,,40.0,12.0,989.0,12.0,,,1179.0467112064366,12.0,989.0,1.3736111111111111,720.0,40.0,0.05555555555555555,720.0,8390.0,11.652777777777779,720.0,1179.0467112064368,1.6375648766756068,720.0,,,,,989.0,1179.0,12.0
1844505072,6697.0,4.42999982833862,4.42999982833862,0.0,0.0,0.0,4.42999982833862,0.0,0.0,0.0,339.0,1101.0,2030.0,2016-04-12,,,,,,,,,,,,,,,6697.0,4.6506944444444445,1440.0,339.0,0.23541666666666666,1440.0,21704.0,15.072222222222223,1440.0,2030.8433204293258,1.4103078614092541,1440.0,,,,,6697.0,2031.0,24.0
1844505072,4929.0,3.25999999046326,3.25999999046326,0.0,0.0,0.0,3.25999999046326,0.0,0.0,0.0,248.0,1192.0,1860.0,2016-04-13,,,,,,,248.0,24.0,4929.0,24.0,,,1860.171632111073,24.0,4929.0,3.4229166666666666,1440.0,248.0,0.17222222222222222,1440.0,19880.0,13.805555555555555,1440.0,1860.1716321110732,1.2917858556326898,1440.0,,,,,4929.0,1860.0,24.0
1844505072,7937.0,5.25,5.25,0.0,0.0,0.0,5.23000001907349,0.0,0.0,0.0,373.0,843.0,2130.0,2016-04-14,,,,,,,373.0,24.0,7905.0,24.0,224.0,1.0,2130.776087522507,24.0,7905.0,5.489583333333333,1440.0,373.0,0.2590277777777778,1440.0,22772.0,15.813888888888888,1440.0,2130.7760875225076,1.4797056163350748,1440.0,,,,,7905.0,2128.0,24.0
1844505072,3844.0,2.53999996185303,2.53999996185303,0.0,0.0,0.0,2.53999996185303,0.0,0.0,0.0,176.0,527.0,1725.0,2016-04-15,644.0,961.0,1.0,,,,176.0,24.0,3844.0,24.0,737.0,1.0,1725.9922431707384,24.0,3844.0,2.6694444444444443,1440.0,176.0,0.12222222222222222,1440.0,18446.0,12.809722222222222,1440.0,1725.9922431707387,1.1986057244241242,1440.0,,,,,3844.0,1723.0,24.0
1844505072,3414.0,2.25999999046326,2.25999999046326,0.0,0.0,0.0,2.25999999046326,0.0,0.0,0.0,147.0,1293.0,1657.0,2016-04-16,,,,,,,147.0,24.0,3414.0,24.0,,,1657.6861362457278,24.0,3414.0,2.370833333333333,1440.0,147.0,0.10208333333333333,1440.0,17716.0,12.302777777777777,1440.0,1657.686136245728,1.1511709279484221,1440.0,,,,,3414.0,1656.0,24.0
1844505072,4525.0,2.99000000953674,2.99000000953674,0.0,0.140000000596046,0.259999990463257,2.58999991416931,0.0,2.0,8.0,199.0,1231.0,1793.0,2016-04-17,,,,,,,221.0,24.0,4525.0,24.0,,,1793.9240668416028,24.0,4525.0,3.142361111111111,1440.0,221.0,0.15347222222222223,1440.0,19172.0,13.313888888888888,1440.0,1793.924066841603,1.2457806019733355,1440.0,,,,,4525.0,1792.0,24.0
1844505072,4597.0,3.03999996185303,3.03999996185303,0.0,0.0,0.479999989271164,2.55999994277954,0.0,0.0,12.0,217.0,1211.0,1814.0,2016-04-18,,,,,,,241.0,24.0,4597.0,24.0,,,1813.7609074115758,24.0,4597.0,3.192361111111111,1440.0,241.0,0.1673611111111111,1440.0,19384.0,13.46111111111111,1440.0,1813.7609074115758,1.259556185702483,1440.0,,,,,4597.0,1814.0,24.0
1844505072,197.0,0.129999995231628,0.129999995231628,0.0,0.0,0.0,0.129999995231628,0.0,0.0,0.0,10.0,1430.0,1366.0,2016-04-19,,,,,,,10.0,24.0,197.0,24.0,,,1366.496280014515,24.0,197.0,0.13680555555555557,1440.0,10.0,0.006944444444444444,1440.0,14604.0,10.141666666666667,1440.0,1366.496280014515,0.9489557500100798,1440.0,,,,,197.0,1364.0,24.0
1844505072,8.0,0.0099999997764825,0.0099999997764825,0.0,0.0,0.0,0.0099999997764825,0.0,0.0,0.0,1.0,1439.0,1349.0,2016-04-20,,,,,,,1.0,24.0,8.0,24.0,,,1349.4665392637253,24.0,8.0,0.005555555555555556,1440.0,1.0,0.0006944444444444445,1440.0,14422.0,10.015277777777778,1440.0,1349.4665392637253,0.9371295411553647,1440.0,,,,,8.0,1346.0,24.0
1844505072,8054.0,5.32000017166138,5.32000017166138,0.0,0.119999997317791,0.519999980926514,4.67999982833862,0.0,2.0,13.0,308.0,1117.0,2062.0,2016-04-21,,,,,,,340.0,24.0,8054.0,24.0,,,2062.8442612290387,24.0,8054.0,5.593055555555556,1440.0,340.0,0.2361111111111111,1440.0,22046.0,15.309722222222222,1440.0,2062.844261229039,1.4325307369646105,1440.0,,,,,8054.0,2063.0,24.0
1844505072,5372.0,3.54999995231628,3.54999995231628,0.0,0.0,0.0,3.54999995231628,0.0,0.0,0.0,220.0,1220.0,1827.0,2016-04-22,,,,,,,220.0,24.0,5372.0,24.0,,,1827.9835464358332,24.0,5372.0,3.7305555555555556,1440.0,220.0,0.1527777777777778,1440.0,19536.0,13.566666666666666,1440.0,1827.9835464358334,1.2694330183582176,1440.0,,,,,5372.0,1828.0,24.0
1844505072,3570.0,2.35999989509583,2.35999989509583,0.0,0.0,0.0,2.35999989509583,0.0,0.0,0.0,139.0,1301.0,1645.0,2016-04-23,,,,,,,139.0,24.0,3570.0,24.0,,,1645.1477532386782,24.0,3570.0,2.4791666666666665,1440.0,139.0,0.09652777777777778,1440.0,17582.0,12.209722222222222,1440.0,1645.1477532386782,1.14246371752686,1440.0,,,,,3570.0,1643.0,24.0
1844505072,0.0,0.0,0.0,0.0,0.0,0.0,0.0,0.0,0.0,0.0,0.0,1440.0,1347.0,2016-04-24,,,,,,,0.0,24.0,0.0,24.0,,,1347.4079990386963,24.0,0.0,0.0,1440.0,0.0,0.0,1440.0,14400.0,10.0,1440.0,1347.4079990386963,0.935699999332428,1440.0,,,,,0.0,1344.0,24.0
1844505072,0.0,0.0,0.0,0.0,0.0,0.0,0.0,0.0,0.0,0.0,0.0,1440.0,1347.0,2016-04-25,,,,,,,0.0,24.0,0.0,24.0,,,1347.4079990386963,24.0,0.0,0.0,1440.0,0.0,0.0,1440.0,14400.0,10.0,1440.0,1347.4079990386963,0.935699999332428,1440.0,,,,,0.0,1344.0,24.0
1844505072,0.0,0.0,0.0,0.0,0.0,0.0,0.0,0.0,0.0,0.0,0.0,1440.0,1347.0,2016-04-26,,,,,,,0.0,24.0,0.0,24.0,,,1347.4079990386963,24.0,0.0,0.0,1440.0,0.0,0.0,1440.0,14400.0,10.0,1440.0,1347.4079990386963,0.935699999332428,1440.0,,,,,0.0,1344.0,24.0
1844505072,4.0,0.0,0.0,0.0,0.0,0.0,0.0,0.0,0.0,0.0,1.0,1439.0,1348.0,2016-04-27,,,,,,,1.0,24.0,4.0,24.0,,,1348.9051191806793,24.0,4.0,0.002777777777777778,1440.0,1.0,0.0006944444444444445,1440.0,14416.0,10.011111111111111,1440.0,1348.9051191806793,0.936739666097694,1440.0,,,,,4.0,1346.0,24.0
1844505072,6907.0,4.57000017166138,4.57000017166138,0.0,0.0,0.0,4.55999994277954,0.0,0.0,0.0,302.0,1138.0,1992.0,2016-04-28,,,,,,,302.0,24.0,6899.0,24.0,,,1992.4796163439755,24.0,6899.0,4.790972222222222,1440.0,302.0,0.20972222222222223,1440.0,21294.0,14.7875,1440.0,1992.4796163439757,1.383666400238872,1440.0,,,,,6899.0,1993.0,24.0
1844505072,4920.0,3.25,3.25,0.0,0.0,0.0,3.25,0.0,0.0,0.0,247.0,1082.0,1856.0,2016-04-29,,,,,,,247.0,24.0,4920.0,24.0,111.0,1.0,1856.428831160069,24.0,4920.0,3.4166666666666665,1440.0,247.0,0.17152777777777778,1440.0,19840.0,13.777777777777779,1440.0,1856.4288311600692,1.2891866883056036,1440.0,,,,,4920.0,1855.0,24.0
1844505072,4014.0,2.67000007629395,2.67000007629395,0.0,0.0,0.0,2.65000009536743,0.0,0.0,0.0,184.0,218.0,1763.0,2016-04-30,722.0,961.0,1.0,,,,184.0,24.0,4014.0,24.0,1038.0,2.0,1763.2331088781361,24.0,4014.0,2.7875,1440.0,184.0,0.12777777777777777,1440.0,18844.0,13.08611111111111,1440.0,1763.2331088781361,1.2244674367209278,1440.0,,,,,4014.0,1763.0,24.0
1844505072,2573.0,1.70000004768372,1.70000004768372,0.0,0.0,0.259999990463257,1.45000004768372,0.0,0.0,7.0,75.0,585.0,1541.0,2016-05-01,590.0,961.0,1.0,,,,89.0,24.0,2573.0,24.0,773.0,1.0,1541.6593274474144,24.0,2573.0,1.7868055555555555,1440.0,89.0,0.06180555555555556,1440.0,16476.0,11.441666666666666,1440.0,1541.6593274474146,1.0705967551718156,1440.0,,,,,2573.0,1539.0,24.0
1844505072,0.0,0.0,0.0,0.0,0.0,0.0,0.0,0.0,0.0,0.0,0.0,1440.0,1348.0,2016-05-02,,,,,,,0.0,24.0,0.0,24.0,,,1348.156559228897,24.0,0.0,0.0,1440.0,0.0,0.0,1440.0,14408.0,10.005555555555556,1440.0,1348.156559228897,0.9362198327978452,1440.0,,,,,0.0,1345.0,24.0
1844505072,4059.0,2.6800000667572,2.6800000667572,0.0,0.0,0.0,2.6800000667572,0.0,0.0,0.0,184.0,1256.0,1742.0,2016-05-03,,,,,,,184.0,24.0,4059.0,24.0,,,1742.8348437547686,24.0,4059.0,2.81875,1440.0,184.0,0.12777777777777777,1440.0,18626.0,12.934722222222222,1440.0,1742.8348437547688,1.2103019748297006,1440.0,,,,,4059.0,1742.0,24.0
1844505072,2080.0,1.37000000476837,1.37000000476837,0.0,0.0,0.0,1.37000000476837,0.0,0.0,0.0,87.0,1353.0,1549.0,2016-05-04,,,,,,,87.0,24.0,2080.0,24.0,,,1549.7063531279564,24.0,2080.0,1.4444444444444444,1440.0,87.0,0.06041666666666667,1440.0,16562.0,11.501388888888888,1440.0,1549.7063531279566,1.07618496744997,1440.0,,,,,2080.0,1547.0,24.0
1844505072,2237.0,1.48000001907349,1.48000001907349,0.0,0.0,0.0,1.48000001907349,0.0,0.0,0.0,120.0,1320.0,1589.0,2016-05-05,,,,,,,120.0,24.0,2237.0,24.0,,,1589.9414545297625,24.0,2237.0,1.5534722222222221,1440.0,120.0,0.08333333333333333,1440.0,16992.0,11.8,1440.0,1589.9414545297625,1.104126010090113,1440.0,,,,,2237.0,1587.0,24.0
1844505072,44.0,0.0299999993294477,0.0299999993294477,0.0,0.0,0.0,0.0299999993294477,0.0,0.0,0.0,2.0,1438.0,1351.0,2016-05-06,,,,,,,2.0,24.0,44.0,24.0,,,1351.3379392027855,24.0,44.0,0.030555555555555555,1440.0,2.0,0.001388888888888889,1440.0,14442.0,10.029166666666667,1440.0,1351.3379392027855,0.9384291244463788,1440.0,,,,,44.0,1348.0,24.0
1844505072,0.0,0.0,0.0,0.0,0.0,0.0,0.0,0.0,0.0,0.0,0.0,1440.0,1347.0,2016-05-07,,,,,,,0.0,24.0,0.0,24.0,,,1347.5951390862465,24.0,0.0,0.0,1440.0,0.0,0.0,1440.0,14402.0,10.001388888888888,1440.0,1347.5951390862465,0.9358299576987823,1440.0,,,,,0.0,1344.0,24.0
1844505072,0.0,0.0,0.0,0.0,0.0,0.0,0.0,0.0,0.0,0.0,0.0,1440.0,1347.0,2016-05-08,,,,,,,0.0,24.0,0.0,24.0,,,1347.5951390862465,24.0,0.0,0.0,1440.0,0.0,0.0,1440.0,14402.0,10.001388888888888,1440.0,1347.5951390862465,0.9358299576987823,1440.0,,,,,0.0,1344.0,24.0
1844505072,0.0,0.0,0.0,0.0,0.0,0.0,0.0,0.0,0.0,0.0,0.0,1440.0,1347.0,2016-05-09,,,,,,,0.0,24.0,0.0,24.0,,,1347.4079990386963,24.0,0.0,0.0,1440.0,0.0,0.0,1440.0,14400.0,10.0,1440.0,1347.4079990386963,0.935699999332428,1440.0,,,,,0.0,1344.0,24.0
1844505072,0.0,0.0,0.0,0.0,0.0,0.0,0.0,0.0,0.0,0.0,0.0,1440.0,1347.0,2016-05-10,,,,,,,0.0,24.0,0.0,24.0,,,1347.4079990386963,24.0,0.0,0.0,1440.0,0.0,0.0,1440.0,14400.0,10.0,1440.0,1347.4079990386963,0.935699999332428,1440.0,,,,,0.0,1344.0,24.0
1844505072,0.0,0.0,0.0,0.0,0.0,0.0,0.0,0.0,0.0,0.0,0.0,1440.0,1347.0,2016-05-11,,,,,,,0.0,24.0,0.0,24.0,,,1347.4079990386963,24.0,0.0,0.0,1440.0,0.0,0.0,1440.0,14400.0,10.0,1440.0,1347.4079990386963,0.935699999332428,1440.0,,,,,0.0,1344.0,24.0
1844505072,0.0,0.0,0.0,0.0,0.0,0.0,0.0,0.0,0.0,0.0,0.0,711.0,665.0,2016-05-12,,,,,,,0.0,24.0,0.0,24.0,,,1347.4079990386963,24.0,0.0,0.0,660.0,0.0,0.0,660.0,6600.0,10.0,660.0,617.5619995594025,0.935699999332428,660.0,,,,,0.0,616.0,11.0
1844505072,,,,,,,,,,,,,,2016-05-13,,,,,,,0.0,4.0,0.0,4.0,,,224.56799983978271,4.0,,,,,,,,,,,,,,,,,,,
1927972279,,,,,,,,,,,,,,2016-04-11,,,,,,,,,,,124.0,1.0,,,,,,,,,,,,,,,,,,,,,
1927972279,678.0,0.469999998807907,0.469999998807907,0.0,0.0,0.0,0.469999998807907,0.0,0.0,0.0,55.0,734.0,2220.0,2016-04-12,750.0,775.0,3.0,,,,,,,,651.0,3.0,,,678.0,0.4708333333333333,1440.0,55.0,0.03819444444444445,1440.0,15599.0,10.832638888888889,1440.0,2193.2194148302065,1.5230690380765322,1440.0,,,,,678.0,2195.0,24.0
1927972279,356.0,0.25,0.25,0.0,0.0,0.0,0.25,0.0,0.0,0.0,32.0,986.0,2151.0,2016-04-13,398.0,422.0,1.0,133.5,47.5400009155273,1.0,32.0,24.0,356.0,24.0,422.0,1.0,2151.0558328628554,24.0,356.0,0.24722222222222223,1440.0,32.0,0.022222222222222223,1440.0,15014.0,10.426388888888889,1440.0,2151.0558328628567,1.4937887728214283,1440.0,,,,,356.0,2150.0,24.0
1927972279,2163.0,1.5,1.5,0.0,0.0,0.400000005960464,1.10000002384186,0.0,0.0,9.0,88.0,1292.0,2383.0,2016-04-14,,,,,,,106.0,24.0,2163.0,24.0,51.0,1.0,2383.009962677957,24.0,2163.0,1.5020833333333334,1440.0,106.0,0.07361111111111111,1440.0,16633.0,11.550694444444444,1440.0,2383.009962677958,1.6548680296374707,1440.0,,,,,2163.0,2382.0,24.0
1927972279,980.0,0.680000007152557,0.680000007152557,0.0,0.0,0.0,0.680000007152557,0.0,0.0,0.0,51.0,941.0,2221.0,2016-04-15,475.0,499.0,2.0,,,,51.0,24.0,980.0,24.0,448.0,2.0,2221.8312133550658,24.0,980.0,0.6805555555555556,1440.0,51.0,0.035416666666666666,1440.0,15508.0,10.769444444444444,1440.0,2221.831213355067,1.5429383426076855,1440.0,,,,,980.0,2222.0,24.0
1927972279,0.0,0.0,0.0,0.0,0.0,0.0,0.0,0.0,0.0,0.0,0.0,1440.0,2064.0,2016-04-16,,,,,,,0.0,24.0,0.0,24.0,,,2063.0880546569842,24.0,0.0,0.0,1440.0,0.0,0.0,1440.0,14400.0,10.0,1440.0,2063.0880546569856,1.43270003795624,1440.0,,,,,0.0,2064.0,24.0
1927972279,0.0,0.0,0.0,0.0,0.0,0.0,0.0,0.0,0.0,0.0,0.0,1440.0,2063.0,2016-04-17,,,,,,,0.0,24.0,0.0,24.0,,,2063.3745946884173,24.0,0.0,0.0,1440.0,0.0,0.0,1440.0,14402.0,10.001388888888888,1440.0,2063.3745946884187,1.4328990240891797,1440.0,,,,,0.0,2064.0,24.0
1927972279,244.0,0.170000001788139,0.170000001788139,0.0,0.0,0.0,0.170000001788139,0.0,0.0,0.0,17.0,1423.0,2111.0,2016-04-18,,,,,,,17.0,24.0,244.0,24.0,,,2111.2267738580717,24.0,244.0,0.16944444444444445,1440.0,17.0,0.011805555555555555,1440.0,14736.0,10.233333333333333,1440.0,2111.2267738580736,1.4661297040681067,1440.0,,,,,244.0,2112.0,24.0
1927972279,0.0,0.0,0.0,0.0,0.0,0.0,0.0,0.0,0.0,0.0,0.0,1440.0,2063.0,2016-04-19,,,,,,,0.0,24.0,0.0,24.0,,,2063.0880546569842,24.0,0.0,0.0,1440.0,0.0,0.0,1440.0,14400.0,10.0,1440.0,2063.0880546569856,1.43270003795624,1440.0,,,,,0.0,2064.0,24.0
1927972279,0.0,0.0,0.0,0.0,0.0,0.0,0.0,0.0,0.0,0.0,0.0,1440.0,2063.0,2016-04-20,,,,,,,0.0,24.0,0.0,24.0,,,2063.0880546569842,24.0,0.0,0.0,1440.0,0.0,0.0,1440.0,14400.0,10.0,1440.0,2063.0880546569856,1.43270003795624,1440.0,,,,,0.0,2064.0,24.0
1927972279,0.0,0.0,0.0,0.0,0.0,0.0,0.0,0.0,0.0,0.0,0.0,1440.0,2064.0,2016-04-21,,,,,,,0.0,24.0,0.0,24.0,,,2064.0909444093722,24.0,0.0,0.0,1440.0,0.0,0.0,1440.0,14407.0,10.004861111111111,1440.0,2064.0909444093736,1.433396489173176,1440.0,,,,,0.0,2065.0,24.0
1927972279,149.0,0.100000001490116,0.100000001490116,0.0,0.0,0.0,0.100000001490116,0.0,0.0,0.0,10.0,1430.0,2093.0,2016-04-22,,,,,,,10.0,24.0,149.0,24.0,,,2093.4612944126147,24.0,149.0,0.10347222222222222,1440.0,10.0,0.006944444444444444,1440.0,14612.0,10.147222222222222,1440.0,2093.461294412616,1.4537925655643167,1440.0,,,,,149.0,2094.0,24.0
1927972279,2945.0,2.03999996185303,2.03999996185303,0.0,0.0,0.0,2.03999996185303,0.0,0.0,0.0,145.0,1295.0,2499.0,2016-04-23,,,,,,,145.0,24.0,2945.0,24.0,,,2499.201929688455,24.0,2945.0,2.045138888888889,1440.0,145.0,0.10069444444444445,1440.0,17444.0,12.113888888888889,1440.0,2499.201929688456,1.7355568956169833,1440.0,,,,,2945.0,2500.0,24.0
1927972279,2090.0,1.45000004768372,1.45000004768372,0.0,0.0700000002980232,0.239999994635582,1.13999998569489,0.0,1.0,6.0,75.0,1358.0,2324.0,2016-04-24,,,,,,,90.0,24.0,2090.0,24.0,,,2324.8423411846175,24.0,2090.0,1.4513888888888888,1440.0,90.0,0.0625,1440.0,16227.0,11.26875,1440.0,2324.842341184619,1.6144738480448741,1440.0,,,,,2090.0,2326.0,24.0
1927972279,152.0,0.109999999403954,0.109999999403954,0.0,0.0,0.0,0.109999999403954,0.0,0.0,0.0,12.0,1303.0,2100.0,2016-04-25,,,,,,,12.0,24.0,152.0,24.0,125.0,1.0,2098.905554294588,24.0,152.0,0.10555555555555556,1440.0,12.0,0.008333333333333333,1440.0,14650.0,10.17361111111111,1440.0,2098.9055542945894,1.4575733015934649,1440.0,,,,,152.0,2100.0,24.0
1927972279,3761.0,2.59999990463257,2.59999990463257,0.0,0.0,0.0,2.59999990463257,0.0,0.0,0.0,192.0,1058.0,2638.0,2016-04-26,296.0,315.0,1.0,,,,192.0,24.0,3761.0,24.0,190.0,1.0,2638.460367679597,24.0,3761.0,2.6118055555555557,1440.0,192.0,0.13333333333333333,1440.0,18416.0,12.78888888888889,1440.0,2638.4603676795978,1.832264144221943,1440.0,,,,,3761.0,2638.0,24.0
1927972279,0.0,0.0,0.0,0.0,0.0,0.0,0.0,0.0,0.0,0.0,0.0,1440.0,2063.0,2016-04-27,,,,,,,0.0,24.0,0.0,24.0,,,2063.3745946884173,24.0,0.0,0.0,1440.0,0.0,0.0,1440.0,14402.0,10.001388888888888,1440.0,2063.3745946884187,1.4328990240891797,1440.0,,,,,0.0,2064.0,24.0
1927972279,1675.0,1.1599999666214,1.1599999666214,0.0,0.0,0.0,1.1599999666214,0.0,0.0,0.0,95.0,1167.0,2351.0,2016-04-28,166.0,178.0,1.0,,,,95.0,24.0,1675.0,24.0,178.0,1.0,2351.2040222883234,24.0,1675.0,1.1631944444444444,1440.0,95.0,0.06597222222222222,1440.0,16411.0,11.396527777777777,1440.0,2351.2040222883247,1.6327805710335588,1440.0,,,,,1675.0,2351.0,24.0
1927972279,0.0,0.0,0.0,0.0,0.0,0.0,0.0,0.0,0.0,0.0,0.0,1440.0,2063.0,2016-04-29,,,,,,,0.0,24.0,0.0,24.0,,,2063.0880546569842,24.0,0.0,0.0,1440.0,0.0,0.0,1440.0,14400.0,10.0,1440.0,2063.0880546569856,1.43270003795624,1440.0,,,,,0.0,2064.0,24.0
1927972279,0.0,0.0,0.0,0.0,0.0,0.0,0.0,0.0,0.0,0.0,0.0,1440.0,2064.0,2016-04-30,,,,,,,0.0,24.0,0.0,24.0,,,2063.0880546569842,24.0,0.0,0.0,1440.0,0.0,0.0,1440.0,14400.0,10.0,1440.0,2063.0880546569856,1.43270003795624,1440.0,,,,,0.0,2064.0,24.0
1927972279,2704.0,1.87000000476837,1.87000000476837,0.0,1.00999999046326,0.0299999993294477,0.829999983310699,0.0,14.0,1.0,70.0,1355.0,2411.0,2016-05-01,,,,,,,114.0,24.0,2704.0,24.0,,,2411.520695805551,24.0,2704.0,1.8777777777777778,1440.0,114.0,0.07916666666666666,1440.0,16832.0,11.688888888888888,1440.0,2411.520695805552,1.6746671498649666,1440.0,,,,,2704.0,2411.0,24.0
1927972279,3790.0,2.61999988555908,2.61999988555908,0.0,1.1599999666214,0.300000011920929,1.1599999666214,0.0,16.0,8.0,94.0,1322.0,2505.0,2016-05-02,,,,,,,158.0,24.0,3790.0,24.0,,,2505.076002836229,24.0,3790.0,2.6319444444444446,1440.0,158.0,0.10972222222222222,1440.0,17485.0,12.14236111111111,1440.0,2505.07600283623,1.7396361130807154,1440.0,,,,,3790.0,2506.0,24.0
1927972279,1326.0,0.920000016689301,0.920000016689301,0.0,0.730000019073486,0.0,0.180000007152557,0.0,10.0,0.0,17.0,1413.0,2195.0,2016-05-03,,,,,,,47.0,24.0,1326.0,24.0,,,2195.8993448019046,24.0,1326.0,0.9208333333333333,1440.0,47.0,0.03263888888888889,1440.0,15327.0,10.64375,1440.0,2195.899344801906,1.5249301005568792,1440.0,,,,,1326.0,2197.0,24.0
1927972279,1786.0,1.24000000953674,1.24000000953674,0.0,0.0,0.0,1.24000000953674,0.0,0.0,0.0,87.0,1353.0,2338.0,2016-05-04,,,,,,,87.0,24.0,1786.0,24.0,,,2338.7395328283324,24.0,1786.0,1.2402777777777778,1440.0,87.0,0.06041666666666667,1440.0,16324.0,11.33611111111111,1440.0,2338.7395328283333,1.6241246755752314,1440.0,,,,,1786.0,2340.0,24.0
1927972279,0.0,0.0,0.0,0.0,0.0,0.0,0.0,0.0,0.0,0.0,0.0,1440.0,2063.0,2016-05-05,,,,,,,0.0,24.0,0.0,24.0,,,2063.0880546569842,24.0,0.0,0.0,1440.0,0.0,0.0,1440.0,14400.0,10.0,1440.0,2063.0880546569856,1.43270003795624,1440.0,,,,,0.0,2064.0,24.0
1927972279,2091.0,1.45000004768372,1.45000004768372,0.0,0.0,0.0,1.45000004768372,0.0,0.0,0.0,108.0,1332.0,2383.0,2016-05-06,,,,,,,108.0,24.0,2091.0,24.0,,,2383.0099611282362,24.0,2091.0,1.4520833333333334,1440.0,108.0,0.075,1440.0,16633.0,11.550694444444444,1440.0,2383.009961128237,1.6548680285612758,1440.0,,,,,2091.0,2384.0,24.0
1927972279,1510.0,1.03999996185303,1.03999996185303,0.0,0.0,0.0,1.03999996185303,0.0,0.0,0.0,48.0,1392.0,2229.0,2016-05-07,,,,,,,48.0,24.0,1510.0,24.0,,,2229.9976034164442,24.0,1510.0,1.0486111111111112,1440.0,48.0,0.03333333333333333,1440.0,15565.0,10.809027777777779,1440.0,2229.9976034164456,1.5486094468169762,1440.0,,,,,1510.0,2230.0,24.0
1927972279,0.0,0.0,0.0,0.0,0.0,0.0,0.0,0.0,0.0,0.0,0.0,1440.0,2063.0,2016-05-08,,,,,,,0.0,24.0,0.0,24.0,,,2063.231324672701,24.0,0.0,0.0,1440.0,0.0,0.0,1440.0,14401.0,10.000694444444445,1440.0,2063.231324672702,1.4327995310227097,1440.0,,,,,0.0,2064.0,24.0
1927972279,0.0,0.0,0.0,0.0,0.0,0.0,0.0,0.0,0.0,0.0,0.0,1440.0,2063.0,2016-05-09,,,,,,,0.0,24.0,0.0,24.0,,,2063.0880546569842,24.0,0.0,0.0,1440.0,0.0,0.0,1440.0,14400.0,10.0,1440.0,2063.0880546569856,1.43270003795624,1440.0,,,,,0.0,2064.0,24.0
1927972279,0.0,0.0,0.0,0.0,0.0,0.0,0.0,0.0,0.0,0.0,0.0,1440.0,2063.0,2016-05-10,,,,,,,0.0,24.0,0.0,24.0,,,2063.0880546569842,24.0,0.0,0.0,1440.0,0.0,0.0,1440.0,14400.0,10.0,1440.0,2063.0880546569856,1.43270003795624,1440.0,,,,,0.0,2064.0,24.0
1927972279,0.0,0.0,0.0,0.0,0.0,0.0,0.0,0.0,0.0,0.0,0.0,1440.0,2063.0,2016-05-11,,,,,,,0.0,24.0,0.0,24.0,,,2063.0880546569842,24.0,0.0,0.0,1440.0,0.0,0.0,1440.0,14400.0,10.0,1440.0,2063.0880546569856,1.43270003795624,1440.0,,,,,0.0,2064.0,24.0
1927972279,0.0,0.0,0.0,0.0,0.0,0.0,0.0,0.0,0.0,0.0,0.0,966.0,1383.0,2016-05-12,,,,,,,0.0,24.0,0.0,24.0,,,2063.231324672701,24.0,0.0,0.0,960.0,0.0,0.0,960.0,9600.0,10.0,960.0,1375.3920364379903,1.43270003795624,960.0,,,,,0.0,1376.0,16.0
1927972279,,,,,,,,,,,,,,2016-05-13,,,,,,,0.0,9.0,0.0,9.0,,,773.8012905120856,9.0,,,,,,,,,,,,,,,,,,,
2022484408,11875.0,8.34000015258789,8.34000015258789,0.0,3.30999994277954,0.769999980926514,4.26000022888184,0.0,42.0,14.0,227.0,1157.0,2390.0,2016-04-12,,,,,,,,,,,,,,,11875.0,8.246527777777779,1440.0,381.0,0.26458333333333334,1440.0,23035.0,15.996527777777779,1440.0,2390.341976642606,1.6599597060018096,1440.0,75.80417700578991,52.0,134.0,4836.0,11875.0,2386.0,24.0
2022484408,12024.0,8.5,8.5,0.0,2.99000000953674,0.100000001490116,5.40999984741211,0.0,43.0,5.0,292.0,1100.0,2601.0,2016-04-13,,,,,,,431.0,24.0,12024.0,24.0,,,2601.9290115833246,24.0,12024.0,8.35,1440.0,431.0,0.29930555555555555,1440.0,25074.0,17.4125,1440.0,2601.9290115833255,1.806895146932865,1440.0,80.33758439609902,51.0,156.0,5332.0,12024.0,2599.0,24.0
2022484408,10690.0,7.5,7.5,0.0,2.48000001907349,0.209999993443489,4.82000017166138,0.0,32.0,3.0,257.0,1148.0,2312.0,2016-04-14,,,,,,,359.0,24.0,10690.0,24.0,,,2312.9295618534056,24.0,10690.0,7.423611111111111,1440.0,359.0,0.24930555555555556,1440.0,22289.0,15.478472222222223,1440.0,2312.9295618534065,1.606201084620421,1440.0,72.62859712230215,50.0,127.0,5560.0,10690.0,2310.0,24.0
2022484408,11034.0,8.02999973297119,8.02999973297119,0.0,1.94000005722046,0.310000002384186,5.78000020980835,0.0,27.0,9.0,282.0,1122.0,2525.0,2016-04-15,,,,,,,381.0,24.0,11034.0,24.0,,,2525.9693710803954,24.0,11034.0,7.6625,1440.0,381.0,0.26458333333333334,1440.0,24342.0,16.904166666666665,1440.0,2525.9693710803963,1.7541453965836085,1440.0,80.43738211995473,53.0,189.0,5302.0,11034.0,2525.0,24.0
2022484408,10100.0,7.09000015258789,7.09000015258789,0.0,3.15000009536743,0.550000011920929,3.39000010490417,0.0,41.0,11.0,151.0,1237.0,2177.0,2016-04-16,,,,,,,296.0,24.0,10100.0,24.0,,,2177.5097349882076,24.0,10100.0,7.013888888888889,1440.0,296.0,0.20555555555555555,1440.0,20984.0,14.572222222222223,1440.0,2177.5097349882085,1.5121595381862558,1440.0,75.96054724785238,49.0,136.0,3143.0,10100.0,2174.0,24.0
2022484408,15112.0,11.3999996185303,11.3999996185303,0.0,3.86999988555908,0.660000026226044,6.88000011444092,0.0,28.0,29.0,331.0,1052.0,2782.0,2016-04-17,,,,,,,473.0,24.0,15112.0,24.0,,,2782.488814473148,24.0,15112.0,10.494444444444444,1440.0,473.0,0.3284722222222222,1440.0,26814.0,18.620833333333334,1440.0,2782.4888144731485,1.9322838989396864,1440.0,83.9171382376718,52.0,161.0,4948.0,15112.0,2781.0,24.0
2022484408,14131.0,10.0699996948242,10.0699996948242,0.0,3.64000010490417,0.119999997317791,6.30000019073486,0.0,48.0,3.0,311.0,1078.0,2770.0,2016-04-18,,,,,,,461.0,24.0,14131.0,24.0,,,2770.8665678501097,24.0,14131.0,9.813194444444445,1440.0,461.0,0.32013888888888886,1440.0,26702.0,18.543055555555554,1440.0,2770.8665678501106,1.9242128943403547,1440.0,82.71282877079979,54.0,153.0,5589.0,14131.0,2768.0,24.0
2022484408,11548.0,8.52999973297119,8.52999973297119,0.0,3.28999996185303,0.239999994635582,5.0,0.0,31.0,7.0,250.0,1152.0,2489.0,2016-04-19,,,,,,,357.0,24.0,11548.0,24.0,,,2488.4046367406804,24.0,11548.0,8.019444444444444,1440.0,357.0,0.24791666666666667,1440.0,23980.0,16.65277777777778,1440.0,2488.4046367406813,1.728058775514362,1440.0,81.954,54.0,162.0,4500.0,11548.0,2484.0,24.0
2022484408,15112.0,10.6700000762939,10.6700000762939,0.0,3.33999991416931,1.92999994754791,5.40000009536743,0.0,48.0,63.0,276.0,1053.0,2897.0,2016-04-20,,,,,,,546.0,24.0,15112.0,24.0,,,2897.2584198713275,24.0,15112.0,10.494444444444444,1440.0,546.0,0.37916666666666665,1440.0,27920.0,19.38888888888889,1440.0,2897.2584198713284,2.0119850137995337,1440.0,83.44403973509934,50.0,166.0,6040.0,15112.0,2896.0,24.0
2022484408,12453.0,8.73999977111816,8.73999977111816,0.0,3.32999992370605,1.11000001430511,4.30999994277954,0.0,104.0,53.0,255.0,1028.0,3158.0,2016-04-21,,,,,,,673.0,24.0,12453.0,24.0,,,3158.5512892007796,24.0,12453.0,8.647916666666667,1440.0,673.0,0.4673611111111111,1440.0,30438.0,21.1375,1440.0,3158.5512892007805,2.19343839527832,1440.0,86.37481962481962,53.0,203.0,5544.0,12453.0,3157.0,24.0
2022484408,12954.0,9.32999992370605,9.32999992370605,0.0,4.42999982833862,0.419999986886978,4.46999979019165,0.0,52.0,10.0,273.0,1105.0,2638.0,2016-04-22,,,,,,,449.0,24.0,12954.0,24.0,,,2638.974889636037,24.0,12954.0,8.995833333333334,1440.0,449.0,0.31180555555555556,1440.0,25431.0,17.660416666666666,1440.0,2638.974889636038,1.8326214511361374,1440.0,80.12544357700497,52.0,153.0,5636.0,12954.0,2637.0,24.0
2022484408,6001.0,4.21000003814697,4.21000003814697,0.0,0.0,0.0,4.21000003814697,0.0,0.0,0.0,249.0,1191.0,2069.0,2016-04-23,,,,,,,249.0,24.0,6001.0,24.0,,,2069.1738414764363,24.0,6001.0,4.167361111111111,1440.0,249.0,0.17291666666666666,1440.0,19940.0,13.847222222222221,1440.0,2069.1738414764372,1.4369262788030814,1440.0,71.75562470081378,50.0,109.0,4178.0,6001.0,2065.0,24.0
2022484408,13481.0,10.2799997329712,10.2799997329712,0.0,4.55000019073486,1.14999997615814,4.57999992370605,0.0,37.0,26.0,216.0,1161.0,2529.0,2016-04-24,,,,,,,379.0,24.0,13481.0,24.0,,,2529.7051029205277,24.0,13481.0,9.361805555555556,1440.0,379.0,0.26319444444444445,1440.0,24378.0,16.929166666666667,1440.0,2529.7051029205286,1.7567396548059226,1440.0,82.42124019957234,53.0,163.0,4209.0,13481.0,2526.0,24.0
2022484408,11369.0,8.01000022888184,8.01000022888184,0.0,3.32999992370605,0.219999998807907,4.46000003814697,0.0,44.0,8.0,217.0,1171.0,2470.0,2016-04-25,,,,,,,365.0,24.0,11369.0,24.0,,,2470.244898200031,24.0,11369.0,7.895138888888889,1440.0,365.0,0.2534722222222222,1440.0,23805.0,16.53125,1440.0,2470.2448982000315,1.715447845972244,1440.0,82.59916054564533,49.0,159.0,3812.0,11369.0,2466.0,24.0
2022484408,10119.0,7.19000005722046,7.19000005722046,0.0,1.42999994754791,0.660000026226044,5.1100001335144,0.0,55.0,24.0,275.0,1086.0,2793.0,2016-04-26,,,,,,,488.0,24.0,10119.0,24.0,,,2793.2808830738036,24.0,10119.0,7.027083333333334,1440.0,488.0,0.3388888888888889,1440.0,26918.0,18.693055555555556,1440.0,2793.2808830738045,1.9397783910234754,1440.0,83.27837450769782,51.0,154.0,5586.0,10119.0,2790.0,24.0
2022484408,10159.0,7.13000011444092,7.13000011444092,0.0,1.03999996185303,0.970000028610229,5.11999988555908,0.0,19.0,20.0,282.0,1119.0,2463.0,2016-04-27,,,,,,,379.0,24.0,10159.0,24.0,,,2463.1885290145833,24.0,10159.0,7.054861111111111,1440.0,379.0,0.26319444444444445,1440.0,23737.0,16.48402777777778,1440.0,2463.188529014584,1.7105475895934612,1440.0,80.89912181941004,38.0,145.0,4441.0,10159.0,2458.0,24.0
2022484408,10140.0,7.11999988555908,7.11999988555908,0.0,0.409999996423721,1.33000004291534,5.3899998664856,0.0,6.0,20.0,291.0,1123.0,2296.0,2016-04-28,,,,,,,349.0,24.0,10140.0,24.0,,,2296.0150504112216,24.0,10140.0,7.041666666666667,1440.0,349.0,0.2423611111111111,1440.0,22126.0,15.365277777777777,1440.0,2296.0150504112225,1.5944548961189045,1440.0,71.25103398669305,51.0,114.0,5561.0,10140.0,2295.0,24.0
2022484408,10245.0,7.19000005722046,7.19000005722046,0.0,0.479999989271164,1.21000003814697,5.5,0.0,21.0,40.0,281.0,1098.0,2611.0,2016-04-29,,,,,,,424.0,24.0,10245.0,24.0,,,2611.475851416584,24.0,10245.0,7.114583333333333,1440.0,424.0,0.29444444444444445,1440.0,25166.0,17.476388888888888,1440.0,2611.475851416585,1.813524896817073,1440.0,83.41287251655629,50.0,134.0,4832.0,10245.0,2608.0,24.0
2022484408,18387.0,12.9099998474121,12.9099998474121,0.0,0.939999997615814,1.39999997615814,10.5699996948242,0.0,13.0,23.0,361.0,1043.0,2732.0,2016-04-30,,,,,,,446.0,24.0,18387.0,24.0,,,2732.264126896855,24.0,18387.0,12.76875,1440.0,446.0,0.30972222222222223,1440.0,26330.0,18.28472222222222,1440.0,2732.264126896856,1.8974056436783722,1440.0,77.54921618665695,51.0,123.0,5486.0,18387.0,2729.0,24.0
2022484408,10538.0,7.40000009536743,7.40000009536743,0.0,1.94000005722046,0.959999978542328,4.5,0.0,25.0,28.0,245.0,1142.0,2380.0,2016-05-01,,,,,,,376.0,24.0,10538.0,24.0,,,2380.483838081356,24.0,10538.0,7.3180555555555555,1440.0,376.0,0.2611111111111111,1440.0,22940.0,15.930555555555555,1440.0,2380.4838380813567,1.6531137764453865,1440.0,73.53145917001339,44.0,118.0,4482.0,10538.0,2377.0,24.0
2022484408,10379.0,7.28999996185303,7.28999996185303,0.0,2.60999989509583,0.340000003576279,4.32999992370605,0.0,36.0,8.0,277.0,1119.0,2473.0,2016-05-02,,,,,,,401.0,24.0,10379.0,24.0,,,2473.980609416958,24.0,10379.0,7.207638888888889,1440.0,401.0,0.27847222222222223,1440.0,23841.0,16.55625,1440.0,2473.9806094169585,1.7180420898728879,1440.0,77.17174302533914,50.0,137.0,7814.0,10379.0,2472.0,24.0
2022484408,12183.0,8.73999977111816,8.73999977111816,0.0,3.99000000953674,0.46000000834465,4.28000020980835,0.0,72.0,14.0,250.0,1104.0,2752.0,2016-05-03,,,,,,,494.0,24.0,12183.0,24.0,,,2752.2917348146407,24.0,12183.0,8.460416666666667,1440.0,494.0,0.34305555555555556,1440.0,26523.0,18.41875,1440.0,2752.291734814642,1.9113137047323903,1440.0,83.01962158374212,51.0,169.0,5708.0,12183.0,2750.0,24.0
2022484408,11768.0,8.28999996185303,8.28999996185303,0.0,2.50999999046326,0.930000007152557,4.84999990463257,0.0,36.0,27.0,272.0,1105.0,2649.0,2016-05-04,,,,,,,434.0,24.0,11768.0,24.0,,,2649.6632131338088,24.0,11768.0,8.172222222222222,1440.0,434.0,0.3013888888888889,1440.0,25534.0,17.731944444444444,1440.0,2649.6632131338097,1.8400438980095901,1440.0,82.8033734939759,54.0,159.0,6225.0,11768.0,2647.0,24.0
2022484408,11895.0,8.35000038146973,8.35000038146973,0.0,2.78999996185303,0.860000014305115,4.69999980926514,0.0,55.0,20.0,253.0,1112.0,2609.0,2016-05-05,,,,,,,458.0,24.0,11895.0,24.0,,,2609.296690583226,24.0,11895.0,8.260416666666666,1440.0,458.0,0.31805555555555554,1440.0,25145.0,17.461805555555557,1440.0,2609.2966905832263,1.812011590682796,1440.0,80.71003111572085,55.0,156.0,6749.0,11895.0,2606.0,24.0
2022484408,10227.0,7.17999982833862,7.17999982833862,0.0,1.87000000476837,0.670000016689301,4.6399998664856,0.0,24.0,17.0,295.0,1104.0,2498.0,2016-05-06,,,,,,,401.0,24.0,10227.0,24.0,,,2498.677861213681,24.0,10227.0,7.102083333333334,1440.0,401.0,0.27847222222222223,1440.0,24079.0,16.721527777777776,1440.0,2498.677861213682,1.735192959176168,1440.0,81.7220977976857,60.0,118.0,5358.0,10227.0,2497.0,24.0
2022484408,6708.0,4.71000003814697,4.71000003814697,0.0,1.61000001430511,0.0799999982118607,3.01999998092651,0.0,20.0,2.0,149.0,1269.0,1995.0,2016-05-07,,,,,,,213.0,24.0,6708.0,24.0,,,1995.7046965360585,24.0,6708.0,4.658333333333333,1440.0,213.0,0.14791666666666667,1440.0,19232.0,13.355555555555556,1440.0,1995.7046965360596,1.3859060392611524,1440.0,76.06818181818181,52.0,128.0,2596.0,6708.0,1992.0,24.0
2022484408,3292.0,2.30999994277954,2.30999994277954,0.0,0.0,0.0,2.30999994277954,0.0,0.0,0.0,135.0,1305.0,1848.0,2016-05-08,,,,,,,135.0,24.0,3292.0,24.0,,,1847.2098367214144,24.0,3292.0,2.286111111111111,1440.0,135.0,0.09375,1440.0,17801.0,12.361805555555556,1440.0,1847.2098367214155,1.2827846088343162,1440.0,76.95872093023256,53.0,127.0,1720.0,3292.0,1842.0,24.0
2022484408,13379.0,9.39000034332275,9.39000034332275,0.0,2.11999988555908,1.62999999523163,5.6399998664856,0.0,35.0,47.0,297.0,1061.0,2709.0,2016-05-09,,,,,,,496.0,24.0,13379.0,24.0,,,2709.330957651135,24.0,13379.0,9.290972222222223,1440.0,496.0,0.34444444444444444,1440.0,26109.0,18.13125,1440.0,2709.3309576511365,1.8814798317021781,1440.0,81.51448231717075,51.0,133.0,6249.0,13379.0,2709.0,24.0
2022484408,12798.0,8.97999954223633,8.97999954223633,0.0,2.22000002861023,1.21000003814697,5.55999994277954,0.0,57.0,28.0,271.0,1084.0,2797.0,2016-05-10,,,,,,,498.0,24.0,12798.0,24.0,,,2797.3279290199243,24.0,12798.0,8.8875,1440.0,498.0,0.3458333333333333,1440.0,26957.0,18.72013888888889,1440.0,2797.3279290199253,1.9425888395971702,1440.0,86.58479771148345,57.0,166.0,4894.0,12798.0,2795.0,24.0
2022484408,13272.0,9.31999969482422,9.31999969482422,0.0,4.17999982833862,1.14999997615814,3.99000000953674,0.0,58.0,25.0,224.0,1133.0,2544.0,2016-05-11,,,,,,,448.0,24.0,13272.0,24.0,,,2544.647983551021,24.0,13272.0,9.216666666666667,1440.0,448.0,0.3111111111111111,1440.0,24522.0,17.029166666666665,1440.0,2544.647983551022,1.7671166552437654,1440.0,83.52272192135625,55.0,138.0,4247.0,13272.0,2542.0,24.0
2022484408,9117.0,6.40999984741211,6.40999984741211,0.0,1.27999997138977,0.670000016689301,4.44000005722046,0.0,16.0,16.0,236.0,728.0,1853.0,2016-05-12,,,,,,,380.0,24.0,10528.0,24.0,,,2493.2818140983554,24.0,7674.0,8.526666666666667,900.0,268.0,0.29777777777777775,900.0,15640.0,17.377777777777776,900.0,1622.9628175497037,1.8032920194996707,900.0,81.4136660051035,55.0,152.0,3527.0,8339.0,1750.0,16.0
2022484408,,,,,,,,,,,,,,2016-05-13,,,,,,,44.0,9.0,1049.0,9.0,,,659.5621430873848,9.0,,,,,,,,,,,,,,,,,,,
2026352035,,,,,,,,,,,,,,2016-04-11,,,,,,,,,,,192.0,1.0,,,,,,,,,,,,,,,,,,,,,
2026352035,4414.0,2.74000000953674,2.74000000953674,0.0,0.189999997615814,0.349999994039536,2.20000004768372,0.0,3.0,8.0,181.0,706.0,1459.0,2016-04-12,503.0,546.0,1.0,,,,,,,,542.0,2.0,,,4414.0,3.0652777777777778,1440.0,206.0,0.14305555555555555,1440.0,18830.0,13.07638888888889,1440.0,1459.5132873058324,1.0135508939623836,1440.0,,,,,4414.0,1460.0,24.0
2026352035,4993.0,3.09999990463257,3.09999990463257,0.0,0.0,0.0,3.09999990463257,0.0,0.0,0.0,238.0,663.0,1521.0,2016-04-13,531.0,565.0,1.0,,,,238.0,24.0,4993.0,24.0,539.0,2.0,1521.9863462448125,24.0,4993.0,3.467361111111111,1440.0,238.0,0.16527777777777777,1440.0,19636.0,13.636111111111111,1440.0,1521.9863462448125,1.0569349626700086,1440.0,,,,,4993.0,1523.0,24.0
2026352035,3335.0,2.0699999332428,2.0699999332428,0.0,0.0,0.0,2.04999995231628,0.0,0.0,0.0,197.0,653.0,1431.0,2016-04-14,545.0,568.0,1.0,,,,197.0,24.0,3305.0,24.0,590.0,2.0,1430.9120966196065,24.0,3305.0,2.295138888888889,1440.0,197.0,0.13680555555555557,1440.0,18461.0,12.82013888888889,1440.0,1430.9120966196065,0.9936889559858378,1440.0,,,,,3305.0,1435.0,24.0
2026352035,3821.0,2.36999988555908,2.36999988555908,0.0,0.0,0.0,2.36999988555908,0.0,0.0,0.0,188.0,687.0,1444.0,2016-04-15,523.0,573.0,1.0,,,,188.0,24.0,3821.0,24.0,565.0,2.0,1444.941407680512,24.0,3821.0,2.6534722222222222,1440.0,188.0,0.13055555555555556,1440.0,18642.0,12.945833333333333,1440.0,1444.941407680512,1.0034315331114667,1440.0,,,,,3821.0,1445.0,24.0
2026352035,2547.0,1.58000004291534,1.58000004291534,0.0,0.0,0.0,1.58000004291534,0.0,0.0,0.0,150.0,728.0,1373.0,2016-04-16,524.0,567.0,1.0,,,,150.0,24.0,2547.0,24.0,562.0,2.0,1373.7872273921969,24.0,2547.0,1.76875,1440.0,150.0,0.10416666666666667,1440.0,17724.0,12.308333333333334,1440.0,1373.7872273921969,0.9540189079112479,1440.0,,,,,2547.0,1375.0,24.0
2026352035,838.0,0.519999980926514,0.519999980926514,0.0,0.0,0.0,0.519999980926514,0.0,0.0,0.0,60.0,1053.0,1214.0,2016-04-17,437.0,498.0,1.0,,,,60.0,24.0,838.0,24.0,327.0,1.0,1214.9692386388779,24.0,838.0,0.5819444444444445,1440.0,60.0,0.041666666666666664,1440.0,15675.0,10.885416666666666,1440.0,1214.9692386388779,0.8437286379436651,1440.0,68.65625,63.0,80.0,192.0,838.0,1221.0,24.0
2026352035,3325.0,2.05999994277954,2.05999994277954,0.0,0.0,0.0,2.05999994277954,0.0,0.0,0.0,182.0,1062.0,1419.0,2016-04-18,,,,,,,182.0,24.0,3325.0,24.0,196.0,1.0,1419.0530667304997,24.0,3325.0,2.3090277777777777,1440.0,182.0,0.12638888888888888,1440.0,18308.0,12.713888888888889,1440.0,1419.0530667304997,0.985453518562847,1440.0,,,,,3325.0,1424.0,24.0
2026352035,2424.0,1.5,1.5,0.0,0.0,0.0,1.5,0.0,0.0,0.0,141.0,785.0,1356.0,2016-04-19,498.0,540.0,1.0,,,,141.0,24.0,2424.0,24.0,514.0,2.0,1356.1149473190312,24.0,2424.0,1.6833333333333333,1440.0,141.0,0.09791666666666667,1440.0,17496.0,12.15,1440.0,1356.114947319031,0.9417464911937715,1440.0,,,,,2424.0,1357.0,24.0
2026352035,7222.0,4.48000001907349,4.48000001907349,0.0,0.0,0.0,4.48000001907349,0.0,0.0,0.0,327.0,623.0,1667.0,2016-04-20,461.0,510.0,1.0,,,,327.0,24.0,7222.0,24.0,490.0,2.0,1667.1625765562064,24.0,7222.0,5.0152777777777775,1440.0,327.0,0.22708333333333333,1440.0,21509.0,14.936805555555555,1440.0,1667.1625765562064,1.1577517892751434,1440.0,,,,,7222.0,1668.0,24.0
2026352035,2467.0,1.52999997138977,1.52999997138977,0.0,0.0,0.0,1.52999997138977,0.0,0.0,0.0,153.0,749.0,1370.0,2016-04-21,477.0,514.0,1.0,,,,153.0,24.0,2467.0,24.0,538.0,2.0,1370.609317183495,24.0,2467.0,1.7131944444444445,1440.0,153.0,0.10625,1440.0,17683.0,12.279861111111112,1440.0,1370.6093171834948,0.9518120258218714,1440.0,,,,,2467.0,1371.0,24.0
2026352035,2915.0,1.80999994277954,1.80999994277954,0.0,0.0,0.0,1.80999994277954,0.0,0.0,0.0,162.0,712.0,1399.0,2016-04-22,520.0,545.0,1.0,,,,162.0,24.0,2915.0,24.0,566.0,2.0,1399.2880176305775,24.0,2915.0,2.0243055555555554,1440.0,162.0,0.1125,1440.0,18053.0,12.536805555555556,1440.0,1399.2880176305775,0.9717277900212344,1440.0,,,,,2915.0,1403.0,24.0
2026352035,12357.0,7.71000003814697,7.71000003814697,0.0,0.0,0.0,7.71000003814697,0.0,0.0,0.0,432.0,458.0,1916.0,2016-04-23,522.0,554.0,1.0,,,,432.0,24.0,12357.0,24.0,550.0,2.0,1915.8921670913703,24.0,12357.0,8.58125,1440.0,432.0,0.3,1440.0,24718.0,17.165277777777778,1440.0,1915.8921670913705,1.3304806715912296,1440.0,,,,,12357.0,1917.0,24.0
2026352035,3490.0,2.16000008583069,2.16000008583069,0.0,0.0,0.0,2.16000008583069,0.0,0.0,0.0,164.0,704.0,1401.0,2016-04-24,555.0,591.0,1.0,,,,164.0,24.0,3490.0,24.0,572.0,2.0,1401.3807868957524,24.0,3490.0,2.423611111111111,1440.0,164.0,0.11388888888888889,1440.0,18080.0,12.555555555555555,1440.0,1401.3807868957522,0.973181102010939,1440.0,,,,,3490.0,1403.0,24.0
2026352035,6017.0,3.73000001907349,3.73000001907349,0.0,0.0,0.0,3.73000001907349,0.0,0.0,0.0,260.0,821.0,1576.0,2016-04-25,506.0,531.0,1.0,,,,260.0,24.0,6017.0,24.0,359.0,1.0,1576.9409376382832,24.0,6017.0,4.178472222222222,1440.0,260.0,0.18055555555555555,1440.0,20345.0,14.128472222222221,1440.0,1576.9409376382832,1.0950978733599188,1440.0,99.50581395348837,70.0,125.0,516.0,6017.0,1582.0,24.0
2026352035,5933.0,3.6800000667572,3.6800000667572,0.0,0.0,0.0,3.6800000667572,0.0,0.0,0.0,288.0,1018.0,1595.0,2016-04-26,,,,,,,288.0,24.0,5933.0,24.0,134.0,1.0,1595.3108055591588,24.0,5933.0,4.120138888888889,1440.0,288.0,0.2,1440.0,20582.0,14.293055555555556,1440.0,1595.3108055591588,1.1078547260827492,1440.0,,,,,5933.0,1599.0,24.0
2026352035,6088.0,3.76999998092651,3.76999998092651,0.0,0.0,0.0,3.76999998092651,0.0,0.0,0.0,286.0,586.0,1593.0,2016-04-27,508.0,545.0,1.0,,,,286.0,24.0,6088.0,24.0,568.0,2.0,1593.4505655765538,24.0,6088.0,4.227777777777778,1440.0,286.0,0.1986111111111111,1440.0,20558.0,14.276388888888889,1440.0,1593.4505655765538,1.1065628927614957,1440.0,,,,,6088.0,1593.0,24.0
2026352035,6375.0,3.95000004768372,3.95000004768372,0.0,0.0,0.0,3.95000004768372,0.0,0.0,0.0,331.0,626.0,1649.0,2016-04-28,513.0,545.0,1.0,,,,331.0,24.0,6375.0,24.0,483.0,2.0,1649.8003345727927,24.0,6375.0,4.427083333333333,1440.0,331.0,0.2298611111111111,1440.0,21285.0,14.78125,1440.0,1649.8003345727927,1.1456946767866616,1440.0,,,,,6375.0,1651.0,24.0
2026352035,7604.0,4.71000003814697,4.71000003814697,0.0,0.0,0.0,4.71000003814697,0.0,0.0,0.0,352.0,492.0,1692.0,2016-04-29,490.0,510.0,1.0,,,,352.0,24.0,7604.0,24.0,596.0,2.0,1692.8958951234824,24.0,7604.0,5.280555555555556,1440.0,352.0,0.24444444444444444,1440.0,21841.0,15.167361111111111,1440.0,1692.8958951234824,1.1756221493913073,1440.0,,,,,7604.0,1696.0,24.0
2026352035,4729.0,2.9300000667572,2.9300000667572,0.0,0.0,0.0,2.9300000667572,0.0,0.0,0.0,233.0,594.0,1506.0,2016-04-30,573.0,607.0,1.0,,,,233.0,24.0,4729.0,24.0,613.0,2.0,1506.4068363904958,24.0,4729.0,3.2840277777777778,1440.0,233.0,0.16180555555555556,1440.0,19435.0,13.496527777777779,1440.0,1506.4068363904958,1.046115858604511,1440.0,,,,,4729.0,1508.0,24.0
2026352035,3609.0,2.27999997138977,2.27999997138977,0.0,0.0,0.0,2.27999997138977,0.0,0.0,0.0,191.0,716.0,1447.0,2016-05-01,527.0,546.0,1.0,,,,191.0,24.0,3609.0,24.0,533.0,2.0,1447.6542574167256,24.0,3609.0,2.50625,1440.0,191.0,0.1326388888888889,1440.0,18677.0,12.970138888888888,1440.0,1447.6542574167256,1.0053154565393927,1440.0,,,,,3609.0,1449.0,24.0
2026352035,7018.0,4.34999990463257,4.34999990463257,0.0,0.0,0.0,4.34999990463257,0.0,0.0,0.0,355.0,716.0,1690.0,2016-05-02,511.0,543.0,1.0,,,,355.0,24.0,7018.0,24.0,369.0,1.0,1690.3380646705634,24.0,7018.0,4.873611111111111,1440.0,355.0,0.2465277777777778,1440.0,21808.0,15.144444444444444,1440.0,1690.3380646705634,1.1738458782434469,1440.0,84.13457076566125,70.0,122.0,431.0,7018.0,1695.0,24.0
2026352035,5992.0,3.72000002861023,3.72000002861023,0.0,0.0,0.0,3.72000002861023,0.0,0.0,0.0,304.0,981.0,1604.0,2016-05-03,,,,,,,304.0,24.0,5992.0,24.0,155.0,1.0,1604.3019654750829,24.0,5992.0,4.161111111111111,1440.0,304.0,0.2111111111111111,1440.0,20698.0,14.373611111111112,1440.0,1604.301965475083,1.1140985871354743,1440.0,,,,,5992.0,1608.0,24.0
2026352035,6564.0,4.07000017166138,4.07000017166138,0.0,0.0,0.0,4.07000017166138,0.0,0.0,0.0,345.0,530.0,1658.0,2016-05-04,538.0,560.0,1.0,,,,345.0,24.0,6564.0,24.0,564.0,2.0,1658.4039447307593,24.0,6564.0,4.558333333333334,1440.0,345.0,0.23958333333333334,1440.0,21396.0,14.858333333333333,1440.0,1658.4039447307593,1.1516694060630273,1440.0,,,,,6564.0,1660.0,24.0
2026352035,12167.0,7.53999996185303,7.53999996185303,0.0,0.0,0.0,7.53999996185303,0.0,0.0,0.0,475.0,479.0,1926.0,2016-05-05,468.0,485.0,1.0,,,,475.0,24.0,12167.0,24.0,486.0,2.0,1926.5110327005393,24.0,12167.0,8.449305555555556,1440.0,475.0,0.3298611111111111,1440.0,24855.0,17.260416666666668,1440.0,1926.5110327005395,1.3378548838198192,1440.0,,,,,12167.0,1928.0,24.0
2026352035,8198.0,5.07999992370605,5.07999992370605,0.0,0.0,0.0,5.07999992370605,0.0,0.0,0.0,383.0,511.0,1736.0,2016-05-06,524.0,548.0,1.0,,,,383.0,24.0,8198.0,24.0,546.0,2.0,1736.9215742349631,24.0,8198.0,5.6930555555555555,1440.0,383.0,0.2659722222222222,1440.0,22409.0,15.561805555555555,1440.0,1736.9215742349631,1.2061955376631688,1440.0,,,,,8198.0,1739.0,24.0
2026352035,4193.0,2.59999990463257,2.59999990463257,0.0,0.0,0.0,2.59999990463257,0.0,0.0,0.0,229.0,665.0,1491.0,2016-05-07,511.0,521.0,1.0,,,,229.0,24.0,4193.0,24.0,545.0,2.0,1491.3698960542686,24.0,4193.0,2.9118055555555555,1440.0,229.0,0.15902777777777777,1440.0,19241.0,13.361805555555556,1440.0,1491.3698960542683,1.0356735389265752,1440.0,,,,,4193.0,1493.0,24.0
2026352035,5528.0,3.45000004768372,3.45000004768372,0.0,0.0,0.0,3.45000004768372,0.0,0.0,0.0,258.0,610.0,1555.0,2016-05-08,541.0,568.0,1.0,,,,258.0,24.0,5528.0,24.0,572.0,2.0,1555.1606262922294,24.0,5528.0,3.838888888888889,1440.0,258.0,0.17916666666666667,1440.0,20064.0,13.933333333333334,1440.0,1555.1606262922294,1.0799726571473816,1440.0,,,,,5528.0,1559.0,24.0
2026352035,10685.0,6.61999988555908,6.61999988555908,0.0,0.0,0.0,6.59999990463257,0.0,0.0,0.0,401.0,543.0,1869.0,2016-05-09,531.0,556.0,1.0,,,,401.0,24.0,10652.0,24.0,496.0,2.0,1866.2857642173774,24.0,10652.0,7.397222222222222,1440.0,401.0,0.27847222222222223,1440.0,24078.0,16.720833333333335,1440.0,1866.2857642173776,1.2960317807065123,1440.0,98.2339008142117,70.0,123.0,1351.0,10652.0,1867.0,24.0
2026352035,254.0,0.159999996423721,0.159999996423721,0.0,0.0,0.0,0.159999996423721,0.0,0.0,0.0,17.0,1002.0,1141.0,2016-05-10,357.0,380.0,1.0,,,,17.0,24.0,254.0,24.0,421.0,2.0,1141.412249326706,24.0,254.0,0.1763888888888889,1440.0,17.0,0.011805555555555555,1440.0,14726.0,10.22638888888889,1440.0,1141.4122493267057,0.7926473953657679,1440.0,,,,,254.0,1150.0,24.0
2026352035,8580.0,5.32000017166138,5.32000017166138,0.0,0.0,0.0,5.32000017166138,0.0,0.0,0.0,330.0,569.0,1698.0,2016-05-11,523.0,553.0,1.0,,,,330.0,24.0,8580.0,24.0,541.0,2.0,1698.6316353082664,24.0,8580.0,5.958333333333333,1440.0,330.0,0.22916666666666666,1440.0,21915.0,15.21875,1440.0,1698.6316353082664,1.1796053022974071,1440.0,,,,,8580.0,1699.0,24.0
2026352035,8891.0,5.51000022888184,5.51000022888184,0.0,0.0,0.0,5.51000022888184,0.0,0.0,0.0,343.0,330.0,1364.0,2016-05-12,456.0,485.0,1.0,,,,548.0,24.0,13625.0,24.0,330.0,1.0,2036.0326616764078,24.0,8449.0,8.801041666666666,960.0,320.0,0.3333333333333333,960.0,16723.0,17.419791666666665,960.0,1296.1997183561332,1.3502080399543055,960.0,,,,,8449.0,1297.0,16.0
2026352035,,,,,,,,,,,,,,2016-05-13,,,,,,,59.0,9.0,911.0,9.0,,,508.62061524391186,9.0,,,,,,,,,,,,,,,,,,,
2320127002,10725.0,7.48999977111816,7.48999977111816,0.0,1.16999995708466,0.310000002384186,6.01000022888184,0.0,13.0,9.0,306.0,1112.0,2124.0,2016-04-12,,,,,,,,,,,,,,,10725.0,7.447916666666667,1440.0,363.0,0.2520833333333333,1440.0,23090.0,16.03472222222222,1440.0,2124.2800059318542,1.4751944485637876,1440.0,,,,,10725.0,2122.0,24.0
2320127002,7275.0,4.90000009536743,4.90000009536743,0.0,0.0,0.0,4.90000009536743,0.0,0.0,0.0,335.0,1105.0,2003.0,2016-04-13,,,,,,,335.0,24.0,7275.0,24.0,,,2003.9439977407444,24.0,7275.0,5.052083333333333,1440.0,335.0,0.2326388888888889,1440.0,21782.0,15.126388888888888,1440.0,2003.9439977407449,1.3916277762088507,1440.0,,,,,7275.0,2003.0,24.0
2320127002,3973.0,2.6800000667572,2.6800000667572,0.0,0.0,0.0,2.6800000667572,0.0,0.0,0.0,191.0,1249.0,1696.0,2016-04-14,,,,,,,191.0,24.0,3973.0,24.0,,,1696.1120111346243,24.0,3973.0,2.759027777777778,1440.0,191.0,0.1326388888888889,1440.0,18436.0,12.802777777777777,1440.0,1696.1120111346245,1.1778555632879337,1440.0,,,,,3973.0,1695.0,24.0
2320127002,5205.0,3.50999999046326,3.50999999046326,0.0,0.0,0.0,3.50999999046326,0.0,0.0,0.0,245.0,1195.0,1801.0,2016-04-15,,,,,,,245.0,24.0,5205.0,24.0,,,1801.9120087027545,24.0,5205.0,3.6145833333333335,1440.0,245.0,0.1701388888888889,1440.0,19586.0,13.60138888888889,1440.0,1801.912008702755,1.2513277838213577,1440.0,,,,,5205.0,1800.0,24.0
2320127002,5057.0,3.41000008583069,3.41000008583069,0.0,0.0,0.0,3.40000009536743,0.0,0.0,0.0,195.0,1245.0,1724.0,2016-04-16,,,,,,,195.0,24.0,5044.0,24.0,,,1724.2640143632889,24.0,5044.0,3.5027777777777778,1440.0,195.0,0.13541666666666666,1440.0,18742.0,13.015277777777778,1440.0,1724.264014363289,1.197405565530062,1440.0,,,,,5044.0,1722.0,24.0
2320127002,6198.0,4.17999982833862,4.17999982833862,0.0,0.0,0.0,4.17999982833862,0.0,0.0,0.0,249.0,1191.0,1852.0,2016-04-17,,,,,,,249.0,24.0,6198.0,24.0,,,1852.8800063133233,24.0,6198.0,4.304166666666666,1440.0,249.0,0.17291666666666666,1440.0,20140.0,13.98611111111111,1440.0,1852.8800063133235,1.2867222266064746,1440.0,,,,,6198.0,1850.0,24.0
2320127002,6559.0,4.42000007629395,4.42000007629395,0.0,0.0,0.259999990463257,4.1399998664856,0.0,0.0,7.0,260.0,1173.0,1905.0,2016-04-18,,,,,,,274.0,24.0,6538.0,24.0,,,1905.1359999775875,24.0,6538.0,4.540277777777778,1440.0,274.0,0.19027777777777777,1440.0,20708.0,14.380555555555556,1440.0,1905.1359999775875,1.323011111095547,1440.0,,,,,6538.0,1903.0,24.0
2320127002,5997.0,4.03999996185303,4.03999996185303,0.0,0.0,0.379999995231628,3.66000008583069,0.0,0.0,11.0,228.0,1201.0,1811.0,2016-04-19,,,,,,,250.0,24.0,5997.0,24.0,,,1811.6640110611913,24.0,5997.0,4.164583333333334,1440.0,250.0,0.1736111111111111,1440.0,19692.0,13.675,1440.0,1811.6640110611918,1.258100007681383,1440.0,,,,,5997.0,1808.0,24.0
2320127002,7192.0,4.84999990463257,4.84999990463257,0.0,0.0,0.490000009536743,4.34000015258789,0.0,0.0,11.0,283.0,1146.0,1922.0,2016-04-20,,,,,,,305.0,24.0,7162.0,24.0,,,1922.616006493568,24.0,7162.0,4.973611111111111,1440.0,305.0,0.21180555555555555,1440.0,20898.0,14.5125,1440.0,1922.6160064935684,1.3351500045094225,1440.0,,,,,7162.0,1920.0,24.0
2320127002,3404.0,2.28999996185303,2.28999996185303,0.0,0.0599999986588955,0.419999986886978,1.80999994277954,0.0,1.0,10.0,127.0,1302.0,1610.0,2016-04-21,,,,,,,150.0,24.0,3404.0,24.0,,,1610.9200146794317,24.0,3404.0,2.363888888888889,1440.0,150.0,0.10416666666666667,1440.0,17510.0,12.159722222222221,1440.0,1610.9200146794321,1.1186944546384945,1440.0,,,,,3404.0,1608.0,24.0
2320127002,5583.0,3.75999999046326,3.75999999046326,0.0,0.0,0.0,3.75999999046326,0.0,0.0,0.0,266.0,1174.0,1851.0,2016-04-22,,,,,,,266.0,24.0,5583.0,24.0,,,1851.9600046873086,24.0,5583.0,3.877083333333333,1440.0,266.0,0.18472222222222223,1440.0,20130.0,13.979166666666666,1440.0,1851.960004687309,1.286083336588409,1440.0,,,,,5583.0,1848.0,24.0
2320127002,5079.0,3.42000007629395,3.42000007629395,0.0,0.0,0.0,3.42000007629395,0.0,0.0,0.0,242.0,1129.0,1804.0,2016-04-23,61.0,69.0,1.0,,,,242.0,24.0,5079.0,24.0,69.0,1.0,1804.3040055632584,24.0,5079.0,3.527083333333333,1440.0,242.0,0.16805555555555557,1440.0,19612.0,13.619444444444444,1440.0,1804.304005563259,1.2529888927522632,1440.0,,,,,5079.0,1801.0,24.0
2320127002,4165.0,2.80999994277954,2.80999994277954,0.0,0.0,0.0,2.79999995231628,0.0,0.0,0.0,204.0,1236.0,1725.0,2016-04-24,,,,,,,204.0,24.0,4159.0,24.0,,,1725.1840081810947,24.0,4159.0,2.8881944444444443,1440.0,204.0,0.14166666666666666,1440.0,18752.0,13.022222222222222,1440.0,1725.184008181095,1.1980444501257603,1440.0,,,,,4159.0,1725.0,24.0
2320127002,3588.0,2.42000007629395,2.42000007629395,0.0,0.230000004172325,0.200000002980232,1.99000000953674,0.0,3.0,5.0,152.0,1280.0,1654.0,2016-04-25,,,,,,,171.0,24.0,3588.0,24.0,,,1654.3440114259715,24.0,3588.0,2.4916666666666667,1440.0,171.0,0.11875,1440.0,17982.0,12.4875,1440.0,1654.344011425972,1.1488500079347028,1440.0,,,,,3588.0,1653.0,24.0
2320127002,3409.0,2.29999995231628,2.29999995231628,0.0,0.0,0.0,2.29999995231628,0.0,0.0,0.0,147.0,1293.0,1632.0,2016-04-26,,,,,,,147.0,24.0,3409.0,24.0,,,1632.81601268053,24.0,3409.0,2.3673611111111112,1440.0,147.0,0.10208333333333333,1440.0,17748.0,12.325,1440.0,1632.8160126805305,1.133900008805924,1440.0,,,,,3409.0,1629.0,24.0
2320127002,1715.0,1.1599999666214,1.1599999666214,0.0,0.0,0.0,1.1599999666214,0.0,0.0,0.0,82.0,1358.0,1481.0,2016-04-27,,,,,,,82.0,24.0,1715.0,24.0,,,1481.3840194940567,24.0,1715.0,1.1909722222222223,1440.0,82.0,0.05694444444444444,1440.0,16102.0,11.181944444444444,1440.0,1481.3840194940572,1.0287389024264286,1440.0,,,,,1715.0,1479.0,24.0
2320127002,1532.0,1.02999997138977,1.02999997138977,0.0,0.0,0.0,1.02999997138977,0.0,0.0,0.0,76.0,1364.0,1473.0,2016-04-28,,,,,,,76.0,24.0,1532.0,24.0,,,1473.288018643856,24.0,1532.0,1.0638888888888889,1440.0,76.0,0.05277777777777778,1440.0,16014.0,11.120833333333334,1440.0,1473.2880186438565,1.0231166796137892,1440.0,,,,,1532.0,1469.0,24.0
2320127002,924.0,0.620000004768372,0.620000004768372,0.0,0.0,0.0,0.620000004768372,0.0,0.0,0.0,45.0,1395.0,1410.0,2016-04-29,,,,,,,45.0,24.0,924.0,24.0,,,1410.7280212640762,24.0,924.0,0.6416666666666667,1440.0,45.0,0.03125,1440.0,15334.0,10.64861111111111,1440.0,1410.7280212640767,0.9796722369889421,1440.0,,,,,924.0,1407.0,24.0
2320127002,4571.0,3.07999992370605,3.07999992370605,0.0,0.0,0.0,3.0699999332428,0.0,0.0,0.0,234.0,1206.0,1779.0,2016-04-30,,,,,,,234.0,24.0,4558.0,24.0,,,1779.096005558967,24.0,4558.0,3.165277777777778,1440.0,234.0,0.1625,1440.0,19338.0,13.429166666666667,1440.0,1779.0960055589674,1.2354833371937273,1440.0,,,,,4558.0,1776.0,24.0
2320127002,772.0,0.519999980926514,0.519999980926514,0.0,0.0,0.0,0.519999980926514,0.0,0.0,0.0,40.0,1400.0,1403.0,2016-05-01,,,,,,,40.0,24.0,772.0,24.0,,,1403.7360206246376,24.0,772.0,0.5361111111111111,1440.0,40.0,0.027777777777777776,1440.0,15258.0,10.595833333333333,1440.0,1403.736020624638,0.9748166809893319,1440.0,,,,,772.0,1400.0,24.0
2320127002,3634.0,2.45000004768372,2.45000004768372,0.0,0.360000014305115,0.209999993443489,1.87999999523163,0.0,5.0,6.0,123.0,1306.0,1613.0,2016-05-02,,,,,,,150.0,24.0,3634.0,24.0,,,1613.496016561985,24.0,3634.0,2.5236111111111112,1440.0,150.0,0.10416666666666667,1440.0,17538.0,12.179166666666667,1440.0,1613.4960165619852,1.120483344834712,1440.0,,,,,3634.0,1609.0,24.0
2320127002,7443.0,5.01999998092651,5.01999998092651,0.0,1.49000000953674,0.370000004768372,3.16000008583069,0.0,20.0,10.0,206.0,1204.0,1878.0,2016-05-03,,,,,,,286.0,24.0,7443.0,24.0,,,1878.8240122795103,24.0,7443.0,5.16875,1440.0,286.0,0.1986111111111111,1440.0,20422.0,14.181944444444444,1440.0,1878.8240122795107,1.304738897416327,1440.0,,,,,7443.0,1876.0,24.0
2320127002,1201.0,0.810000002384186,0.810000002384186,0.0,0.0,0.0,0.810000002384186,0.0,0.0,0.0,52.0,1388.0,1426.0,2016-05-04,,,,,,,52.0,24.0,1201.0,24.0,,,1426.7360213398936,24.0,1201.0,0.8340277777777778,1440.0,52.0,0.03611111111111111,1440.0,15508.0,10.769444444444444,1440.0,1426.736021339894,0.9907889037082598,1440.0,,,,,1201.0,1422.0,24.0
2320127002,5202.0,3.50999999046326,3.50999999046326,0.0,0.0,0.389999985694885,3.10999989509583,0.0,0.0,11.0,223.0,1206.0,1780.0,2016-05-05,,,,,,,245.0,24.0,5202.0,24.0,,,1780.7520109415052,24.0,5202.0,3.6125,1440.0,245.0,0.1701388888888889,1440.0,19356.0,13.441666666666666,1440.0,1780.7520109415057,1.236633340931601,1440.0,,,,,5202.0,1779.0,24.0
2320127002,4878.0,3.28999996185303,3.28999996185303,0.0,0.0,0.0,3.28999996185303,0.0,0.0,0.0,204.0,1236.0,1742.0,2016-05-06,,,,,,,204.0,24.0,4878.0,24.0,,,1742.6640108823772,24.0,4878.0,3.3875,1440.0,204.0,0.14166666666666666,1440.0,18942.0,13.154166666666667,1440.0,1742.6640108823776,1.21018334089054,1440.0,,,,,4878.0,1738.0,24.0
2320127002,7379.0,4.96999979019165,4.96999979019165,0.0,0.0,0.0,4.96999979019165,0.0,0.0,0.0,319.0,1121.0,1972.0,2016-05-07,,,,,,,319.0,24.0,7379.0,24.0,,,1972.6640038490289,24.0,7379.0,5.124305555555556,1440.0,319.0,0.22152777777777777,1440.0,21442.0,14.890277777777778,1440.0,1972.6640038490293,1.3699055582284925,1440.0,,,,,7379.0,1973.0,24.0
2320127002,5161.0,3.48000001907349,3.48000001907349,0.0,0.0,0.0,3.47000002861023,0.0,0.0,0.0,247.0,1193.0,1821.0,2016-05-08,,,,,,,247.0,24.0,5153.0,24.0,,,1821.9680035114282,24.0,5153.0,3.578472222222222,1440.0,247.0,0.17152777777777778,1440.0,19804.0,13.752777777777778,1440.0,1821.9680035114284,1.2652555579940474,1440.0,,,,,5153.0,1820.0,24.0
2320127002,3090.0,2.07999992370605,2.07999992370605,0.0,0.0,0.0,2.07999992370605,0.0,0.0,0.0,145.0,1295.0,1630.0,2016-05-09,,,,,,,145.0,24.0,3090.0,24.0,,,1630.240009367465,24.0,3090.0,2.1458333333333335,1440.0,145.0,0.10069444444444445,1440.0,17720.0,12.305555555555555,1440.0,1630.2400093674655,1.1321111176162955,1440.0,,,,,3090.0,1627.0,24.0
2320127002,6227.0,4.19999980926514,4.19999980926514,0.0,0.0,0.0,4.19999980926514,0.0,0.0,0.0,290.0,1150.0,1899.0,2016-05-10,,,,,,,290.0,24.0,6227.0,24.0,,,1899.0640029311173,24.0,6227.0,4.324305555555555,1440.0,290.0,0.2013888888888889,1440.0,20642.0,14.334722222222222,1440.0,1899.0640029311176,1.3187944464799428,1440.0,,,,,6227.0,1899.0,24.0
2320127002,6424.0,4.32999992370605,4.32999992370605,0.0,0.0,0.0,4.32999992370605,0.0,0.0,0.0,300.0,1140.0,1903.0,2016-05-11,,,,,,,300.0,24.0,6424.0,24.0,,,1903.6640062928195,24.0,6424.0,4.461111111111111,1440.0,300.0,0.20833333333333334,1440.0,20692.0,14.369444444444444,1440.0,1903.66400629282,1.3219888932589028,1440.0,,,,,6424.0,1904.0,24.0
2320127002,2661.0,1.78999996185303,1.78999996185303,0.0,0.0,0.0,1.78999996185303,0.0,0.0,0.0,128.0,830.0,1125.0,2016-05-12,,,,,,,269.0,24.0,5543.0,24.0,,,1838.5280074477193,24.0,2564.0,2.848888888888889,900.0,124.0,0.13777777777777778,900.0,11568.0,12.853333333333333,900.0,1064.2560077905657,1.1825066753228508,900.0,,,,,2564.0,1063.0,15.0
2320127002,,,,,,,,,,,,,,2016-05-13,,,,,,,0.0,9.0,0.0,9.0,,,496.80000901222235,9.0,,,,,,,,,,,,,,,,,,,
2347167796,10113.0,6.82999992370605,6.82999992370605,0.0,2.0,0.620000004768372,4.19999980926514,0.0,28.0,13.0,320.0,964.0,2344.0,2016-04-12,,,,,,,,,,,115.0,1.0,,,10113.0,7.022916666666666,1440.0,430.0,0.2986111111111111,1440.0,24924.0,17.308333333333334,1440.0,2344.3514176607123,1.628021817819939,1440.0,86.08233377758033,57.0,172.0,6753.0,10113.0,2342.0,24.0
2347167796,10352.0,7.01000022888184,7.01000022888184,0.0,1.6599999666214,1.94000005722046,3.41000008583069,0.0,19.0,32.0,195.0,676.0,2038.0,2016-04-13,467.0,531.0,1.0,,,,316.0,24.0,10352.0,24.0,518.0,2.0,2038.750480175018,24.0,10352.0,7.188888888888889,1440.0,316.0,0.21944444444444444,1440.0,21675.0,15.052083333333334,1440.0,2038.7504801750179,1.4157989445659847,1440.0,73.81290461804058,55.0,158.0,9268.0,10352.0,2039.0,24.0
2347167796,10129.0,6.69999980926514,6.69999980926514,0.0,0.0199999995529652,2.74000000953674,3.94000005722046,0.0,1.0,48.0,206.0,705.0,2010.0,2016-04-14,445.0,489.0,1.0,,,,305.0,24.0,10129.0,24.0,480.0,2.0,2010.626542508602,24.0,10129.0,7.034027777777778,1440.0,305.0,0.21180555555555555,1440.0,21376.0,14.844444444444445,1440.0,2010.6265425086017,1.39626843229764,1440.0,72.57948213700426,52.0,154.0,9153.0,10129.0,2012.0,24.0
2347167796,10465.0,6.92000007629395,6.92000007629395,0.0,0.0700000002980232,1.41999995708466,5.42999982833862,0.0,1.0,24.0,284.0,720.0,2133.0,2016-04-15,452.0,504.0,1.0,,,,335.0,24.0,10465.0,24.0,411.0,1.0,2133.3748409152026,24.0,10465.0,7.267361111111111,1440.0,335.0,0.2326388888888889,1440.0,22681.0,15.750694444444445,1440.0,2133.3748409152026,1.481510306191113,1440.0,75.68525687977399,55.0,136.0,9557.0,10465.0,2136.0,24.0
2347167796,22244.0,15.0799999237061,15.0799999237061,0.0,5.44999980926514,4.09999990463257,5.53000020980835,0.0,66.0,72.0,268.0,968.0,2670.0,2016-04-16,,,,,,,610.0,24.0,22244.0,24.0,66.0,1.0,2670.551496148109,24.0,22244.0,15.447222222222223,1440.0,610.0,0.4236111111111111,1440.0,28392.0,19.716666666666665,1440.0,2670.5514961481085,1.854549650102853,1440.0,96.62390702822357,58.0,168.0,9035.0,22244.0,2667.0,24.0
2347167796,5472.0,3.61999988555908,3.61999988555908,0.0,0.0799999982118607,0.280000001192093,3.25999999046326,0.0,1.0,7.0,249.0,508.0,1882.0,2016-04-17,556.0,602.0,1.0,,,,266.0,24.0,5472.0,24.0,675.0,2.0,1882.6108824610706,24.0,5472.0,3.8,1440.0,266.0,0.18472222222222223,1440.0,20015.0,13.899305555555555,1440.0,1882.6108824610703,1.3073686683757433,1440.0,75.36218020022247,55.0,134.0,8990.0,5472.0,1884.0,24.0
2347167796,8247.0,5.44999980926514,5.44999980926514,0.0,0.790000021457672,0.860000014305115,3.78999996185303,0.0,11.0,16.0,206.0,678.0,1944.0,2016-04-18,500.0,557.0,1.0,,,,271.0,24.0,8247.0,24.0,529.0,2.0,1944.5964190959928,24.0,8247.0,5.727083333333334,1440.0,271.0,0.18819444444444444,1440.0,20674.0,14.356944444444444,1440.0,1944.5964190959926,1.3504141799277727,1440.0,71.23214476924724,53.0,134.0,9339.0,8247.0,1947.0,24.0
2347167796,6711.0,4.44000005722046,4.44000005722046,0.0,0.0,0.0,4.44000005722046,0.0,0.0,7.0,382.0,648.0,2346.0,2016-04-19,465.0,514.0,1.0,,,,396.0,24.0,6711.0,24.0,403.0,1.0,2346.0445030331607,24.0,6711.0,4.660416666666666,1440.0,396.0,0.275,1440.0,24942.0,17.320833333333333,1440.0,2346.0445030331603,1.6291975715508058,1440.0,81.30099693251533,53.0,195.0,7824.0,6711.0,2344.0,24.0
2347167796,10999.0,7.26999998092651,7.26999998092651,0.0,0.680000007152557,1.80999994277954,4.78000020980835,0.0,11.0,43.0,269.0,1011.0,2198.0,2016-04-20,,,,,,,388.0,24.0,10999.0,24.0,106.0,1.0,2198.276241958141,24.0,10999.0,7.638194444444444,1440.0,388.0,0.26944444444444443,1440.0,23371.0,16.229861111111113,1440.0,2198.276241958141,1.5265807235820423,1440.0,78.18208496366685,53.0,161.0,7156.0,10999.0,2195.0,24.0
2347167796,10080.0,6.75,6.75,0.0,1.85000002384186,1.52999997138977,3.38000011444092,0.0,23.0,26.0,208.0,761.0,2048.0,2016-04-21,460.0,484.0,1.0,,,,329.0,24.0,10080.0,24.0,422.0,2.0,2048.8149002790447,24.0,10080.0,7.0,1440.0,329.0,0.22847222222222222,1440.0,21782.0,15.126388888888888,1440.0,2048.8149002790447,1.422788125193781,1440.0,73.41425341802132,51.0,171.0,9289.0,10080.0,2051.0,24.0
2347167796,7804.0,5.15999984741211,5.15999984741211,0.0,0.560000002384186,1.67999994754791,2.92000007629395,0.0,9.0,27.0,206.0,781.0,1946.0,2016-04-22,405.0,461.0,1.0,,,,287.0,24.0,7804.0,24.0,417.0,1.0,1946.1954391002653,24.0,7804.0,5.419444444444444,1440.0,287.0,0.19930555555555557,1440.0,20691.0,14.36875,1440.0,1946.195439100265,1.3515246104862952,1440.0,71.99640209332752,53.0,165.0,9172.0,7804.0,1947.0,24.0
2347167796,16901.0,11.3699998855591,11.3699998855591,0.0,2.77999997138977,1.45000004768372,7.15000009536743,0.0,32.0,35.0,360.0,591.0,2629.0,2016-04-23,374.0,386.0,1.0,,,,526.0,24.0,16901.0,24.0,422.0,2.0,2629.259162008762,24.0,16901.0,11.736805555555556,1440.0,526.0,0.36527777777777776,1440.0,27953.0,19.411805555555556,1440.0,2629.2591620087615,1.82587441806164,1440.0,83.43309231897726,53.0,157.0,9543.0,16901.0,2628.0,24.0
2347167796,9471.0,6.26000022888184,6.26000022888184,0.0,0.0,0.0,6.26000022888184,0.0,0.0,0.0,360.0,584.0,2187.0,2016-04-24,442.0,459.0,1.0,,,,360.0,24.0,9471.0,24.0,496.0,2.0,2186.6127979755397,24.0,9471.0,6.577083333333333,1440.0,360.0,0.25,1440.0,23247.0,16.14375,1440.0,2186.6127979755393,1.5184811097052355,1440.0,77.57597373188406,54.0,127.0,8832.0,9471.0,2187.0,24.0
2347167796,9482.0,6.38000011444092,6.38000011444092,0.0,1.26999998092651,0.519999980926514,4.59999990463257,0.0,15.0,11.0,277.0,653.0,2095.0,2016-04-25,433.0,471.0,1.0,,,,344.0,24.0,9482.0,24.0,484.0,2.0,2095.1864812970157,24.0,9482.0,6.584722222222222,1440.0,344.0,0.2388888888888889,1440.0,22275.0,15.46875,1440.0,2095.1864812970157,1.4549906120118163,1440.0,73.86135600335852,53.0,160.0,9528.0,9482.0,2093.0,24.0
2347167796,5980.0,3.95000004768372,3.95000004768372,0.0,0.0,0.0,3.95000004768372,0.0,0.0,0.0,227.0,732.0,1861.0,2016-04-26,436.0,490.0,1.0,,,,227.0,24.0,5980.0,24.0,480.0,2.0,1861.16520011425,24.0,5980.0,4.152777777777778,1440.0,227.0,0.15763888888888888,1440.0,19787.0,13.740972222222222,1440.0,1861.1652001142497,1.2924758334126734,1440.0,71.73179652000444,49.0,122.0,9023.0,5980.0,1861.0,24.0
2347167796,11423.0,7.57999992370605,7.57999992370605,0.0,1.86000001430511,0.400000005960464,5.32000017166138,0.0,26.0,9.0,295.0,623.0,2194.0,2016-04-27,448.0,499.0,1.0,,,,391.0,24.0,11423.0,24.0,487.0,2.0,2194.231657981872,24.0,11423.0,7.932638888888889,1440.0,391.0,0.27152777777777776,1440.0,23328.0,16.2,1440.0,2194.231657981872,1.5237719847096334,1440.0,75.19362135263515,51.0,144.0,8842.0,11423.0,2195.0,24.0
2347167796,5439.0,3.59999990463257,3.59999990463257,0.0,0.0,0.0,3.59999990463257,0.0,0.0,0.0,229.0,764.0,1854.0,2016-04-28,408.0,450.0,1.0,,,,229.0,24.0,5439.0,24.0,447.0,2.0,1854.7691193222995,24.0,5439.0,3.777083333333333,1440.0,229.0,0.15902777777777777,1440.0,19719.0,13.69375,1440.0,1854.7691193222993,1.2880341106404856,1440.0,73.40854132002218,55.0,138.0,9015.0,5439.0,1856.0,24.0
2347167796,42.0,0.0299999993294477,0.0299999993294477,0.0,0.0,0.0,0.0299999993294477,0.0,0.0,0.0,4.0,2.0,403.0,2016-04-29,411.0,473.0,1.0,,,,2.0,6.0,25.0,6.0,412.0,1.0,344.7298923134803,6.0,25.0,0.06944444444444445,360.0,2.0,0.005555555555555556,360.0,3665.0,10.180555555555555,360.0,344.72989231348026,0.9575830342041118,360.0,62.86971235194586,54.0,85.0,2364.0,25.0,345.0,6.0
2873212765,8796.0,5.90999984741211,5.90999984741211,0.0,0.109999999403954,0.930000007152557,4.88000011444092,0.0,2.0,21.0,356.0,1061.0,1982.0,2016-04-12,,,,,,,,,,,,,,,8796.0,6.108333333333333,1440.0,404.0,0.28055555555555556,1440.0,22570.0,15.67361111111111,1440.0,1982.3231087327006,1.3766132699532643,1440.0,,,,,8796.0,1985.0,24.0
2873212765,7618.0,5.11999988555908,5.11999988555908,0.0,0.0,0.219999998807907,4.88000011444092,0.0199999995529652,0.0,8.0,404.0,1028.0,2004.0,2016-04-13,,,,,,,420.0,24.0,7618.0,24.0,,,2004.2806084156036,24.0,7618.0,5.290277777777778,1440.0,420.0,0.2916666666666667,1440.0,22820.0,15.847222222222221,1440.0,2004.2806084156039,1.391861533621947,1440.0,,,,,7618.0,2007.0,24.0
2873212765,7910.0,5.32000017166138,5.32000017166138,0.0,0.0,0.0,5.32000017166138,0.0,0.0,0.0,331.0,1109.0,1893.0,2016-04-14,,,,,,,331.0,24.0,7910.0,24.0,,,1893.2634900212288,24.0,7910.0,5.493055555555555,1440.0,331.0,0.2298611111111111,1440.0,21556.0,14.969444444444445,1440.0,1893.263490021229,1.3147663125147424,1440.0,,,,,7910.0,1895.0,24.0
2873212765,8482.0,5.69999980926514,5.69999980926514,0.0,0.0,0.0,5.69000005722046,0.0099999997764825,0.0,0.0,448.0,992.0,2063.0,2016-04-15,,,,,,,448.0,24.0,8482.0,24.0,,,2063.6536877155304,24.0,8482.0,5.8902777777777775,1440.0,448.0,0.3111111111111111,1440.0,23496.0,16.316666666666666,1440.0,2063.6536877155304,1.4330928386913406,1440.0,,,,,8482.0,2066.0,24.0
2873212765,9685.0,6.65000009536743,6.65000009536743,0.0,3.10999989509583,0.0199999995529652,3.50999999046326,0.0099999997764825,47.0,1.0,305.0,1087.0,2148.0,2016-04-16,,,,,,,448.0,24.0,9677.0,24.0,,,2148.571248471737,24.0,9677.0,6.720138888888889,1440.0,448.0,0.3111111111111111,1440.0,24484.0,17.002777777777776,1440.0,2148.5712484717374,1.492063366994262,1440.0,,,,,9677.0,2150.0,24.0
2873212765,2524.0,1.70000004768372,1.70000004768372,0.0,0.0,0.349999994039536,1.3400000333786,0.0,0.0,8.0,160.0,1272.0,1529.0,2016-04-17,,,,,,,176.0,24.0,2524.0,24.0,,,1529.9986135959625,24.0,2524.0,1.7527777777777778,1440.0,176.0,0.12222222222222222,1440.0,17420.0,12.097222222222221,1440.0,1529.998613595963,1.0624990372194187,1440.0,,,,,2524.0,1533.0,24.0
2873212765,7762.0,5.23999977111816,5.23999977111816,0.0,0.0700000002980232,0.280000001192093,4.8899998664856,0.0,1.0,6.0,311.0,1122.0,1890.0,2016-04-18,,,,,,,326.0,24.0,7762.0,24.0,,,1890.1894360780716,24.0,7762.0,5.3902777777777775,1440.0,326.0,0.2263888888888889,1440.0,21521.0,14.94513888888889,1440.0,1890.189436078072,1.3126315528319945,1440.0,,,,,7762.0,1893.0,24.0
2873212765,7948.0,5.36999988555908,5.36999988555908,0.0,0.0,0.0,5.3600001335144,0.0,0.0,0.0,389.0,1051.0,1956.0,2016-04-19,,,,,,,389.0,24.0,7948.0,24.0,,,1956.9402369856834,24.0,7948.0,5.519444444444445,1440.0,389.0,0.2701388888888889,1440.0,22281.0,15.472916666666666,1440.0,1956.9402369856837,1.3589862756845026,1440.0,,,,,7948.0,1957.0,24.0
2873212765,9202.0,6.30000019073486,6.30000019073486,0.0,1.50999999046326,0.119999997317791,4.65999984741211,0.0099999997764825,22.0,5.0,378.0,1035.0,2094.0,2016-04-20,,,,,,,454.0,24.0,9202.0,24.0,,,2102.7731782794,24.0,9202.0,6.3902777777777775,1440.0,454.0,0.31527777777777777,1440.0,23940.0,16.625,1440.0,2102.7731782794003,1.4602591515829169,1440.0,,,,,9202.0,2106.0,24.0
2873212765,8859.0,5.98000001907349,5.98000001907349,0.0,0.129999995231628,0.370000004768372,5.46999979019165,0.0099999997764825,2.0,10.0,371.0,1057.0,1970.0,2016-04-21,,,,56.7000007629395,21.4500007629395,1.0,397.0,24.0,8859.0,24.0,,,1970.161023557186,24.0,8859.0,6.152083333333334,1440.0,397.0,0.27569444444444446,1440.0,22529.0,15.645138888888889,1440.0,1970.1610235571857,1.3681673774702678,1440.0,,,,,8859.0,1967.0,24.0
2873212765,7286.0,4.90000009536743,4.90000009536743,0.0,0.46000000834465,0.0,4.42000007629395,0.0199999995529652,46.0,0.0,366.0,1028.0,2241.0,2016-04-22,,,,,,,389.0,24.0,7286.0,24.0,,,1950.4847713112829,24.0,7286.0,5.059722222222222,1440.0,389.0,0.2701388888888889,1440.0,22304.0,15.488888888888889,1440.0,1950.4847713112824,1.3545033134106128,1440.0,,,,,7286.0,1950.0,24.0
2873212765,9317.0,6.34999990463257,6.34999990463257,0.0,2.08999991416931,0.230000004172325,4.01999998092651,0.0099999997764825,28.0,5.0,330.0,1077.0,2021.0,2016-04-23,,,,,,,424.0,24.0,9317.0,24.0,,,2021.056922137737,24.0,9317.0,6.470138888888889,1440.0,424.0,0.29444444444444445,1440.0,23111.0,16.049305555555556,1440.0,2021.0569221377368,1.4035117514845394,1440.0,,,,,9317.0,2016.0,24.0
2873212765,6873.0,4.67999982833862,4.67999982833862,0.0,3.0,0.0599999986588955,1.62000000476837,0.0,46.0,1.0,190.0,1203.0,1898.0,2016-04-24,,,,,,,330.0,24.0,6873.0,24.0,,,1898.1599436402319,24.0,6873.0,4.772916666666666,1440.0,330.0,0.22916666666666666,1440.0,21696.0,15.066666666666666,1440.0,1898.1599436402319,1.318166627527939,1440.0,,,,,6873.0,1890.0,24.0
2873212765,7373.0,4.94999980926514,4.94999980926514,0.0,0.0,0.0,4.94999980926514,0.0,0.0,0.0,359.0,1081.0,1907.0,2016-04-25,,,,,,,359.0,24.0,7373.0,24.0,,,1907.109573304653,24.0,7373.0,5.120138888888889,1440.0,359.0,0.24930555555555556,1440.0,21808.0,15.144444444444444,1440.0,1907.1095733046525,1.324381648128231,1440.0,,,,,7373.0,1904.0,24.0
2873212765,8242.0,5.53999996185303,5.53999996185303,0.0,0.119999997317791,0.180000007152557,5.23999977111816,0.0,2.0,5.0,309.0,1124.0,1882.0,2016-04-26,,,,,,,325.0,24.0,8242.0,24.0,,,1882.9733729362486,24.0,8242.0,5.723611111111111,1440.0,325.0,0.22569444444444445,1440.0,21532.0,14.952777777777778,1440.0,1882.973372936248,1.3076203978723946,1440.0,,,,,8242.0,1877.0,24.0
2873212765,3516.0,2.35999989509583,2.35999989509583,0.0,0.0,0.0,2.35999989509583,0.0,46.0,0.0,197.0,1197.0,1966.0,2016-04-27,,,,,,,335.0,24.0,3516.0,24.0,,,1966.5458454489706,24.0,3516.0,2.441666666666667,1440.0,335.0,0.2326388888888889,1440.0,22478.0,15.609722222222222,1440.0,1966.5458454489706,1.3656568371173408,1440.0,,,,,3516.0,1963.0,24.0
2873212765,7913.0,5.40999984741211,5.40999984741211,0.0,2.16000008583069,0.340000003576279,2.91000008583069,0.0,28.0,7.0,213.0,1192.0,1835.0,2016-04-28,,,,,,,311.0,24.0,7913.0,24.0,,,1835.8378210067747,24.0,7913.0,5.495138888888889,1440.0,311.0,0.21597222222222223,1440.0,20993.0,14.578472222222222,1440.0,1835.8378210067744,1.274887375699149,1440.0,,,,,7913.0,1831.0,24.0
2873212765,7365.0,4.94999980926514,4.94999980926514,0.0,1.36000001430511,1.4099999666214,2.1800000667572,0.0,20.0,23.0,206.0,1191.0,1780.0,2016-04-29,,,,,,,312.0,24.0,7365.0,24.0,,,1780.4819689393041,24.0,7365.0,5.114583333333333,1440.0,312.0,0.21666666666666667,1440.0,20360.0,14.13888888888889,1440.0,1780.481968939304,1.2364458117634054,1440.0,,,,,7365.0,1778.0,24.0
2873212765,8452.0,5.67999982833862,5.67999982833862,0.0,0.330000013113022,1.08000004291534,4.26000022888184,0.0099999997764825,5.0,20.0,248.0,1167.0,1830.0,2016-04-30,,,,,,,303.0,24.0,8452.0,24.0,,,1830.6782708764074,24.0,8452.0,5.8694444444444445,1440.0,303.0,0.21041666666666667,1440.0,20934.0,14.5375,1440.0,1830.6782708764072,1.2713043547752827,1440.0,,,,,8452.0,1825.0,24.0
2873212765,7399.0,4.96999979019165,4.96999979019165,0.0,0.490000009536743,1.03999996185303,3.44000005722046,0.0,7.0,18.0,196.0,1219.0,1739.0,2016-05-01,,,,,,,253.0,24.0,7399.0,24.0,,,1739.7302697300909,24.0,7399.0,5.138194444444444,1440.0,253.0,0.17569444444444443,1440.0,19894.0,13.815277777777778,1440.0,1739.7302697300906,1.2081460206458963,1440.0,,,,,7399.0,1736.0,24.0
2873212765,7525.0,5.05999994277954,5.05999994277954,0.0,0.0,0.209999993443489,4.82999992370605,0.0199999995529652,0.0,7.0,334.0,1099.0,1878.0,2016-05-02,,,,,,,348.0,24.0,7525.0,24.0,,,1878.7757745385168,24.0,7525.0,5.225694444444445,1440.0,348.0,0.24166666666666667,1440.0,21484.0,14.919444444444444,1440.0,1878.7757745385163,1.3047053989850808,1440.0,,,,,7525.0,1877.0,24.0
2873212765,7412.0,4.98000001907349,4.98000001907349,0.0,0.0599999986588955,0.25,4.65999984741211,0.0099999997764825,1.0,6.0,363.0,1070.0,1906.0,2016-05-03,,,,,,,378.0,24.0,7412.0,24.0,,,1906.0601750612257,24.0,7412.0,5.147222222222222,1440.0,378.0,0.2625,1440.0,21796.0,15.136111111111111,1440.0,1906.0601750612252,1.323652899348073,1440.0,,,,,7412.0,1904.0,24.0
2873212765,8278.0,5.55999994277954,5.55999994277954,0.0,0.0,0.0,5.55999994277954,0.0,0.0,0.0,420.0,1020.0,2015.0,2016-05-04,,,,,,,420.0,24.0,8278.0,24.0,,,2015.0228767395017,24.0,8278.0,5.748611111111111,1440.0,420.0,0.2916666666666667,1440.0,23042.0,16.00138888888889,1440.0,2015.0228767395013,1.3993214421802092,1440.0,,,,,8278.0,2013.0,24.0
2873212765,8314.0,5.6100001335144,5.6100001335144,0.0,0.779999971389771,0.800000011920929,4.03000020980835,0.0,13.0,23.0,311.0,1093.0,1971.0,2016-05-05,,,,,,,396.0,24.0,8314.0,24.0,,,1971.3853215575216,24.0,8314.0,5.773611111111111,1440.0,396.0,0.275,1440.0,22543.0,15.654861111111112,1440.0,1971.3853215575214,1.3690175844149455,1440.0,,,,,8314.0,1967.0,24.0
2873212765,7063.0,4.75,4.75,0.0,0.0,0.119999997317791,4.6100001335144,0.0099999997764825,0.0,5.0,370.0,1065.0,1910.0,2016-05-06,,,,,,,380.0,24.0,7063.0,24.0,,,1910.7824737429617,24.0,7063.0,4.904861111111111,1440.0,380.0,0.2638888888888889,1440.0,21850.0,15.17361111111111,1440.0,1910.7824737429612,1.3269322734326119,1440.0,,,,,7063.0,1909.0,24.0
2873212765,4940.0,3.38000011444092,3.38000011444092,0.0,2.27999997138977,0.550000011920929,0.550000011920929,0.0,75.0,11.0,52.0,1302.0,1897.0,2016-05-07,,,,,,,299.0,24.0,4940.0,24.0,,,1897.6352435350416,24.0,4940.0,3.4305555555555554,1440.0,299.0,0.2076388888888889,1440.0,21690.0,15.0625,1440.0,1897.6352435350416,1.31780225245489,1440.0,,,,,4940.0,1890.0,24.0
2873212765,8168.0,5.53999996185303,5.53999996185303,0.0,2.90000009536743,0.0,2.64000010490417,0.0,46.0,0.0,326.0,1068.0,2096.0,2016-05-08,,,,,,,464.0,24.0,8168.0,24.0,,,2096.6714491844177,24.0,8168.0,5.6722222222222225,1440.0,464.0,0.32222222222222224,1440.0,23966.0,16.643055555555556,1440.0,2096.6714491844173,1.4560218397114009,1440.0,,,,,8168.0,2094.0,24.0
2873212765,7726.0,5.19000005722046,5.19000005722046,0.0,0.0,0.0,5.19000005722046,0.0,0.0,0.0,345.0,1095.0,1906.0,2016-05-09,,,,,,,345.0,24.0,7726.0,24.0,,,1906.934674322605,24.0,7726.0,5.365277777777778,1440.0,345.0,0.23958333333333334,1440.0,21806.0,15.143055555555556,1440.0,1906.9346743226045,1.3242601905018085,1440.0,,,,,7726.0,1906.0,24.0
2873212765,8275.0,5.55999994277954,5.55999994277954,0.0,0.0,0.0,5.55000019073486,0.0099999997764825,0.0,0.0,373.0,1067.0,1962.0,2016-05-10,,,,,,,373.0,24.0,8275.0,24.0,,,1962.377975285053,24.0,8275.0,5.746527777777778,1440.0,373.0,0.2590277777777778,1440.0,22440.0,15.583333333333334,1440.0,1962.3779752850526,1.362762482836842,1440.0,,,,,8275.0,1960.0,24.0
2873212765,6440.0,4.32999992370605,4.32999992370605,0.0,0.0,0.0,4.32000017166138,0.0099999997764825,0.0,0.0,319.0,1121.0,1826.0,2016-05-11,,,,,,,319.0,24.0,6440.0,24.0,,,1817.91057485342,24.0,6440.0,4.472222222222222,1440.0,319.0,0.22152777777777777,1440.0,20788.0,14.436111111111112,1440.0,1817.9105748534196,1.2624378992037637,1440.0,,,,,6440.0,1815.0,24.0
2873212765,7566.0,5.1100001335144,5.1100001335144,0.0,0.0,0.0,5.1100001335144,0.0,0.0,0.0,268.0,720.0,1431.0,2016-05-12,,,,57.2999992370605,21.6900005340576,1.0,367.0,24.0,8768.0,24.0,,,1979.7222442030911,24.0,7475.0,7.786458333333333,960.0,259.0,0.26979166666666665,960.0,15857.0,16.517708333333335,960.0,1393.671725451947,1.4517413806791113,960.0,,,,,7475.0,1395.0,16.0
2873212765,,,,,,,,,,,,,,2016-05-13,,,,,,,0.0,5.0,0.0,5.0,,,263.66999745368963,5.0,,,,,,,,,,,,,,,,,,,
3372868164,4747.0,3.24000000953674,3.24000000953674,0.0,0.0,0.0,3.23000001907349,0.0099999997764825,0.0,0.0,280.0,1160.0,1788.0,2016-04-12,,,,,,,,,,,,,,,4747.0,3.296527777777778,1440.0,280.0,0.19444444444444445,1440.0,19118.0,13.276388888888889,1440.0,1788.1065387725826,1.2417406519254046,1440.0,,,,,4747.0,1787.0,24.0
3372868164,9715.0,6.63000011444092,6.63000011444092,0.0,0.990000009536743,0.340000003576279,5.26999998092651,0.0199999995529652,16.0,8.0,371.0,1045.0,2093.0,2016-04-13,,,,,,,435.0,24.0,9715.0,24.0,,,2093.201402544975,24.0,9715.0,6.746527777777778,1440.0,435.0,0.3020833333333333,1440.0,22380.0,15.541666666666666,1440.0,2093.201402544975,1.4536120851006769,1440.0,,,,,9715.0,2092.0,24.0
3372868164,8844.0,6.03000020980835,6.03000020980835,0.0,0.340000003576279,1.02999997138977,4.65000009536743,0.0099999997764825,6.0,25.0,370.0,1039.0,2065.0,2016-04-14,,,,,,,438.0,24.0,8844.0,24.0,,,2065.3294643163676,24.0,8844.0,6.141666666666667,1440.0,438.0,0.30416666666666664,1440.0,22082.0,15.334722222222222,1440.0,2065.3294643163676,1.434256572441922,1440.0,,,,,8844.0,2065.0,24.0
3372868164,7451.0,5.07999992370605,5.07999992370605,0.0,0.0,0.0,5.05999994277954,0.0199999995529652,0.0,0.0,335.0,1105.0,1908.0,2016-04-15,,,,,,,335.0,24.0,7451.0,24.0,,,1908.38612306118,24.0,7451.0,5.174305555555556,1440.0,335.0,0.2326388888888889,1440.0,20404.0,14.169444444444444,1440.0,1908.3861230611794,1.325268141014708,1440.0,,,,,7451.0,1909.0,24.0
3372868164,6905.0,4.73000001907349,4.73000001907349,0.0,0.0,0.0,4.69999980926514,0.0299999993294477,0.0,0.0,356.0,1084.0,1908.0,2016-04-16,,,,,,,356.0,24.0,6905.0,24.0,,,1908.1055312156675,24.0,6905.0,4.795138888888889,1440.0,356.0,0.24722222222222223,1440.0,20401.0,14.167361111111111,1440.0,1908.1055312156675,1.3250732855664358,1440.0,,,,,6905.0,1908.0,24.0
3372868164,8199.0,5.88000011444092,5.88000011444092,0.0,1.4099999666214,0.100000001490116,4.3600001335144,0.0099999997764825,11.0,2.0,322.0,1105.0,1964.0,2016-04-17,,,,,,,359.0,24.0,8199.0,24.0,,,1964.4105905294414,24.0,8199.0,5.69375,1440.0,359.0,0.24930555555555556,1440.0,21003.0,14.585416666666667,1440.0,1964.4105905294414,1.364174021201001,1440.0,,,,,8199.0,1966.0,24.0
3372868164,6798.0,4.6399998664856,4.6399998664856,0.0,1.08000004291534,0.200000002980232,3.34999990463257,0.0,20.0,7.0,343.0,1070.0,2014.0,2016-04-18,,,,,,,417.0,24.0,6798.0,24.0,,,2014.075021743774,24.0,6798.0,4.720833333333333,1440.0,417.0,0.28958333333333336,1440.0,21534.0,14.954166666666667,1440.0,2014.075021743774,1.3986632095442875,1440.0,,,,,6798.0,2014.0,24.0
3372868164,7711.0,5.26000022888184,5.26000022888184,0.0,0.0,0.0,5.23999977111816,0.0199999995529652,0.0,0.0,376.0,1064.0,1985.0,2016-04-19,,,,,,,376.0,24.0,7711.0,24.0,,,1985.8289647102354,24.0,7711.0,5.354861111111111,1440.0,376.0,0.2611111111111111,1440.0,21232.0,14.744444444444444,1440.0,1985.8289647102351,1.3790478921598854,1440.0,,,,,7711.0,1983.0,24.0
3372868164,4880.0,3.32999992370605,3.32999992370605,0.0,0.839999973773956,0.0900000035762787,2.38000011444092,0.0199999995529652,15.0,3.0,274.0,1148.0,1867.0,2016-04-20,,,,,,,325.0,24.0,4880.0,24.0,,,1867.9811577796934,24.0,4880.0,3.388888888888889,1440.0,325.0,0.22569444444444445,1440.0,19972.0,13.869444444444444,1440.0,1867.9811577796931,1.2972091373470092,1440.0,,,,,4880.0,1867.0,24.0
3372868164,8857.0,6.07000017166138,6.07000017166138,0.0,1.14999997615814,0.259999990463257,4.6399998664856,0.0099999997764825,18.0,9.0,376.0,1037.0,2124.0,2016-04-21,,,,,,,448.0,24.0,8857.0,24.0,,,2124.159834504127,24.0,8857.0,6.1506944444444445,1440.0,448.0,0.3111111111111111,1440.0,22711.0,15.771527777777777,1440.0,2124.159834504127,1.4751109961834215,1440.0,,,,,8857.0,2125.0,24.0
3372868164,3843.0,2.61999988555908,2.61999988555908,0.0,0.0,0.0,2.60999989509583,0.0099999997764825,0.0,0.0,206.0,1234.0,1669.0,2016-04-22,,,,,,,206.0,24.0,3843.0,24.0,,,1669.5104970932005,24.0,3843.0,2.66875,1440.0,206.0,0.14305555555555555,1440.0,17850.0,12.395833333333334,1440.0,1669.5104970932002,1.1593822896480557,1440.0,,,,,3843.0,1668.0,24.0
3372868164,7396.0,5.07000017166138,5.07000017166138,0.0,1.39999997615814,0.0799999982118607,3.57999992370605,0.0,20.0,2.0,303.0,1115.0,1995.0,2016-04-23,,,,,,,367.0,24.0,7396.0,24.0,,,1995.4625512361524,24.0,7396.0,5.136111111111111,1440.0,367.0,0.2548611111111111,1440.0,21335.0,14.815972222222221,1440.0,1995.462551236152,1.3857378828028832,1440.0,,,,,7396.0,1996.0,24.0
3372868164,6731.0,4.59000015258789,4.59000015258789,0.0,0.889999985694885,0.189999997615814,3.49000000953674,0.0199999995529652,14.0,7.0,292.0,1127.0,1921.0,2016-04-24,,,,,,,348.0,24.0,6731.0,24.0,,,1921.4803186655042,24.0,6731.0,4.674305555555556,1440.0,348.0,0.24166666666666667,1440.0,20544.0,14.266666666666667,1440.0,1921.480318665504,1.3343613324066,1440.0,,,,,6731.0,1919.0,24.0
3372868164,5995.0,4.09000015258789,4.09000015258789,0.0,0.0,0.0,4.09000015258789,0.0,0.0,0.0,416.0,1024.0,2010.0,2016-04-25,,,,,,,416.0,24.0,5995.0,24.0,,,2010.7079455852504,24.0,5995.0,4.163194444444445,1440.0,416.0,0.28888888888888886,1440.0,21498.0,14.929166666666667,1440.0,2010.7079455852502,1.3963249622119793,1440.0,,,,,5995.0,2012.0,24.0
3372868164,8283.0,5.78999996185303,5.78999996185303,0.0,1.85000002384186,0.0500000007450581,3.86999988555908,0.0099999997764825,22.0,2.0,333.0,1083.0,2057.0,2016-04-26,,,,,,,403.0,24.0,8283.0,24.0,,,2057.0052925348277,24.0,8283.0,5.752083333333333,1440.0,403.0,0.2798611111111111,1440.0,21993.0,15.272916666666667,1440.0,2057.0052925348277,1.4284758975936305,1440.0,,,,,8283.0,2056.0,24.0
3372868164,7904.0,5.42000007629395,5.42000007629395,0.0,1.58000004291534,0.629999995231628,3.19000005722046,0.0099999997764825,24.0,13.0,346.0,1057.0,2095.0,2016-04-27,,,,,,,444.0,24.0,7904.0,24.0,,,2095.9137743711467,24.0,7904.0,5.488888888888889,1440.0,444.0,0.30833333333333335,1440.0,22409.0,15.561805555555555,1440.0,2095.9137743711467,1.4554956766466296,1440.0,,,,,7904.0,2095.0,24.0
3372868164,5512.0,3.75999999046326,3.75999999046326,0.0,0.0,0.0,3.75999999046326,0.0,0.0,0.0,385.0,1055.0,1972.0,2016-04-28,,,,,,,385.0,24.0,5512.0,24.0,,,1972.5477021932597,24.0,5512.0,3.827777777777778,1440.0,385.0,0.2673611111111111,1440.0,21090.0,14.645833333333334,1440.0,1972.5477021932597,1.3698247931897638,1440.0,,,,,5512.0,1971.0,24.0
3372868164,9135.0,6.23000001907349,6.23000001907349,0.0,0.0,0.0,6.21999979019165,0.0099999997764825,0.0,0.0,402.0,1038.0,2044.0,2016-04-29,,,,,,,402.0,24.0,9135.0,24.0,,,2044.9399247169492,24.0,9135.0,6.34375,1440.0,402.0,0.2791666666666667,1440.0,21864.0,15.183333333333334,1440.0,2044.939924716949,1.4200971699423257,1440.0,,,,,9135.0,2044.0,24.0
3372868164,5250.0,3.57999992370605,3.57999992370605,0.0,1.05999994277954,0.0900000035762787,2.42000007629395,0.0099999997764825,17.0,4.0,300.0,1119.0,1946.0,2016-04-30,,,,,,,359.0,24.0,5250.0,24.0,,,1946.9204827547069,24.0,5250.0,3.6458333333333335,1440.0,359.0,0.24930555555555556,1440.0,20816.0,14.455555555555556,1440.0,1946.9204827547067,1.3520281130241019,1440.0,,,,,5250.0,1945.0,24.0
3372868164,3077.0,2.09999990463257,2.09999990463257,0.0,0.0,0.0,2.08999991416931,0.0,0.0,0.0,172.0,842.0,1237.0,2016-05-01,,,,,,,160.0,16.0,2901.0,16.0,,,1166.5061576366422,16.0,2901.0,3.021875,960.0,160.0,0.16666666666666666,960.0,12472.0,12.991666666666667,960.0,1166.5061576366422,1.2151105808715024,960.0,,,,,2901.0,1167.0,16.0
3977333714,8856.0,5.98000001907349,5.98000001907349,0.0,3.05999994277954,0.910000026226044,2.00999999046326,0.0,44.0,19.0,131.0,777.0,1450.0,2016-04-12,274.0,469.0,1.0,,,,,,,,469.0,1.0,,,8856.0,6.15,1440.0,301.0,0.20902777777777778,1440.0,20644.0,14.33611111111111,1440.0,1450.6539080142968,1.0073985472321505,1440.0,,,,,8856.0,1450.0,24.0
3977333714,10035.0,6.71000003814697,6.71000003814697,0.0,2.02999997138977,2.13000011444092,2.54999995231628,0.0,31.0,46.0,153.0,754.0,1495.0,2016-04-13,295.0,456.0,2.0,,,,338.0,24.0,10035.0,24.0,456.0,2.0,1495.7672485113142,24.0,10035.0,6.96875,1440.0,338.0,0.23472222222222222,1440.0,21286.0,14.781944444444445,1440.0,1495.767248511314,1.0387272559106346,1440.0,,,,,10035.0,1492.0,24.0
3977333714,7641.0,5.1100001335144,5.1100001335144,0.0,0.319999992847443,0.970000028610229,3.8199999332428,0.0,5.0,23.0,214.0,801.0,1433.0,2016-04-14,291.0,397.0,1.0,,,,275.0,24.0,7641.0,24.0,397.0,1.0,1433.2972202897067,24.0,7641.0,5.30625,1440.0,275.0,0.1909722222222222,1440.0,20397.0,14.164583333333333,1440.0,1433.2972202897065,0.9953452918678517,1440.0,,,,,7641.0,1432.0,24.0
3977333714,9010.0,6.05999994277954,6.05999994277954,0.0,1.04999995231628,1.75,3.25999999046326,0.0,15.0,42.0,183.0,644.0,1468.0,2016-04-15,424.0,556.0,1.0,,,,312.0,24.0,9010.0,24.0,556.0,1.0,1468.572758197784,24.0,9010.0,6.256944444444445,1440.0,312.0,0.21666666666666667,1440.0,20899.0,14.513194444444444,1440.0,1468.5727581977837,1.0198421931929054,1440.0,,,,,9010.0,1469.0,24.0
3977333714,13459.0,9.0,9.0,0.0,2.02999997138977,4.0,2.97000002861023,0.0,31.0,83.0,153.0,663.0,1625.0,2016-04-16,283.0,510.0,1.0,,,,412.0,24.0,13459.0,24.0,510.0,1.0,1625.0640509128566,24.0,13459.0,9.346527777777778,1440.0,412.0,0.2861111111111111,1440.0,23126.0,16.059722222222224,1440.0,1625.0640509128566,1.128516702022817,1440.0,,,,,13459.0,1624.0,24.0
3977333714,10415.0,6.96999979019165,6.96999979019165,0.0,0.699999988079071,2.34999990463257,3.92000007629395,0.0,11.0,58.0,205.0,600.0,1529.0,2016-04-17,381.0,566.0,1.0,,,,354.0,24.0,10415.0,24.0,566.0,1.0,1529.7076587080953,24.0,10415.0,7.232638888888889,1440.0,354.0,0.24583333333333332,1440.0,21769.0,15.11736111111111,1440.0,1529.707658708095,1.062296985213955,1440.0,,,,,10415.0,1529.0,24.0
3977333714,11663.0,7.80000019073486,7.80000019073486,0.0,0.25,3.73000001907349,3.8199999332428,0.0,4.0,95.0,214.0,605.0,1584.0,2016-04-18,412.0,522.0,2.0,,,,416.0,24.0,11663.0,24.0,522.0,2.0,1584.377718389034,24.0,11663.0,8.099305555555556,1440.0,416.0,0.28888888888888886,1440.0,22547.0,15.657638888888888,1440.0,1584.3777183890338,1.100262304436829,1440.0,,,,,11663.0,1583.0,24.0
3977333714,12414.0,8.77999973297119,8.77999973297119,0.0,2.24000000953674,2.45000004768372,3.96000003814697,0.0,19.0,67.0,221.0,738.0,1638.0,2016-04-19,219.0,395.0,1.0,,,,412.0,24.0,12257.0,24.0,395.0,1.0,1631.036997079849,24.0,12257.0,8.511805555555556,1440.0,412.0,0.2861111111111111,1440.0,23211.0,16.11875,1440.0,1631.0369970798488,1.1326645813054506,1440.0,,,,,12257.0,1632.0,24.0
3977333714,11658.0,7.82999992370605,7.82999992370605,0.0,0.200000002980232,4.34999990463257,3.27999997138977,0.0,2.0,98.0,164.0,845.0,1554.0,2016-04-20,152.0,305.0,2.0,,,,366.0,24.0,11658.0,24.0,331.0,3.0,1554.7237778902052,24.0,11658.0,8.095833333333333,1440.0,366.0,0.25416666666666665,1440.0,22125.0,15.364583333333334,1440.0,1554.7237778902052,1.0796692902015315,1440.0,,,,,11658.0,1553.0,24.0
3977333714,6093.0,4.07999992370605,4.07999992370605,0.0,0.0,0.0,4.05999994277954,0.0,0.0,0.0,242.0,712.0,1397.0,2016-04-21,332.0,512.0,1.0,,,,242.0,24.0,6072.0,24.0,486.0,1.0,1396.3352000117295,24.0,6072.0,4.216666666666667,1440.0,242.0,0.16805555555555557,1440.0,19871.0,13.799305555555556,1440.0,1396.3352000117293,0.9696772222303676,1440.0,,,,,6072.0,1394.0,24.0
3977333714,8911.0,5.96000003814697,5.96000003814697,0.0,2.32999992370605,0.579999983310699,3.05999994277954,0.0,33.0,12.0,188.0,731.0,1481.0,2016-04-22,355.0,476.0,1.0,,,,311.0,24.0,8911.0,24.0,476.0,1.0,1481.3618997931476,24.0,8911.0,6.188194444444444,1440.0,311.0,0.21597222222222223,1440.0,21081.0,14.639583333333333,1440.0,1481.3618997931474,1.028723541523019,1440.0,,,,,8911.0,1482.0,24.0
3977333714,12058.0,8.06999969482422,8.06999969482422,0.0,0.0,4.21999979019165,3.84999990463257,0.0,0.0,92.0,252.0,724.0,1638.0,2016-04-23,235.0,372.0,1.0,,,,436.0,24.0,12058.0,24.0,372.0,1.0,1638.7666984200473,24.0,12058.0,8.373611111111112,1440.0,436.0,0.30277777777777776,1440.0,23321.0,16.195138888888888,1440.0,1638.7666984200473,1.1380324294583661,1440.0,,,,,12058.0,1637.0,24.0
3977333714,14112.0,10.0,10.0,0.0,3.26999998092651,4.55999994277954,2.17000007629395,0.0,30.0,95.0,129.0,660.0,1655.0,2016-04-24,310.0,526.0,1.0,,,,409.0,24.0,14112.0,24.0,526.0,1.0,1655.3504188060758,24.0,14112.0,9.8,1440.0,409.0,0.28402777777777777,1440.0,23557.0,16.35902777777778,1440.0,1655.3504188060756,1.1495489019486635,1440.0,,,,,14112.0,1654.0,24.0
3977333714,11177.0,8.47999954223633,8.47999954223633,0.0,5.61999988555908,0.430000007152557,2.41000008583069,0.0,50.0,9.0,133.0,781.0,1570.0,2016-04-25,262.0,467.0,1.0,,,,301.0,24.0,11168.0,24.0,467.0,1.0,1568.1453461050983,24.0,11168.0,7.7555555555555555,1440.0,301.0,0.20902777777777778,1440.0,22316.0,15.497222222222222,1440.0,1568.1453461050983,1.088989823684096,1440.0,,,,,11168.0,1564.0,24.0
3977333714,11388.0,7.61999988555908,7.61999988555908,0.0,0.449999988079071,4.21999979019165,2.95000004768372,0.0,7.0,95.0,170.0,797.0,1551.0,2016-04-26,250.0,371.0,1.0,,,,381.0,24.0,11388.0,24.0,371.0,1.0,1551.912977516651,24.0,11388.0,7.908333333333333,1440.0,381.0,0.26458333333333334,1440.0,22085.0,15.336805555555555,1440.0,1551.9129775166507,1.077717345497674,1440.0,,,,,11388.0,1552.0,24.0
3977333714,7193.0,5.03999996185303,5.03999996185303,0.0,0.0,0.419999986886978,4.61999988555908,0.0,0.0,10.0,176.0,714.0,1377.0,2016-04-27,349.0,540.0,1.0,,,,196.0,24.0,7193.0,24.0,540.0,1.0,1377.292028903961,24.0,7193.0,4.995138888888889,1440.0,196.0,0.1361111111111111,1440.0,19600.0,13.61111111111111,1440.0,1377.2920289039607,0.9564527978499727,1440.0,,,,,7193.0,1376.0,24.0
3977333714,7114.0,4.88000011444092,4.88000011444092,0.0,1.37000000476837,0.28999999165535,3.22000002861023,0.0,15.0,8.0,190.0,804.0,1407.0,2016-04-28,261.0,423.0,1.0,,,,251.0,24.0,7114.0,24.0,423.0,1.0,1407.718938171863,24.0,7114.0,4.940277777777778,1440.0,251.0,0.17430555555555555,1440.0,20033.0,13.911805555555556,1440.0,1407.7189381718629,0.9775825959526826,1440.0,,,,,7114.0,1404.0,24.0
3977333714,10645.0,7.75,7.75,0.0,3.74000000953674,1.29999995231628,2.71000003814697,0.0,36.0,32.0,150.0,744.0,1545.0,2016-04-29,333.0,478.0,1.0,,,,322.0,24.0,10645.0,24.0,478.0,1.0,1545.2373266220088,24.0,10645.0,7.392361111111111,1440.0,322.0,0.22361111111111112,1440.0,21990.0,15.270833333333334,1440.0,1545.2373266220086,1.0730814768208392,1440.0,,,,,10645.0,1543.0,24.0
3977333714,13238.0,9.19999980926514,9.19999980926514,0.0,3.69000005722046,2.09999990463257,3.41000008583069,0.0,43.0,52.0,194.0,687.0,1650.0,2016-04-30,237.0,382.0,1.0,,,,427.0,24.0,13238.0,24.0,464.0,2.0,1650.2207043170927,24.0,13238.0,9.193055555555556,1440.0,427.0,0.2965277777777778,1440.0,23484.0,16.308333333333334,1440.0,1650.2207043170924,1.145986600220203,1440.0,,,,,13238.0,1650.0,24.0
3977333714,10414.0,7.07000017166138,7.07000017166138,0.0,2.67000007629395,1.98000001907349,2.41000008583069,0.0,41.0,40.0,124.0,691.0,1501.0,2016-05-01,383.0,626.0,1.0,,,,327.0,24.0,10414.0,24.0,544.0,1.0,1501.5293884873386,24.0,10414.0,7.231944444444444,1440.0,327.0,0.22708333333333333,1440.0,21368.0,14.838888888888889,1440.0,1501.5293884873386,1.0427287420050961,1440.0,,,,,10414.0,1500.0,24.0
3977333714,16520.0,11.0500001907349,11.0500001907349,0.0,1.53999996185303,6.48000001907349,3.01999998092651,0.0,24.0,143.0,176.0,713.0,1760.0,2016-05-02,230.0,384.0,1.0,,,,534.0,24.0,16520.0,24.0,384.0,1.0,1760.8959632515905,24.0,16520.0,11.472222222222221,1440.0,534.0,0.37083333333333335,1440.0,25059.0,17.402083333333334,1440.0,1760.8959632515905,1.2228444189247156,1440.0,,,,,16520.0,1761.0,24.0
3977333714,14335.0,9.59000015258789,9.59000015258789,0.0,3.3199999332428,1.74000000953674,4.53000020980835,0.0,47.0,41.0,258.0,594.0,1710.0,2016-05-03,292.0,500.0,1.0,,,,481.0,24.0,14335.0,24.0,500.0,1.0,1709.5988544821737,24.0,14335.0,9.95486111111111,1440.0,481.0,0.33402777777777776,1440.0,24329.0,16.895138888888887,1440.0,1709.5988544821735,1.1872214267237315,1440.0,,,,,14335.0,1707.0,24.0
3977333714,13559.0,9.4399995803833,9.4399995803833,0.0,1.80999994277954,4.57999992370605,2.89000010490417,0.0,14.0,96.0,142.0,852.0,1628.0,2016-05-04,213.0,336.0,1.0,,,,376.0,24.0,13373.0,24.0,336.0,1.0,1619.7937988638876,24.0,13373.0,9.286805555555556,1440.0,376.0,0.2611111111111111,1440.0,23051.0,16.007638888888888,1440.0,1619.7937988638876,1.1248568047665886,1440.0,,,,,13373.0,1620.0,24.0
3977333714,12312.0,8.57999992370605,8.57999992370605,0.0,1.75999999046326,4.1100001335144,2.71000003814697,0.0,14.0,88.0,178.0,680.0,1618.0,2016-05-05,318.0,480.0,1.0,,,,396.0,24.0,12312.0,24.0,480.0,1.0,1618.1073209047313,24.0,12312.0,8.55,1440.0,396.0,0.275,1440.0,23027.0,15.990972222222222,1440.0,1618.1073209047313,1.1236856395171746,1440.0,,,,,12312.0,1617.0,24.0
3977333714,11677.0,8.27999973297119,8.27999973297119,0.0,3.10999989509583,2.50999999046326,2.67000007629395,0.0,29.0,55.0,168.0,676.0,1590.0,2016-05-06,323.0,512.0,1.0,,,,365.0,24.0,11677.0,24.0,512.0,1.0,1589.3668895363803,24.0,11677.0,8.109027777777778,1440.0,365.0,0.2534722222222222,1440.0,22618.0,15.706944444444444,1440.0,1589.3668895363803,1.1037270066224862,1440.0,,,,,11677.0,1587.0,24.0
3977333714,11550.0,7.73000001907349,7.73000001907349,0.0,0.0,4.13000011444092,3.58999991416931,0.0,0.0,86.0,208.0,703.0,1574.0,2016-05-07,237.0,443.0,1.0,,,,380.0,24.0,11550.0,24.0,443.0,1.0,1574.8209962248798,24.0,11550.0,8.020833333333334,1440.0,380.0,0.2638888888888889,1440.0,22411.0,15.563194444444445,1440.0,1574.8209962248795,1.093625691822833,1440.0,,,,,11550.0,1572.0,24.0
3977333714,13585.0,9.09000015258789,9.09000015258789,0.0,0.680000007152557,5.23999977111816,3.17000007629395,0.0,9.0,116.0,171.0,688.0,1633.0,2016-05-08,259.0,456.0,2.0,,,,430.0,24.0,13585.0,24.0,456.0,2.0,1633.8477951884267,24.0,13585.0,9.434027777777779,1440.0,430.0,0.2986111111111111,1440.0,23251.0,16.146527777777777,1440.0,1633.8477951884265,1.1346165244364073,1440.0,,,,,13585.0,1633.0,24.0
3977333714,14687.0,10.0799999237061,10.0799999237061,0.0,0.769999980926514,5.59999990463257,3.54999995231628,0.0,8.0,122.0,151.0,1159.0,1667.0,2016-05-09,,,,,,,419.0,24.0,14513.0,24.0,,,1658.2314870953558,24.0,14513.0,10.078472222222222,1440.0,419.0,0.29097222222222224,1440.0,23598.0,16.3875,1440.0,1658.2314870953558,1.1515496438162194,1440.0,,,,,14513.0,1658.0,24.0
3977333714,13072.0,8.77999973297119,8.77999973297119,0.0,0.0700000002980232,5.40000009536743,3.30999994277954,0.0,1.0,115.0,196.0,676.0,1630.0,2016-05-10,312.0,452.0,1.0,,,,429.0,24.0,13072.0,24.0,452.0,1.0,1630.1937575340266,24.0,13072.0,9.077777777777778,1440.0,429.0,0.29791666666666666,1440.0,23199.0,16.110416666666666,1440.0,1630.1937575340266,1.1320789982875186,1440.0,,,,,13072.0,1627.0,24.0
3977333714,746.0,0.5,0.5,0.0,0.370000004768372,0.0,0.129999995231628,0.0,4.0,0.0,9.0,13.0,52.0,2016-05-11,,,,,,,383.0,24.0,12240.0,24.0,,,1597.5884777307506,24.0,,,,,,,,,,,,,,,,,,,
3977333714,,,,,,,,,,,,,,2016-05-12,,,,,,,468.0,24.0,14745.0,24.0,,,1672.9881873726843,24.0,,,,,,,,,,,,,,,,,,,
3977333714,,,,,,,,,,,,,,2016-05-13,,,,,,,18.0,5.0,329.0,5.0,,,234.5612660646438,5.0,,,,,,,,,,,,,,,,,,,
4020332650,,,,,,,,,,,,,,2016-04-11,,,,,,,,,,,163.0,1.0,,,,,,,,,,,,,,,,,,,,,
4020332650,8539.0,6.11999988555908,6.11999988555908,0.0,0.150000005960464,0.239999994635582,5.67999982833862,0.0,4.0,15.0,331.0,712.0,3654.0,2016-04-12,501.0,541.0,1.0,,,,,,,,378.0,1.0,,,8489.0,5.895138888888889,1440.0,373.0,0.2590277777777778,1440.0,26521.0,18.417361111111113,1440.0,3647.69834768772,2.5331238525609168,1440.0,83.4990136324824,49.0,133.0,33963.0,8489.0,3648.0,24.0
4020332650,0.0,0.0,0.0,0.0,0.0,0.0,0.0,0.0,0.0,0.0,0.0,1440.0,1981.0,2016-04-13,,,,,,,0.0,24.0,0.0,24.0,,,1980.5759239196757,24.0,0.0,0.0,1440.0,0.0,0.0,1440.0,14400.0,10.0,1440.0,1980.5759239196736,1.37539994716644,1440.0,,,,,0.0,1992.0,24.0
4020332650,108.0,0.0799999982118607,0.0799999982118607,0.0,0.0,0.0,0.0299999993294477,0.0,0.0,0.0,3.0,1437.0,2011.0,2016-04-14,,,,,,,3.0,24.0,38.0,24.0,,,1996.393025279043,24.0,38.0,0.02638888888888889,1440.0,3.0,0.0020833333333333333,1440.0,14515.0,10.07986111111111,1440.0,1996.393025279041,1.3863840453326675,1440.0,90.70096685082873,65.0,133.0,1448.0,38.0,2006.0,24.0
4020332650,1882.0,1.35000002384186,1.35000002384186,0.0,0.209999993443489,0.360000014305115,0.769999980926514,0.0,36.0,18.0,87.0,1299.0,2951.0,2016-04-15,,,,,,,231.0,24.0,1873.0,24.0,,,2948.8575396537763,24.0,1873.0,1.3006944444444444,1440.0,231.0,0.16041666666666668,1440.0,21440.0,14.88888888888889,1440.0,2948.857539653774,2.047817735870676,1440.0,92.92564172832739,51.0,191.0,10947.0,1873.0,2955.0,24.0
4020332650,1982.0,1.41999995708466,1.41999995708466,0.0,0.449999988079071,0.370000004768372,0.589999973773956,0.0,65.0,21.0,55.0,1222.0,3051.0,2016-04-16,77.0,77.0,1.0,,,,292.0,24.0,1969.0,24.0,77.0,1.0,3051.4623777866336,24.0,1969.0,1.367361111111111,1440.0,292.0,0.20277777777777778,1440.0,22186.0,15.406944444444445,1440.0,3051.462377786632,2.119071095685161,1440.0,100.90332042707966,62.0,143.0,8523.0,1969.0,3059.0,24.0
4020332650,16.0,0.0099999997764825,0.0099999997764825,0.0,0.0,0.0,0.0099999997764825,0.0,0.0,0.0,2.0,1438.0,1990.0,2016-04-17,,,,,,,2.0,24.0,7.0,24.0,,,1988.4157044887522,24.0,7.0,0.004861111111111111,1440.0,2.0,0.001388888888888889,1440.0,14457.0,10.039583333333333,1440.0,1988.4157044887502,1.3808442392282987,1440.0,98.82608695652173,66.0,116.0,69.0,7.0,1999.0,24.0
4020332650,62.0,0.0399999991059303,0.0399999991059303,0.0,0.0,0.0,0.0399999991059303,0.0,0.0,0.0,2.0,1438.0,1995.0,2016-04-18,,,,,,,2.0,24.0,62.0,24.0,,,1995.0176243782023,24.0,62.0,0.043055555555555555,1440.0,2.0,0.001388888888888889,1440.0,14505.0,10.072916666666666,1440.0,1995.0176243782003,1.3854289058181946,1440.0,,,,,62.0,2006.0,24.0
4020332650,0.0,0.0,0.0,0.0,0.0,0.0,0.0,0.0,0.0,0.0,0.0,1440.0,1980.0,2016-04-19,,,,,,,0.0,24.0,0.0,24.0,,,1980.5759239196757,24.0,0.0,0.0,1440.0,0.0,0.0,1440.0,14400.0,10.0,1440.0,1980.5759239196736,1.37539994716644,1440.0,,,,,0.0,1992.0,24.0
4020332650,0.0,0.0,0.0,0.0,0.0,0.0,0.0,0.0,0.0,0.0,0.0,1440.0,1980.0,2016-04-20,,,,,,,0.0,24.0,0.0,24.0,,,1980.5759239196757,24.0,0.0,0.0,1440.0,0.0,0.0,1440.0,14400.0,10.0,1440.0,1980.5759239196736,1.37539994716644,1440.0,,,,,0.0,1992.0,24.0
4020332650,0.0,0.0,0.0,0.0,0.0,0.0,0.0,0.0,0.0,0.0,0.0,1440.0,1980.0,2016-04-21,,,,,,,0.0,24.0,0.0,24.0,,,1980.5759239196757,24.0,0.0,0.0,1440.0,0.0,0.0,1440.0,14400.0,10.0,1440.0,1980.5759239196736,1.37539994716644,1440.0,,,,,0.0,1992.0,24.0
4020332650,0.0,0.0,0.0,0.0,0.0,0.0,0.0,0.0,0.0,0.0,0.0,1440.0,1980.0,2016-04-22,,,,,,,0.0,24.0,0.0,24.0,,,1980.5759239196757,24.0,0.0,0.0,1440.0,0.0,0.0,1440.0,14400.0,10.0,1440.0,1980.5759239196736,1.37539994716644,1440.0,,,,,0.0,1992.0,24.0
4020332650,0.0,0.0,0.0,0.0,0.0,0.0,0.0,0.0,0.0,0.0,0.0,1440.0,1980.0,2016-04-23,,,,,,,0.0,24.0,0.0,24.0,,,1980.5759239196757,24.0,0.0,0.0,1440.0,0.0,0.0,1440.0,14400.0,10.0,1440.0,1980.5759239196736,1.37539994716644,1440.0,,,,,0.0,1992.0,24.0
4020332650,0.0,0.0,0.0,0.0,0.0,0.0,0.0,0.0,0.0,0.0,0.0,1440.0,1980.0,2016-04-24,,,,,,,0.0,24.0,0.0,24.0,,,1980.5759239196757,24.0,0.0,0.0,1440.0,0.0,0.0,1440.0,14400.0,10.0,1440.0,1980.5759239196736,1.37539994716644,1440.0,,,,,0.0,1992.0,24.0
4020332650,0.0,0.0,0.0,0.0,0.0,0.0,0.0,0.0,0.0,0.0,0.0,1440.0,1980.0,2016-04-25,,,,,,,0.0,24.0,0.0,24.0,,,1980.5759239196757,24.0,0.0,0.0,1440.0,0.0,0.0,1440.0,14400.0,10.0,1440.0,1980.5759239196736,1.37539994716644,1440.0,,,,,0.0,1992.0,24.0
4020332650,0.0,0.0,0.0,0.0,0.0,0.0,0.0,0.0,0.0,0.0,0.0,1440.0,1980.0,2016-04-26,,,,,,,0.0,24.0,0.0,24.0,,,1980.5759239196757,24.0,0.0,0.0,1440.0,0.0,0.0,1440.0,14400.0,10.0,1440.0,1980.5759239196736,1.37539994716644,1440.0,,,,,0.0,1992.0,24.0
4020332650,0.0,0.0,0.0,0.0,0.0,0.0,0.0,0.0,0.0,0.0,0.0,1440.0,1980.0,2016-04-27,,,,,,,0.0,24.0,0.0,24.0,,,1980.5759239196757,24.0,0.0,0.0,1440.0,0.0,0.0,1440.0,14400.0,10.0,1440.0,1980.5759239196736,1.37539994716644,1440.0,,,,,0.0,1992.0,24.0
4020332650,0.0,0.0,0.0,0.0,0.0,0.0,0.0,0.0,0.0,0.0,0.0,1440.0,1980.0,2016-04-28,,,,,,,0.0,24.0,0.0,24.0,,,1980.5759239196757,24.0,0.0,0.0,1440.0,0.0,0.0,1440.0,14400.0,10.0,1440.0,1980.5759239196736,1.37539994716644,1440.0,,,,,0.0,1992.0,24.0
4020332650,0.0,0.0,0.0,0.0,0.0,0.0,0.0,0.0,0.0,0.0,0.0,1440.0,1980.0,2016-04-29,,,,,,,0.0,24.0,0.0,24.0,,,1980.5759239196757,24.0,0.0,0.0,1440.0,0.0,0.0,1440.0,14400.0,10.0,1440.0,1980.5759239196736,1.37539994716644,1440.0,,,,,0.0,1992.0,24.0
4020332650,0.0,0.0,0.0,0.0,0.0,0.0,0.0,0.0,0.0,0.0,0.0,1440.0,1980.0,2016-04-30,,,,,,,0.0,24.0,0.0,24.0,,,1980.5759239196757,24.0,0.0,0.0,1440.0,0.0,0.0,1440.0,14400.0,10.0,1440.0,1980.5759239196736,1.37539994716644,1440.0,,,,,0.0,1992.0,24.0
4020332650,0.0,0.0,0.0,0.0,0.0,0.0,0.0,0.0,0.0,0.0,0.0,1440.0,1980.0,2016-05-01,,,,,,,0.0,24.0,0.0,24.0,,,1980.5759239196757,24.0,0.0,0.0,1440.0,0.0,0.0,1440.0,14400.0,10.0,1440.0,1980.5759239196736,1.37539994716644,1440.0,,,,,0.0,1992.0,24.0
4020332650,475.0,0.340000003576279,0.340000003576279,0.0,0.0,0.0399999991059303,0.28999999165535,0.0,0.0,11.0,31.0,1350.0,2207.0,2016-05-02,,,,,,,53.0,24.0,465.0,24.0,48.0,1.0,2207.7920174598676,24.0,465.0,0.3229166666666667,1440.0,53.0,0.03680555555555556,1440.0,16052.0,11.147222222222222,1440.0,2207.7920174598657,1.5331889010137956,1440.0,90.300934243622,66.0,123.0,5566.0,465.0,2218.0,24.0
4020332650,4496.0,3.22000002861023,3.22000002861023,0.0,0.0,0.0,3.15000009536743,0.0500000007450581,0.0,0.0,174.0,950.0,2828.0,2016-05-03,322.0,332.0,1.0,,,,174.0,24.0,4465.0,24.0,316.0,2.0,2825.071593642234,24.0,4465.0,3.1006944444444446,1440.0,174.0,0.12083333333333333,1440.0,20540.0,14.26388888888889,1440.0,2825.071593642233,1.9618552733626617,1440.0,77.8770095559303,52.0,127.0,35580.0,4465.0,2826.0,24.0
4020332650,10252.0,7.34999990463257,7.34999990463257,0.0,0.670000016689301,1.03999996185303,5.57999992370605,0.0,13.0,46.0,346.0,531.0,3879.0,2016-05-04,478.0,536.0,1.0,,,,477.0,24.0,10194.0,24.0,504.0,1.0,3872.301159620284,24.0,10194.0,7.079166666666667,1440.0,477.0,0.33125,1440.0,28154.0,19.551388888888887,1440.0,3872.3011596202837,2.6890980275140857,1440.0,83.4561661803678,49.0,147.0,37357.0,10194.0,3872.0,24.0
4020332650,11728.0,8.43000030517578,8.43000030517578,0.0,2.61999988555908,1.67999994754791,4.03999996185303,0.0700000002980232,38.0,42.0,196.0,916.0,3429.0,2016-05-05,226.0,248.0,1.0,,,,394.0,24.0,11713.0,24.0,248.0,1.0,3426.8090741634355,24.0,11713.0,8.134027777777778,1440.0,394.0,0.27361111111111114,1440.0,24915.0,17.302083333333332,1440.0,3426.809074163434,2.379728523724607,1440.0,85.57474310689543,49.0,126.0,21507.0,11713.0,3430.0,24.0
4020332650,4369.0,3.13000011444092,3.13000011444092,0.0,0.0,0.0,3.09999990463257,0.0099999997764825,0.0,0.0,177.0,855.0,2704.0,2016-05-06,385.0,408.0,1.0,,,,177.0,24.0,4357.0,24.0,408.0,1.0,2701.973269462584,24.0,4357.0,3.0256944444444445,1440.0,177.0,0.12291666666666666,1440.0,19645.0,13.64236111111111,1440.0,2701.973269462583,1.8763703260156828,1440.0,75.64283228276422,50.0,116.0,25859.0,4357.0,2705.0,24.0
4020332650,6132.0,4.40000009536743,4.40000009536743,0.0,0.0,0.0,3.57999992370605,0.0,0.0,0.0,184.0,1256.0,2975.0,2016-05-07,,,,,,,184.0,24.0,5005.0,24.0,,,2843.0893135070787,24.0,5005.0,3.4756944444444446,1440.0,184.0,0.12777777777777777,1440.0,20671.0,14.354861111111111,1440.0,2843.089313507078,1.9743675788243595,1440.0,89.09170410302485,64.0,117.0,16695.0,5005.0,2846.0,24.0
4020332650,5862.0,4.19999980926514,4.19999980926514,0.0,0.0,0.0,4.15000009536743,0.0,0.0,0.0,263.0,775.0,3089.0,2016-05-08,364.0,402.0,1.0,,,,263.0,24.0,5812.0,24.0,402.0,1.0,3083.0966320037833,24.0,5812.0,4.036111111111111,1440.0,263.0,0.18263888888888888,1440.0,22416.0,15.566666666666666,1440.0,3083.0966320037824,2.1410393277804043,1440.0,78.0410612388964,51.0,131.0,33998.0,5812.0,3083.0,24.0
4020332650,4556.0,3.26999998092651,3.26999998092651,0.0,0.200000002980232,0.119999997317791,2.94000005722046,0.0,3.0,5.0,173.0,1225.0,2785.0,2016-05-09,,,,,,,192.0,24.0,4556.0,24.0,34.0,1.0,2784.9098861217485,24.0,4556.0,3.1638888888888888,1440.0,192.0,0.13333333333333333,1440.0,20248.0,14.061111111111112,1440.0,2784.909886121747,1.9339651986956576,1440.0,86.66172595520422,55.0,155.0,15180.0,4556.0,2791.0,24.0
4020332650,5546.0,3.98000001907349,3.98000001907349,0.0,0.0,0.0,3.86999988555908,0.0399999991059303,0.0,0.0,206.0,774.0,2926.0,2016-05-10,442.0,494.0,1.0,,,,206.0,24.0,5474.0,24.0,460.0,1.0,2915.435349464415,24.0,5474.0,3.801388888888889,1440.0,206.0,0.14305555555555555,1440.0,21197.0,14.720138888888888,1440.0,2915.4353494644142,2.0246078815725097,1440.0,72.61970379024775,46.0,142.0,29101.0,5474.0,2916.0,24.0
4020332650,3689.0,2.65000009536743,2.65000009536743,0.0,0.109999999403954,0.170000001788139,2.32999992370605,0.0,2.0,8.0,134.0,1296.0,2645.0,2016-05-11,,,,,,,156.0,24.0,3663.0,24.0,,,2639.805170297621,24.0,3663.0,2.54375,1440.0,156.0,0.10833333333333334,1440.0,19193.0,13.328472222222222,1440.0,2639.8051702976195,1.8331980349289023,1440.0,91.23313239044748,64.0,133.0,8626.0,3663.0,2649.0,24.0
4020332650,590.0,0.419999986886978,0.419999986886978,0.0,0.0,0.0,0.409999996423721,0.0,0.0,0.0,21.0,721.0,1120.0,2016-05-12,,,,,,,169.0,24.0,5583.0,24.0,,,2900.0308723449693,24.0,257.0,0.35694444444444445,720.0,11.0,0.015277777777777777,720.0,7491.0,10.404166666666667,720.0,1030.3121025562266,1.4309890313280924,720.0,94.26967370441459,70.0,125.0,1042.0,257.0,1036.0,12.0
4020332650,,,,,,,,,,,,,,2016-05-13,,,,,,,0.0,6.0,0.0,6.0,,,495.1439809799189,6.0,,,,,,,,,,,,,,,,,,,
4057192912,5394.0,4.03000020980835,4.03000020980835,0.0,0.0,0.0,3.94000005722046,0.0,0.0,0.0,164.0,1276.0,2286.0,2016-04-12,,,,,,,,,,,,,,,5394.0,3.745833333333333,1440.0,164.0,0.11388888888888889,1440.0,18434.0,12.801388888888889,1440.0,2274.0182666778555,1.579179351859622,1440.0,,,,,5394.0,2273.0,24.0
4057192912,5974.0,4.46999979019165,4.46999979019165,0.0,0.0,0.0,4.36999988555908,0.0,0.0,0.0,160.0,1280.0,2306.0,2016-04-13,,,,,,,160.0,24.0,5974.0,24.0,,,2290.3017861843105,24.0,5974.0,4.148611111111111,1440.0,160.0,0.1111111111111111,1440.0,18566.0,12.893055555555556,1440.0,2290.30178618431,1.590487351516882,1440.0,,,,,5974.0,2289.0,24.0
4057192912,0.0,0.0,0.0,0.0,0.0,0.0,0.0,0.0,0.0,0.0,0.0,1440.0,1776.0,2016-04-14,,,,,,,0.0,24.0,0.0,24.0,,,1776.3840293884273,24.0,0.0,0.0,1440.0,0.0,0.0,1440.0,14400.0,10.0,1440.0,1776.384029388427,1.23360002040863,1440.0,,,,,0.0,1776.0,24.0
4057192912,3984.0,2.95000004768372,2.95000004768372,0.0,0.209999993443489,0.259999990463257,2.44000005722046,0.0,3.0,6.0,88.0,873.0,1527.0,2016-04-15,,,,,,,107.0,16.0,3937.0,16.0,,,1509.9264179468153,16.0,3937.0,4.101041666666666,960.0,107.0,0.11145833333333334,960.0,12240.0,12.75,960.0,1509.926417946815,1.572840018694599,960.0,,,,,3937.0,1511.0,16.0
4319703577,7753.0,5.19999980926514,5.19999980926514,0.0,0.0,0.0,0.0,0.0,0.0,0.0,0.0,1440.0,2115.0,2016-04-12,,,,,,,,,,,,,,,0.0,0.0,1440.0,0.0,0.0,1440.0,14400.0,10.0,1440.0,1455.984077453611,1.01110005378723,1440.0,,,,,0.0,1464.0,24.0
4319703577,8204.0,5.5,5.5,0.0,0.529999971389771,0.589999973773956,1.30999994277954,0.0,8.0,15.0,96.0,1234.0,2135.0,2016-04-13,,,,,,,150.0,24.0,3619.0,24.0,87.0,1.0,1748.9289432764058,24.0,3619.0,2.5131944444444443,1440.0,150.0,0.10416666666666667,1440.0,17299.0,12.013194444444444,1440.0,1748.928943276407,1.2145339883863937,1440.0,,,,,3619.0,1756.0,24.0
4319703577,10210.0,6.88000011444092,6.88000011444092,0.0,0.109999999403954,0.330000013113022,6.44000005722046,0.0,1.0,9.0,339.0,589.0,2302.0,2016-04-14,535.0,557.0,1.0,,,,360.0,24.0,10210.0,24.0,502.0,2.0,2298.760922670367,24.0,10210.0,7.090277777777778,1440.0,360.0,0.25,1440.0,22733.0,15.786805555555556,1440.0,2298.7609226703667,1.5963617518544213,1440.0,,,,,10210.0,2299.0,24.0
4319703577,5664.0,3.79999995231628,3.79999995231628,0.0,0.0,0.0,3.79999995231628,0.0,0.0,0.0,228.0,752.0,1985.0,2016-04-15,465.0,491.0,1.0,,,,228.0,24.0,5664.0,24.0,459.0,1.0,1981.3516185283659,24.0,5664.0,3.933333333333333,1440.0,228.0,0.15833333333333333,1440.0,19596.0,13.608333333333333,1440.0,1981.3516185283656,1.3759386239780318,1440.0,,,,,5664.0,1982.0,24.0
4319703577,4744.0,3.1800000667572,3.1800000667572,0.0,0.0,0.0,3.1800000667572,0.0,0.0,0.0,194.0,724.0,1884.0,2016-04-16,506.0,522.0,1.0,,,,194.0,24.0,4744.0,24.0,522.0,1.0,1881.1677379608159,24.0,4744.0,3.2944444444444443,1440.0,194.0,0.13472222222222222,1440.0,18607.0,12.921527777777778,1440.0,1881.1677379608168,1.3063664846950116,1440.0,,,,,4744.0,1886.0,24.0
4319703577,29.0,0.0199999995529652,0.0199999995529652,0.0,0.0,0.0,0.0199999995529652,0.0,0.0,0.0,3.0,1363.0,1464.0,2016-04-17,,,,72.4000015258789,27.4500007629395,1.0,3.0,24.0,29.0,24.0,74.0,1.0,1461.7614290714343,24.0,29.0,0.02013888888888889,1440.0,3.0,0.0020833333333333333,1440.0,14460.0,10.041666666666666,1440.0,1461.761429071433,1.0151121035218285,1440.0,,,,,29.0,1469.0,24.0
4319703577,2276.0,1.54999995231628,1.54999995231628,0.0,0.0700000002980232,0.330000013113022,1.12000000476837,0.0,1.0,9.0,58.0,824.0,1632.0,2016-04-18,515.0,551.0,1.0,,,,79.0,24.0,2229.0,24.0,548.0,2.0,1632.8057038784102,24.0,2229.0,1.5479166666666666,1440.0,79.0,0.05486111111111111,1440.0,16152.0,11.216666666666667,1440.0,1632.805703878409,1.1338928499155618,1440.0,,,,,2229.0,1637.0,24.0
4319703577,8925.0,5.98999977111816,5.98999977111816,0.0,0.0,0.0,5.98999977111816,0.0,0.0,0.0,311.0,604.0,2200.0,2016-04-19,461.0,498.0,2.0,,,,311.0,24.0,8925.0,24.0,525.0,3.0,2200.2238607406666,24.0,8925.0,6.197916666666667,1440.0,311.0,0.21597222222222223,1440.0,21765.0,15.114583333333334,1440.0,2200.223860740667,1.5279332366254632,1440.0,,,,,8925.0,2203.0,24.0
4319703577,8954.0,6.01000022888184,6.01000022888184,0.0,0.0,0.680000007152557,5.30999994277954,0.0,0.0,18.0,306.0,671.0,2220.0,2016-04-20,523.0,543.0,1.0,,,,342.0,24.0,8915.0,24.0,445.0,1.0,2214.27536964417,24.0,8915.0,6.190972222222222,1440.0,342.0,0.2375,1440.0,21904.0,15.21111111111111,1440.0,2214.27536964417,1.5376912289195626,1440.0,,,,,8915.0,2215.0,24.0
4319703577,3702.0,2.48000001907349,2.48000001907349,0.0,0.0,0.0,0.349999994039536,0.0,0.0,0.0,34.0,1265.0,1792.0,2016-04-21,59.0,65.0,1.0,,,,34.0,24.0,517.0,24.0,141.0,2.0,1525.650305509575,24.0,517.0,0.3590277777777778,1440.0,34.0,0.02361111111111111,1440.0,15092.0,10.480555555555556,1440.0,1525.6503055095736,1.0594793788260928,1440.0,,,,,517.0,1530.0,24.0
4319703577,4500.0,3.01999998092651,3.01999998092651,0.0,0.0599999986588955,0.810000002384186,2.15000009536743,0.0,1.0,19.0,176.0,709.0,1886.0,2016-04-22,533.0,550.0,1.0,,,,217.0,24.0,4500.0,24.0,535.0,2.0,1886.9459557533326,24.0,4500.0,3.125,1440.0,217.0,0.15069444444444444,1440.0,18666.0,12.9625,1440.0,1886.945955753332,1.310379135939814,1440.0,,,,,4500.0,1886.0,24.0
4319703577,4935.0,3.30999994277954,3.30999994277954,0.0,0.0,0.0,3.30999994277954,0.0,0.0,0.0,233.0,546.0,1945.0,2016-04-23,692.0,722.0,1.0,,,,233.0,24.0,4935.0,24.0,661.0,1.0,1945.4770638942778,24.0,4935.0,3.4270833333333335,1440.0,233.0,0.16180555555555556,1440.0,19245.0,13.364583333333334,1440.0,1945.4770638942775,1.3510257388154705,1440.0,,,,,4935.0,1946.0,24.0
4319703577,4081.0,2.74000000953674,2.74000000953674,0.0,0.0599999986588955,0.200000002980232,2.47000002861023,0.0,1.0,5.0,191.0,692.0,1880.0,2016-04-24,467.0,501.0,1.0,,,,204.0,24.0,4081.0,24.0,551.0,2.0,1880.981641769415,24.0,4081.0,2.8340277777777776,1440.0,204.0,0.14166666666666666,1440.0,18607.0,12.921527777777778,1440.0,1880.9816417694149,1.3062372512287603,1440.0,,,,,4081.0,1883.0,24.0
4319703577,9259.0,6.21000003814697,6.21000003814697,0.0,0.0,0.280000001192093,5.92999982833862,0.0,0.0,8.0,390.0,544.0,2314.0,2016-04-25,488.0,506.0,1.0,,,,406.0,24.0,9259.0,24.0,498.0,2.0,2314.2533841133168,24.0,9259.0,6.429861111111111,1440.0,406.0,0.28194444444444444,1440.0,22893.0,15.897916666666667,1440.0,2314.2533841133168,1.6071204056342479,1440.0,,,,,9259.0,2314.0,24.0
4319703577,9899.0,6.6399998664856,6.6399998664856,0.0,0.569999992847443,0.920000016689301,5.15000009536743,0.0,8.0,21.0,288.0,649.0,2236.0,2016-04-26,505.0,516.0,1.0,,,,354.0,24.0,9899.0,24.0,474.0,1.0,2236.3129940033014,24.0,9899.0,6.874305555555556,1440.0,354.0,0.24583333333333332,1440.0,22122.0,15.3625,1440.0,2236.3129940033014,1.5529951347245148,1440.0,,,,,9899.0,2237.0,24.0
4319703577,10780.0,7.23000001907349,7.23000001907349,0.0,0.409999996423721,1.91999995708466,4.90999984741211,0.0,6.0,47.0,300.0,680.0,2324.0,2016-04-27,286.0,307.0,1.0,,,,412.0,24.0,10780.0,24.0,407.0,2.0,2324.4634716510823,24.0,10780.0,7.486111111111111,1440.0,412.0,0.2861111111111111,1440.0,22994.0,15.968055555555555,1440.0,2324.4634716510823,1.6142107442021405,1440.0,,,,,10780.0,2327.0,24.0
4319703577,10817.0,7.28000020980835,7.28000020980835,0.0,1.00999999046326,0.330000013113022,5.94000005722046,0.0,13.0,8.0,359.0,552.0,2367.0,2016-04-28,497.0,522.0,1.0,,,,414.0,24.0,10810.0,24.0,508.0,2.0,2367.527808427815,24.0,10810.0,7.506944444444445,1440.0,414.0,0.2875,1440.0,23420.0,16.26388888888889,1440.0,2367.5278084278157,1.6441165336304275,1440.0,,,,,10810.0,2371.0,24.0
4319703577,7990.0,5.3600001335144,5.3600001335144,0.0,0.449999988079071,0.790000021457672,4.11999988555908,0.0,6.0,18.0,289.0,624.0,2175.0,2016-04-29,523.0,546.0,1.0,,,,343.0,24.0,7990.0,24.0,502.0,2.0,2175.9622616767933,24.0,7990.0,5.548611111111111,1440.0,343.0,0.23819444444444443,1440.0,21525.0,14.947916666666666,1440.0,2175.9622616767933,1.5110849039422176,1440.0,,,,,7990.0,2177.0,24.0
4319703577,8221.0,5.51999998092651,5.51999998092651,0.0,0.400000005960464,1.61000001430511,3.50999999046326,0.0,6.0,38.0,196.0,695.0,2092.0,2016-04-30,490.0,516.0,1.0,,,,290.0,24.0,8221.0,24.0,505.0,2.0,2092.3608295917566,24.0,8221.0,5.709027777777778,1440.0,290.0,0.2013888888888889,1440.0,20698.0,14.373611111111112,1440.0,2092.3608295917566,1.4530283538831643,1440.0,,,,,8221.0,2094.0,24.0
4319703577,1251.0,0.839999973773956,0.839999973773956,0.0,0.0,0.0,0.839999973773956,0.0,0.0,0.0,67.0,836.0,1593.0,2016-05-01,484.0,500.0,1.0,,,,67.0,24.0,1251.0,24.0,537.0,2.0,1593.8860540390087,24.0,1251.0,0.86875,1440.0,67.0,0.04652777777777778,1440.0,15767.0,10.949305555555556,1440.0,1593.8860540390078,1.1068653153048666,1440.0,,,,,1251.0,1598.0,24.0
4319703577,9261.0,6.23999977111816,6.23999977111816,0.0,0.0,0.439999997615814,5.71000003814697,0.0,0.0,11.0,344.0,585.0,2270.0,2016-05-02,478.0,506.0,1.0,,,,366.0,24.0,9121.0,24.0,500.0,2.0,2264.618189573293,24.0,9121.0,6.334027777777778,1440.0,366.0,0.25416666666666665,1440.0,22402.0,15.556944444444444,1440.0,2264.618189573293,1.572651520537009,1440.0,,,,,9121.0,2267.0,24.0
4319703577,9648.0,6.46999979019165,6.46999979019165,0.0,0.579999983310699,1.07000005245209,4.82999992370605,0.0,8.0,26.0,287.0,669.0,2235.0,2016-05-03,474.0,512.0,1.0,,,,363.0,24.0,9648.0,24.0,450.0,1.0,2235.6053619384816,24.0,9648.0,6.7,1440.0,363.0,0.2520833333333333,1440.0,22115.0,15.35763888888889,1440.0,2235.6053619384816,1.55250372356839,1440.0,,,,,9648.0,2237.0,24.0
4319703577,10429.0,7.01999998092651,7.01999998092651,0.0,0.589999973773956,0.579999983310699,5.84999990463257,0.0,8.0,13.0,313.0,1106.0,2282.0,2016-05-04,,,,72.3000030517578,27.3799991607666,1.0,363.0,24.0,10429.0,24.0,,,2282.81439185143,24.0,10429.0,7.242361111111111,1440.0,363.0,0.2520833333333333,1440.0,22582.0,15.681944444444444,1440.0,2282.81439185143,1.5852877721190488,1440.0,,,,,10429.0,2286.0,24.0
4319703577,13658.0,9.48999977111816,9.48999977111816,0.0,2.63000011444092,1.4099999666214,5.44999980926514,0.0,27.0,34.0,328.0,957.0,2530.0,2016-05-05,,,,,,,477.0,24.0,13658.0,24.0,94.0,1.0,2530.0805289745376,24.0,13658.0,9.484722222222222,1440.0,477.0,0.33125,1440.0,25028.0,17.380555555555556,1440.0,2530.0805289745376,1.757000367343429,1440.0,,,,,13658.0,2533.0,24.0
4319703577,9524.0,6.42000007629395,6.42000007629395,0.0,0.409999996423721,0.469999998807907,5.46000003814697,0.0,6.0,11.0,314.0,692.0,2266.0,2016-05-06,450.0,491.0,1.0,,,,354.0,24.0,9426.0,24.0,417.0,2.0,2264.3149158954675,24.0,9426.0,6.545833333333333,1440.0,354.0,0.24583333333333332,1440.0,22399.0,15.55486111111111,1440.0,2264.314915895467,1.5724409138162965,1440.0,,,,,9426.0,2264.0,24.0
4319703577,7937.0,5.32999992370605,5.32999992370605,0.0,0.189999997615814,1.04999995231628,4.07999992370605,0.0,3.0,28.0,279.0,586.0,2158.0,2016-05-07,507.0,530.0,1.0,,,,344.0,24.0,7937.0,24.0,544.0,2.0,2158.435628414155,24.0,7937.0,5.511805555555555,1440.0,344.0,0.2388888888888889,1440.0,21377.0,14.845138888888888,1440.0,2158.435628414156,1.4989136308431639,1440.0,,,,,7937.0,2160.0,24.0
4319703577,3672.0,2.46000003814697,2.46000003814697,0.0,0.0,0.0,2.46000003814697,0.0,0.0,0.0,153.0,603.0,1792.0,2016-05-08,602.0,638.0,1.0,,,,153.0,24.0,3672.0,24.0,683.0,2.0,1791.5106343030945,24.0,3672.0,2.55,1440.0,153.0,0.10625,1440.0,17743.0,12.321527777777778,1440.0,1791.5106343030957,1.2441046071549275,1440.0,,,,,3672.0,1795.0,24.0
4319703577,10378.0,6.96000003814697,6.96000003814697,0.0,0.140000000596046,0.560000002384186,6.25,0.0,2.0,14.0,374.0,490.0,2345.0,2016-05-09,535.0,565.0,1.0,,,,408.0,24.0,10362.0,24.0,559.0,2.0,2345.4320662021646,24.0,10362.0,7.195833333333334,1440.0,408.0,0.2833333333333333,1440.0,23229.0,16.13125,1440.0,2345.4320662021655,1.6287722681959482,1440.0,,,,,10362.0,2347.0,24.0
4319703577,9487.0,6.36999988555908,6.36999988555908,0.0,0.209999993443489,0.46000000834465,5.69999980926514,0.0,3.0,12.0,329.0,555.0,2260.0,2016-05-10,487.0,517.0,1.0,,,,362.0,24.0,9487.0,24.0,541.0,2.0,2260.7182359695444,24.0,9487.0,6.5881944444444445,1440.0,362.0,0.2513888888888889,1440.0,22390.0,15.54861111111111,1440.0,2260.7182359695453,1.5699432194232954,1440.0,,,,,9487.0,2261.0,24.0
4319703577,9129.0,6.13000011444092,6.13000011444092,0.0,0.200000002980232,0.740000009536743,5.17999982833862,0.0,3.0,18.0,311.0,574.0,2232.0,2016-05-11,529.0,558.0,1.0,,,,356.0,24.0,9129.0,24.0,534.0,2.0,2232.042755126954,24.0,9129.0,6.339583333333334,1440.0,356.0,0.24722222222222223,1440.0,22106.0,15.35138888888889,1440.0,2232.042755126955,1.5500296910603855,1440.0,,,,,9129.0,2233.0,24.0
4319703577,17.0,0.0099999997764825,0.0099999997764825,0.0,0.0,0.0,0.0099999997764825,0.0,0.0,0.0,2.0,0.0,257.0,2016-05-12,302.0,321.0,1.0,,,,2.0,4.0,17.0,4.0,248.0,1.0,246.87163639068635,4.0,17.0,0.07083333333333333,240.0,2.0,0.008333333333333333,240.0,2445.0,10.1875,240.0,246.87163639068658,1.0286318182945273,240.0,,,,,17.0,247.0,4.0
4388161847,10122.0,7.78000020980835,7.78000020980835,0.0,0.0,0.0,0.0,0.0,0.0,0.0,0.0,1440.0,2955.0,2016-04-12,,,,,,,,,,,,,,,0.0,0.0,1440.0,0.0,0.0,1440.0,14400.0,10.0,1440.0,1878.1919288635247,1.30429995059967,1440.0,,,,,0.0,1872.0,24.0
4388161847,10993.0,8.44999980926514,8.44999980926514,0.0,0.0599999986588955,0.629999995231628,3.88000011444092,0.0,1.0,14.0,150.0,1275.0,3092.0,2016-04-13,,,,,,,181.0,24.0,5938.0,24.0,,,2510.2557210922237,24.0,5938.0,4.123611111111111,1440.0,181.0,0.12569444444444444,1440.0,19246.0,13.365277777777777,1440.0,2510.2557210922237,1.7432331396473775,1440.0,67.04312865497076,45.0,130.0,8208.0,5938.0,2507.0,24.0
4388161847,8863.0,6.82000017166138,6.82000017166138,0.0,0.129999995231628,1.07000005245209,5.61999988555908,0.0,10.0,35.0,219.0,945.0,2998.0,2016-04-14,,,,,,,319.0,24.0,8863.0,24.0,231.0,1.0,2998.0639621019363,24.0,8863.0,6.154861111111111,1440.0,319.0,0.22152777777777777,1440.0,22986.0,15.9625,1440.0,2998.0639621019363,2.081988862570789,1440.0,68.43871753246754,48.0,132.0,7392.0,8863.0,2996.0,24.0
4388161847,8758.0,6.73000001907349,6.73000001907349,0.0,0.0,0.0,6.73000001907349,0.0,0.0,0.0,299.0,837.0,3066.0,2016-04-15,499.0,526.0,1.0,,,,299.0,24.0,8758.0,24.0,304.0,2.0,3066.800580978394,24.0,8758.0,6.081944444444445,1440.0,299.0,0.2076388888888889,1440.0,23513.0,16.32847222222222,1440.0,3066.800580978394,2.1297226256794404,1440.0,67.47093970668115,44.0,127.0,9205.0,8758.0,3065.0,24.0
4388161847,6580.0,5.05999994277954,5.05999994277954,0.0,0.209999993443489,0.400000005960464,4.44999980926514,0.0,6.0,9.0,253.0,609.0,3073.0,2016-04-16,426.0,448.0,2.0,,,,289.0,24.0,6580.0,24.0,563.0,3.0,3073.4525173902516,24.0,6580.0,4.569444444444445,1440.0,289.0,0.20069444444444445,1440.0,23564.0,16.363888888888887,1440.0,3073.452517390251,2.134342025965452,1440.0,75.47658862876254,56.0,142.0,8970.0,6580.0,3075.0,24.0
4388161847,4660.0,3.57999992370605,3.57999992370605,0.0,0.0,0.0,3.57999992370605,0.0,0.0,0.0,201.0,721.0,2572.0,2016-04-17,619.0,641.0,2.0,,,,201.0,24.0,4660.0,24.0,517.0,2.0,2572.6012977361684,24.0,4660.0,3.236111111111111,1440.0,201.0,0.13958333333333334,1440.0,19724.0,13.697222222222223,1440.0,2572.6012977361684,1.7865286789834502,1440.0,66.39134502923977,49.0,113.0,8550.0,4660.0,2573.0,24.0
4388161847,11009.0,9.10000038146973,9.10000038146973,0.0,3.55999994277954,0.400000005960464,5.1399998664856,0.0,27.0,8.0,239.0,1017.0,3274.0,2016-04-18,99.0,104.0,1.0,,,,336.0,24.0,11009.0,24.0,149.0,2.0,3274.053840398789,24.0,11009.0,7.645138888888889,1440.0,336.0,0.23333333333333334,1440.0,25102.0,17.431944444444444,1440.0,3274.053840398789,2.273648500276937,1440.0,81.49099490746491,50.0,176.0,8051.0,11009.0,3273.0,24.0
4388161847,10181.0,7.82999992370605,7.82999992370605,0.0,1.37000000476837,0.689999997615814,5.76999998092651,0.0,20.0,16.0,249.0,704.0,3015.0,2016-04-19,329.0,338.0,1.0,,,,341.0,24.0,10181.0,24.0,451.0,2.0,3015.0198624134064,24.0,10181.0,7.070138888888889,1440.0,341.0,0.23680555555555555,1440.0,23116.0,16.052777777777777,1440.0,3015.0198624134064,2.093763793342643,1440.0,65.5324563295234,46.0,136.0,9274.0,10181.0,3016.0,24.0
4388161847,10553.0,8.11999988555908,8.11999988555908,0.0,1.10000002384186,1.72000002861023,5.28999996185303,0.0,19.0,42.0,228.0,696.0,3083.0,2016-04-20,421.0,451.0,1.0,,,,369.0,24.0,10553.0,24.0,455.0,2.0,3083.104330301285,24.0,10553.0,7.3284722222222225,1440.0,369.0,0.25625,1440.0,23638.0,16.415277777777778,1440.0,3083.104330301285,2.141044673820337,1440.0,65.40125868055556,46.0,149.0,9216.0,10553.0,3085.0,24.0
4388161847,10055.0,7.73000001907349,7.73000001907349,0.0,0.370000004768372,0.389999985694885,6.98000001907349,0.0,7.0,12.0,272.0,853.0,3069.0,2016-04-21,442.0,458.0,1.0,,,,317.0,24.0,10055.0,24.0,296.0,1.0,3069.5395983457565,24.0,10055.0,6.982638888888889,1440.0,317.0,0.22013888888888888,1440.0,23534.0,16.343055555555555,1440.0,3069.5395983457565,2.1316247210734423,1440.0,63.099279119767296,42.0,146.0,7907.0,10055.0,3070.0,24.0
4388161847,12139.0,9.34000015258789,9.34000015258789,0.0,3.29999995231628,1.11000001430511,4.92000007629395,0.0,77.0,25.0,220.0,945.0,3544.0,2016-04-22,82.0,85.0,1.0,,,,501.0,24.0,12139.0,24.0,173.0,2.0,3543.913519382477,24.0,12139.0,8.42986111111111,1440.0,501.0,0.34791666666666665,1440.0,27171.0,18.86875,1440.0,3543.913519382477,2.46105105512672,1440.0,73.27719923266649,49.0,149.0,7298.0,12139.0,3542.0,24.0
4388161847,13236.0,10.1800003051758,10.1800003051758,0.0,4.5,0.319999992847443,5.34999990463257,0.0,58.0,5.0,215.0,749.0,3306.0,2016-04-23,478.0,501.0,1.0,,,,399.0,24.0,13236.0,24.0,413.0,1.0,3306.922198176384,24.0,13236.0,9.191666666666666,1440.0,399.0,0.27708333333333335,1440.0,25354.0,17.606944444444444,1440.0,3306.922198176384,2.2964737487335998,1440.0,67.08074201158053,44.0,158.0,9326.0,13236.0,3311.0,24.0
4388161847,10243.0,7.88000011444092,7.88000011444092,0.0,1.08000004291534,0.509999990463257,6.30000019073486,0.0,14.0,8.0,239.0,584.0,2885.0,2016-04-24,552.0,595.0,3.0,,,,297.0,24.0,10243.0,24.0,595.0,3.0,2885.1115654706955,24.0,10243.0,7.113194444444445,1440.0,297.0,0.20625,1440.0,22120.0,15.36111111111111,1440.0,2885.1115654706955,2.0035496982435386,1440.0,62.10169687175343,44.0,139.0,8663.0,10243.0,2882.0,24.0
4388161847,12961.0,9.97000026702881,9.97000026702881,0.0,0.730000019073486,1.39999997615814,7.84000015258789,0.0,11.0,31.0,301.0,1054.0,3288.0,2016-04-25,,,,,,,396.0,24.0,12961.0,24.0,43.0,1.0,3288.922865629196,24.0,12961.0,9.000694444444445,1440.0,396.0,0.275,1440.0,25216.0,17.511111111111113,1440.0,3288.922865629196,2.2839742122424975,1440.0,67.51205052197449,45.0,150.0,7759.0,12961.0,3287.0,24.0
4388161847,9461.0,7.28000020980835,7.28000020980835,0.0,0.939999997615814,1.05999994277954,5.26999998092651,0.0,14.0,23.0,224.0,673.0,2929.0,2016-04-26,319.0,346.0,1.0,,,,312.0,24.0,9461.0,24.0,506.0,2.0,2929.196923494339,24.0,9461.0,6.570138888888889,1440.0,312.0,0.21666666666666667,1440.0,22458.0,15.595833333333333,1440.0,2929.196923494339,2.0341645302044022,1440.0,62.51359843970094,42.0,128.0,9229.0,9461.0,2930.0,24.0
4388161847,11193.0,8.60999965667725,8.60999965667725,0.0,0.699999988079071,2.50999999046326,5.3899998664856,0.0,11.0,48.0,241.0,684.0,3074.0,2016-04-27,439.0,500.0,1.0,,,,370.0,24.0,11193.0,24.0,455.0,2.0,3074.626376271248,24.0,11193.0,7.772916666666666,1440.0,370.0,0.2569444444444444,1440.0,23573.0,16.37013888888889,1440.0,3074.626376271248,2.1351572057439223,1440.0,62.120521869318786,42.0,153.0,9351.0,11193.0,3073.0,24.0
4388161847,10074.0,7.75,7.75,0.0,1.28999996185303,0.430000007152557,6.03000020980835,0.0,19.0,9.0,234.0,878.0,2969.0,2016-04-28,428.0,458.0,1.0,,,,309.0,24.0,10074.0,24.0,300.0,1.0,2969.1084969043736,24.0,10074.0,6.995833333333334,1440.0,309.0,0.21458333333333332,1440.0,22764.0,15.808333333333334,1440.0,2969.1084969043736,2.0618809006280374,1440.0,62.32648343180067,41.0,131.0,7786.0,10074.0,2968.0,24.0
4388161847,9232.0,7.09999990463257,7.09999990463257,0.0,0.800000011920929,0.889999985694885,5.42000007629395,0.0,13.0,16.0,236.0,1175.0,2979.0,2016-04-29,,,,,,,307.0,24.0,9232.0,24.0,,,2979.1516245603557,24.0,9232.0,6.411111111111111,1440.0,307.0,0.21319444444444444,1440.0,22841.0,15.861805555555556,1440.0,2979.1516245603557,2.0688552948335803,1440.0,66.10588863666712,44.0,133.0,7489.0,9232.0,2978.0,24.0
4388161847,12533.0,9.64000034332275,9.64000034332275,0.0,0.699999988079071,2.0,6.94000005722046,0.0,14.0,43.0,300.0,537.0,3283.0,2016-04-30,409.0,430.0,2.0,,,,428.0,24.0,12533.0,24.0,546.0,3.0,3283.18392431736,24.0,12533.0,8.703472222222222,1440.0,428.0,0.2972222222222222,1440.0,25172.0,17.480555555555554,1440.0,3283.18392431736,2.2799888363315,1440.0,64.22769296925392,45.0,113.0,9302.0,12533.0,3284.0,24.0
4388161847,10255.0,7.8899998664856,7.8899998664856,0.0,1.00999999046326,0.680000007152557,6.19999980926514,0.0,12.0,15.0,241.0,579.0,2926.0,2016-05-01,547.0,597.0,1.0,,,,307.0,24.0,10255.0,24.0,593.0,2.0,2926.8491647243495,24.0,10255.0,7.121527777777778,1440.0,307.0,0.21319444444444444,1440.0,22440.0,15.583333333333334,1440.0,2926.8491647243495,2.032534142169687,1440.0,60.02217947267172,39.0,105.0,8837.0,10255.0,2926.0,24.0
4388161847,10096.0,8.39999961853027,8.39999961853027,0.0,3.76999998092651,0.0799999982118607,4.55000019073486,0.0,33.0,4.0,204.0,935.0,3147.0,2016-05-02,368.0,376.0,2.0,,,,311.0,24.0,10096.0,24.0,264.0,2.0,3147.2758824825287,24.0,10096.0,7.011111111111111,1440.0,311.0,0.21597222222222223,1440.0,24130.0,16.756944444444443,1440.0,3147.2758824825287,2.1856082517239783,1440.0,66.39496105160661,43.0,180.0,8216.0,10096.0,3146.0,24.0
4388161847,12727.0,9.78999996185303,9.78999996185303,0.0,1.12999999523163,0.779999971389771,7.88000011444092,0.0,18.0,18.0,306.0,984.0,3290.0,2016-05-03,,,,,,,396.0,24.0,12727.0,24.0,114.0,1.0,3290.0967254638667,24.0,12727.0,8.838194444444444,1440.0,396.0,0.275,1440.0,25225.0,17.51736111111111,1440.0,3290.096725463867,2.284789392683241,1440.0,66.62235142118863,44.0,135.0,7740.0,12727.0,3289.0,24.0
4388161847,12375.0,9.52000045776367,9.52000045776367,0.0,2.78999996185303,0.930000007152557,5.80000019073486,0.0,35.0,21.0,251.0,632.0,3162.0,2016-05-04,390.0,414.0,1.0,,,,398.0,24.0,12375.0,24.0,501.0,2.0,3162.1448979377747,24.0,12375.0,8.59375,1440.0,398.0,0.2763888888888889,1440.0,24244.0,16.836111111111112,1440.0,3162.144897937775,2.1959339569012326,1440.0,61.94766681203663,42.0,126.0,9172.0,12375.0,3162.0,24.0
4388161847,9603.0,7.38000011444092,7.38000011444092,0.0,0.629999995231628,1.66999995708466,5.09000015258789,0.0,12.0,39.0,199.0,896.0,2899.0,2016-05-05,471.0,495.0,1.0,,,,313.0,24.0,9603.0,24.0,294.0,1.0,2899.5893102884293,24.0,9603.0,6.66875,1440.0,313.0,0.21736111111111112,1440.0,22231.0,15.438194444444445,1440.0,2899.5893102884293,2.0136036877002983,1440.0,61.041297935103245,42.0,123.0,7797.0,9603.0,2899.0,24.0
4388161847,13175.0,10.1300001144409,10.1300001144409,0.0,2.10999989509583,2.08999991416931,5.92999982833862,0.0,33.0,45.0,262.0,1100.0,3425.0,2016-05-06,,,,,,,451.0,24.0,13175.0,24.0,,,3425.091796040535,24.0,13175.0,9.149305555555555,1440.0,451.0,0.31319444444444444,1440.0,26260.0,18.23611111111111,1440.0,3425.091796040535,2.3785359694725936,1440.0,69.07669760625305,47.0,151.0,8188.0,13175.0,3423.0,24.0
4388161847,22770.0,17.5400009155273,17.5400009155273,0.0,9.44999980926514,2.76999998092651,5.32999992370605,0.0,120.0,56.0,260.0,508.0,4022.0,2016-05-07,472.0,496.0,1.0,,,,732.0,24.0,22770.0,24.0,496.0,1.0,4022.4611690044403,24.0,22770.0,15.8125,1440.0,732.0,0.5083333333333333,1440.0,30840.0,21.416666666666668,1440.0,4022.46116900444,2.7933758118086387,1440.0,66.62712040795088,41.0,153.0,9609.0,22770.0,4022.0,24.0
4388161847,17298.0,14.3800001144409,14.3800001144409,0.0,9.89000034332275,1.25999999046326,3.23000001907349,0.0,107.0,38.0,178.0,576.0,3934.0,2016-05-08,529.0,541.0,2.0,,,,575.0,24.0,17298.0,24.0,541.0,2.0,3934.8122167587285,24.0,17298.0,12.0125,1440.0,575.0,0.3993055555555556,1440.0,30168.0,20.95,1440.0,3934.812216758728,2.7325084838602276,1440.0,76.78011037766476,43.0,171.0,9241.0,17298.0,3935.0,24.0
4388161847,10218.0,7.8600001335144,7.8600001335144,0.0,0.340000003576279,0.730000019073486,6.78999996185303,0.0,6.0,19.0,258.0,1020.0,3013.0,2016-05-09,62.0,65.0,1.0,,,,314.0,24.0,10218.0,24.0,137.0,2.0,3013.454698443413,24.0,10218.0,7.095833333333333,1440.0,314.0,0.21805555555555556,1440.0,23104.0,16.044444444444444,1440.0,3013.4546984434132,2.092676873919037,1440.0,64.05171717171717,44.0,140.0,7425.0,10218.0,3012.0,24.0
4388161847,10299.0,7.92000007629395,7.92000007629395,0.0,0.810000002384186,0.649999976158142,6.46000003814697,0.0,13.0,14.0,267.0,648.0,3061.0,2016-05-10,354.0,375.0,1.0,,,,334.0,24.0,10299.0,24.0,498.0,2.0,3061.0616517066956,24.0,10299.0,7.152083333333334,1440.0,334.0,0.23194444444444445,1440.0,23469.0,16.297916666666666,1440.0,3061.061651706695,2.125737258129649,1440.0,61.22121701669359,41.0,121.0,9285.0,10299.0,3059.0,24.0
4388161847,10201.0,7.84000015258789,7.84000015258789,0.0,0.529999971389771,0.790000021457672,6.53000020980835,0.0,8.0,18.0,256.0,858.0,2954.0,2016-05-11,469.0,494.0,1.0,,,,316.0,24.0,10201.0,24.0,299.0,1.0,2954.3699032068253,24.0,10201.0,7.084027777777778,1440.0,316.0,0.21944444444444444,1440.0,22651.0,15.729861111111111,1440.0,2954.3699032068253,2.051645766115851,1440.0,59.97196611014204,40.0,125.0,8026.0,10201.0,2954.0,24.0
4388161847,3369.0,2.58999991416931,2.58999991416931,0.0,0.0,0.0,2.58999991416931,0.0,0.0,0.0,108.0,825.0,1623.0,2016-05-12,,,,,,,166.0,19.0,5243.0,19.0,,,2120.5309233665466,19.0,3079.0,3.421111111111111,900.0,101.0,0.11222222222222222,900.0,11913.0,13.236666666666666,900.0,1553.8125705718994,1.726458411746555,900.0,60.24690976514215,44.0,136.0,3236.0,3079.0,1553.0,15.0
4445114986,3276.0,2.20000004768372,2.20000004768372,0.0,0.0,0.0,2.20000004768372,0.0,0.0,0.0,196.0,787.0,2113.0,2016-04-12,429.0,457.0,2.0,,,,,,,,457.0,2.0,,,3276.0,2.275,1440.0,196.0,0.1361111111111111,1440.0,18392.0,12.772222222222222,1440.0,2113.9764900207483,1.4680392291810753,1440.0,,,,,3276.0,2115.0,24.0
4445114986,2961.0,1.99000000953674,1.99000000953674,0.0,0.0,0.0,1.99000000953674,0.0,0.0,0.0,194.0,840.0,2095.0,2016-04-13,370.0,406.0,2.0,,,,194.0,24.0,2961.0,24.0,406.0,2.0,2095.356208562849,24.0,2961.0,2.05625,1440.0,194.0,0.13472222222222222,1440.0,18230.0,12.659722222222221,1440.0,2095.3562085628473,1.4551084781686439,1440.0,,,,,2961.0,2096.0,24.0
4445114986,3974.0,2.67000007629395,2.67000007629395,0.0,0.0,0.0,2.67000007629395,0.0,0.0,0.0,231.0,717.0,2194.0,2016-04-14,441.0,492.0,1.0,,,,231.0,24.0,3974.0,24.0,492.0,1.0,2194.319551110266,24.0,3974.0,2.7597222222222224,1440.0,231.0,0.16041666666666668,1440.0,19091.0,13.25763888888889,1440.0,2194.319551110264,1.52383302160435,1440.0,,,,,3974.0,2191.0,24.0
4445114986,7198.0,4.82999992370605,4.82999992370605,0.0,0.0,0.0,4.82999992370605,0.0,0.0,0.0,350.0,711.0,2496.0,2016-04-15,337.0,379.0,2.0,,,,350.0,24.0,7198.0,24.0,379.0,2.0,2496.381867051123,24.0,7198.0,4.998611111111111,1440.0,350.0,0.24305555555555555,1440.0,21719.0,15.082638888888889,1440.0,2496.3818670511214,1.733598518785501,1440.0,,,,,7198.0,2494.0,24.0
4445114986,3945.0,2.65000009536743,2.65000009536743,0.0,0.0,0.0,2.65000009536743,0.0,0.0,0.0,225.0,716.0,2180.0,2016-04-16,462.0,499.0,1.0,,,,225.0,24.0,3945.0,24.0,499.0,1.0,2180.756629586218,24.0,3945.0,2.7395833333333335,1440.0,225.0,0.15625,1440.0,18973.0,13.175694444444444,1440.0,2180.756629586216,1.514414326101539,1440.0,,,,,3945.0,2183.0,24.0
4445114986,2268.0,1.51999998092651,1.51999998092651,0.0,0.0,0.0,1.51999998092651,0.0,0.0,0.0,114.0,1219.0,1933.0,2016-04-17,98.0,107.0,1.0,,,,114.0,24.0,2258.0,24.0,107.0,1.0,1931.9115209579447,24.0,2258.0,1.5680555555555555,1440.0,114.0,0.07916666666666666,1440.0,16808.0,11.672222222222222,1440.0,1931.911520957943,1.3416052228874604,1440.0,,,,,2258.0,1930.0,24.0
4445114986,6155.0,4.23999977111816,4.23999977111816,0.0,2.0,0.28999999165535,1.95000004768372,0.0,25.0,6.0,162.0,1247.0,2248.0,2016-04-18,,,,,,,249.0,24.0,6155.0,24.0,,,2248.3413444757443,24.0,6155.0,4.274305555555555,1440.0,249.0,0.17291666666666666,1440.0,19561.0,13.584027777777777,1440.0,2248.3413444757425,1.5613481558859323,1440.0,,,,,6155.0,2250.0,24.0
4445114986,2064.0,1.38999998569489,1.38999998569489,0.0,0.0,0.0,1.38999998569489,0.0,0.0,0.0,121.0,895.0,1954.0,2016-04-19,388.0,424.0,2.0,,,,121.0,24.0,2064.0,24.0,424.0,2.0,1954.3248292207697,24.0,2064.0,1.4333333333333333,1440.0,121.0,0.08402777777777778,1440.0,17003.0,11.807638888888889,1440.0,1954.324829220768,1.3571700202922,1440.0,,,,,2064.0,1954.0,24.0
4445114986,2072.0,1.38999998569489,1.38999998569489,0.0,0.0,0.0,1.38999998569489,0.0,0.0,0.0,137.0,841.0,1974.0,2016-04-20,439.0,462.0,1.0,,,,137.0,24.0,2072.0,24.0,462.0,1.0,1974.4393279552442,24.0,2072.0,1.4388888888888889,1440.0,137.0,0.09513888888888888,1440.0,17178.0,11.929166666666667,1440.0,1974.439327955242,1.3711384221911405,1440.0,,,,,2072.0,1973.0,24.0
4445114986,3809.0,2.55999994277954,2.55999994277954,0.0,0.0,0.0,2.53999996185303,0.0,0.0,0.0,215.0,756.0,2150.0,2016-04-21,436.0,469.0,1.0,,,,215.0,24.0,3789.0,24.0,469.0,1.0,2146.9642633199674,24.0,3789.0,2.63125,1440.0,215.0,0.14930555555555555,1440.0,18679.0,12.971527777777778,1440.0,2146.9642633199655,1.4909474050833094,1440.0,,,,,3789.0,2145.0,24.0
4445114986,6831.0,4.57999992370605,4.57999992370605,0.0,0.0,0.0,4.57999992370605,0.0,0.0,0.0,317.0,706.0,2432.0,2016-04-22,388.0,417.0,1.0,,,,317.0,24.0,6831.0,24.0,417.0,1.0,2432.015468239783,24.0,6831.0,4.74375,1440.0,317.0,0.22013888888888888,1440.0,21159.0,14.69375,1440.0,2432.015468239781,1.6888996307220703,1440.0,,,,,6831.0,2432.0,24.0
4445114986,4363.0,2.9300000667572,2.9300000667572,0.0,0.0,0.0,2.9300000667572,0.0,0.0,0.0,201.0,1239.0,2149.0,2016-04-23,,,,,,,201.0,24.0,4363.0,24.0,,,2149.093816161161,24.0,4363.0,3.029861111111111,1440.0,201.0,0.13958333333333334,1440.0,18753.0,13.022916666666667,1440.0,2149.093816161161,1.4924262612230286,1440.0,,,,,4363.0,2151.0,24.0
4445114986,5002.0,3.35999989509583,3.35999989509583,0.0,0.0,0.0,3.35999989509583,0.0,0.0,0.0,244.0,1196.0,2247.0,2016-04-24,,,,,,,244.0,24.0,5002.0,24.0,,,2247.0768091678665,24.0,5002.0,3.473611111111111,1440.0,244.0,0.16944444444444445,1440.0,19608.0,13.616666666666667,1440.0,2247.076809167867,1.5604700063665742,1440.0,,,,,5002.0,2249.0,24.0
4445114986,3385.0,2.26999998092651,2.26999998092651,0.0,0.0,0.0,2.26999998092651,0.0,0.0,0.0,179.0,916.0,2070.0,2016-04-25,328.0,345.0,1.0,,,,179.0,24.0,3385.0,24.0,345.0,1.0,2070.9366198778207,24.0,3385.0,2.3506944444444446,1440.0,179.0,0.12430555555555556,1440.0,18071.0,12.549305555555556,1440.0,2070.9366198778207,1.438150430470709,1440.0,,,,,3385.0,2074.0,24.0
4445114986,6326.0,4.40999984741211,4.40999984741211,0.0,2.41000008583069,0.0399999991059303,1.96000003814697,0.0,29.0,1.0,180.0,839.0,2291.0,2016-04-26,353.0,391.0,2.0,,,,269.0,24.0,6326.0,24.0,391.0,2.0,2291.4270145893147,24.0,6326.0,4.393055555555556,1440.0,269.0,0.18680555555555556,1440.0,19995.0,13.885416666666666,1440.0,2291.427014589315,1.5912687601314688,1440.0,,,,,6326.0,2293.0,24.0
4445114986,7243.0,5.03000020980835,5.03000020980835,0.0,2.61999988555908,0.0299999993294477,2.38000011444092,0.0,32.0,1.0,194.0,839.0,2361.0,2016-04-27,332.0,374.0,1.0,,,,292.0,24.0,7243.0,24.0,374.0,1.0,2361.9060107469604,24.0,7243.0,5.029861111111111,1440.0,292.0,0.20277777777777778,1440.0,20610.0,14.3125,1440.0,2361.906010746961,1.6402125074631673,1440.0,,,,,7243.0,2361.0,24.0
4445114986,4493.0,3.00999999046326,3.00999999046326,0.0,0.0,0.0,3.00999999046326,0.0,0.0,0.0,236.0,762.0,2203.0,2016-04-28,419.0,442.0,1.0,,,,236.0,24.0,4493.0,24.0,442.0,1.0,2203.8726153373764,24.0,4493.0,3.120138888888889,1440.0,236.0,0.1638888888888889,1440.0,19231.0,13.354861111111111,1440.0,2203.8726153373773,1.5304670939842897,1440.0,,,,,4493.0,2204.0,24.0
4445114986,4676.0,3.14000010490417,3.14000010490417,0.0,0.0,0.0,3.13000011444092,0.0,0.0,0.0,226.0,1106.0,2196.0,2016-04-29,106.0,108.0,1.0,,,,226.0,24.0,4658.0,24.0,108.0,1.0,2194.246218681341,24.0,4658.0,3.234722222222222,1440.0,226.0,0.15694444444444444,1440.0,19147.0,13.296527777777778,1440.0,2194.246218681341,1.5237820963064868,1440.0,,,,,4658.0,2195.0,24.0
4445114986,6222.0,4.17999982833862,4.17999982833862,0.0,0.0,0.0,4.17999982833862,0.0,0.0,0.0,290.0,797.0,2363.0,2016-04-30,322.0,353.0,1.0,,,,290.0,24.0,6222.0,24.0,353.0,1.0,2363.7396085262344,24.0,6222.0,4.320833333333334,1440.0,290.0,0.2013888888888889,1440.0,20626.0,14.323611111111111,1440.0,2363.739608526235,1.6414858392543297,1440.0,,,,,6222.0,2362.0,24.0
4445114986,5232.0,3.50999999046326,3.50999999046326,0.0,0.0,0.0,3.50999999046326,0.0,0.0,0.0,240.0,741.0,2246.0,2016-05-01,439.0,459.0,2.0,,,,240.0,24.0,5232.0,24.0,459.0,2.0,2246.6184103488968,24.0,5232.0,3.6333333333333333,1440.0,240.0,0.16666666666666666,1440.0,19604.0,13.613888888888889,1440.0,2246.618410348897,1.560151673853401,1440.0,,,,,5232.0,2250.0,24.0
4445114986,6910.0,4.75,4.75,0.0,2.21000003814697,0.189999997615814,2.34999990463257,0.0,27.0,4.0,200.0,667.0,2336.0,2016-05-02,502.0,542.0,1.0,,,,289.0,24.0,6910.0,24.0,542.0,1.0,2336.1210166215947,24.0,6910.0,4.798611111111111,1440.0,289.0,0.20069444444444445,1440.0,20385.0,14.15625,1440.0,2336.121016621595,1.6223062615427744,1440.0,,,,,6910.0,2335.0,24.0
4445114986,7502.0,5.17999982833862,5.17999982833862,0.0,2.48000001907349,0.109999999403954,2.57999992370605,0.0,30.0,2.0,233.0,725.0,2421.0,2016-05-03,417.0,450.0,2.0,,,,327.0,24.0,7502.0,24.0,450.0,2.0,2421.0396133661316,24.0,7502.0,5.209722222222222,1440.0,327.0,0.22708333333333333,1440.0,21126.0,14.670833333333333,1440.0,2421.039613366132,1.6812775092820362,1440.0,,,,,7502.0,2420.0,24.0
4445114986,2923.0,1.96000003814697,1.96000003814697,0.0,0.0,0.0,1.96000003814697,0.0,0.0,0.0,180.0,897.0,2070.0,2016-05-04,337.0,363.0,2.0,,,,180.0,24.0,2923.0,24.0,363.0,2.0,2070.7074151039174,24.0,2923.0,2.029861111111111,1440.0,180.0,0.125,1440.0,18069.0,12.547916666666667,1440.0,2070.707415103918,1.4379912604888319,1440.0,,,,,2923.0,2071.0,24.0
4445114986,3800.0,2.54999995231628,2.54999995231628,0.0,0.119999997317791,0.239999994635582,2.1800000667572,0.0,2.0,6.0,185.0,734.0,2120.0,2016-05-05,462.0,513.0,2.0,,,,203.0,24.0,3800.0,24.0,513.0,2.0,2120.902216553693,24.0,3800.0,2.638888888888889,1440.0,203.0,0.14097222222222222,1440.0,18507.0,12.852083333333333,1440.0,2120.9022165536935,1.4728487614956205,1440.0,,,,,3800.0,2122.0,24.0
4445114986,4514.0,3.02999997138977,3.02999997138977,0.0,0.0,0.0,3.02999997138977,0.0,0.0,0.0,229.0,809.0,2211.0,2016-05-06,374.0,402.0,2.0,,,,229.0,24.0,4514.0,24.0,402.0,2.0,2211.321609854703,24.0,4514.0,3.1347222222222224,1440.0,229.0,0.15902777777777777,1440.0,19296.0,13.4,1440.0,2211.321609854703,1.5356400068435438,1440.0,,,,,4514.0,2211.0,24.0
4445114986,5183.0,3.58999991416931,3.58999991416931,0.0,2.13000011444092,0.189999997615814,1.25,0.0,26.0,4.0,108.0,866.0,2123.0,2016-05-07,401.0,436.0,2.0,,,,194.0,24.0,5167.0,24.0,436.0,2.0,2123.8818247318327,24.0,5167.0,3.5881944444444445,1440.0,194.0,0.13472222222222222,1440.0,18533.0,12.870138888888889,1440.0,2123.8818247318327,1.4749179338415506,1440.0,,,,,5167.0,2123.0,24.0
4445114986,7303.0,4.90000009536743,4.90000009536743,0.0,0.0,0.25,4.65000009536743,0.0,0.0,8.0,308.0,733.0,2423.0,2016-05-08,361.0,391.0,1.0,,,,324.0,24.0,7303.0,24.0,391.0,1.0,2423.4462161064193,24.0,7303.0,5.071527777777778,1440.0,324.0,0.225,1440.0,21147.0,14.685416666666667,1440.0,2423.44621610642,1.6829487611850138,1440.0,,,,,7303.0,2423.0,24.0
4445114986,5275.0,3.53999996185303,3.53999996185303,0.0,0.0,0.0,3.53999996185303,0.0,0.0,0.0,266.0,641.0,2281.0,2016-05-09,457.0,533.0,1.0,,,,266.0,24.0,5275.0,24.0,533.0,1.0,2281.5714147090957,24.0,5275.0,3.6631944444444446,1440.0,266.0,0.18472222222222223,1440.0,19909.0,13.825694444444444,1440.0,2281.571414709096,1.5844245935479835,1440.0,,,,,5275.0,2279.0,24.0
4445114986,3915.0,2.63000011444092,2.63000011444092,0.0,0.0,0.0,2.63000011444092,0.0,0.0,0.0,231.0,783.0,2181.0,2016-05-10,405.0,426.0,1.0,,,,231.0,24.0,3915.0,24.0,426.0,1.0,2181.6402148008387,24.0,3915.0,2.71875,1440.0,231.0,0.16041666666666668,1440.0,19037.0,13.220138888888888,1440.0,2181.6402148008397,1.5150279269450275,1440.0,,,,,3915.0,2181.0,24.0
4445114986,9105.0,6.1100001335144,6.1100001335144,0.0,2.25,1.0,2.85999989509583,0.0,34.0,22.0,232.0,622.0,2499.0,2016-05-11,499.0,530.0,1.0,,,,378.0,24.0,9105.0,24.0,530.0,1.0,2499.7698161602066,24.0,9105.0,6.322916666666667,1440.0,378.0,0.2625,1440.0,21813.0,15.147916666666667,1440.0,2499.769816160207,1.735951261222366,1440.0,,,,,9105.0,2502.0,24.0
4445114986,768.0,0.519999980926514,0.519999980926514,0.0,0.0,0.0,0.519999980926514,0.0,0.0,0.0,58.0,380.0,1212.0,2016-05-12,483.0,501.0,1.0,,,,254.0,24.0,6217.0,24.0,501.0,1.0,2261.5164166688974,24.0,484.0,0.6205128205128205,780.0,35.0,0.04487179487179487,780.0,8513.0,10.914102564102564,780.0,975.5898145437275,1.2507561724919583,780.0,,,,,687.0,1152.0,15.0
4445114986,,,,,,,,,,,,,,2016-05-13,,,,,,,4.0,7.0,24.0,7.0,,,490.14421057701327,7.0,,,,,,,,,,,,,,,,,,,
4558609924,5135.0,3.39000010490417,3.39000010490417,0.0,0.0,0.0,3.39000010490417,0.0,0.0,0.0,318.0,1122.0,1909.0,2016-04-12,,,,,,,,,,,,,,,5135.0,3.5659722222222223,1440.0,318.0,0.22083333333333333,1440.0,20576.0,14.28888888888889,1440.0,1909.6585637330998,1.326151780370208,1440.0,76.63937719738824,57.0,104.0,5973.0,5135.0,1912.0,24.0
4558609924,4978.0,3.28999996185303,3.28999996185303,0.0,1.24000000953674,0.439999997615814,1.61000001430511,0.0,19.0,7.0,127.0,1287.0,1722.0,2016-04-13,,,,,,,198.0,24.0,4978.0,24.0,,,1722.5535922050472,24.0,4978.0,3.4569444444444444,1440.0,198.0,0.1375,1440.0,18560.0,12.88888888888889,1440.0,1722.5535922050472,1.1962177723646161,1440.0,85.10215664018162,64.0,144.0,2643.0,4978.0,1728.0,24.0
4558609924,6799.0,4.48999977111816,4.48999977111816,0.0,0.0,0.0,4.48999977111816,0.0,0.0,0.0,279.0,1161.0,1922.0,2016-04-14,,,,,,,279.0,24.0,6799.0,24.0,,,1922.93038880825,24.0,6799.0,4.721527777777778,1440.0,279.0,0.19375,1440.0,20719.0,14.388194444444444,1440.0,1922.9303888082497,1.3353683255612845,1440.0,81.55655599324704,56.0,108.0,5331.0,6799.0,1925.0,24.0
4558609924,7795.0,5.15000009536743,5.15000009536743,0.0,0.589999973773956,0.839999973773956,3.73000001907349,0.0,17.0,30.0,262.0,1131.0,2121.0,2016-04-15,,,,,,,373.0,24.0,7795.0,24.0,,,2121.9150315523143,24.0,7795.0,5.413194444444445,1440.0,373.0,0.2590277777777778,1440.0,22863.0,15.877083333333333,1440.0,2121.9150315523143,1.4735521052446627,1440.0,90.86349049617378,58.0,146.0,8102.0,7795.0,2124.0,24.0
4558609924,7289.0,4.82000017166138,4.82000017166138,0.0,0.550000011920929,0.75,3.5,0.0,8.0,12.0,308.0,1112.0,1997.0,2016-04-16,,,,,,,356.0,24.0,7265.0,24.0,,,1990.8673117160786,24.0,7265.0,5.045138888888889,1440.0,356.0,0.24722222222222223,1440.0,21451.0,14.896527777777777,1440.0,1990.8673117160786,1.3825467442472767,1440.0,76.29632320883593,55.0,135.0,6881.0,7265.0,1993.0,24.0
4558609924,9634.0,6.40000009536743,6.40000009536743,0.0,0.550000011920929,1.13999998569489,4.71000003814697,0.0,7.0,19.0,304.0,1110.0,2117.0,2016-04-17,,,,,,,363.0,24.0,9634.0,24.0,,,2117.6194674372673,24.0,9634.0,6.690277777777778,1440.0,363.0,0.2520833333333333,1440.0,22775.0,15.815972222222221,1440.0,2117.6194674372673,1.4705690746092135,1440.0,83.2046897899365,57.0,136.0,6141.0,9634.0,2119.0,24.0
4558609924,8940.0,5.90999984741211,5.90999984741211,0.0,0.980000019073486,0.930000007152557,4.0,0.0,14.0,15.0,331.0,1080.0,2116.0,2016-04-18,,,,69.6999969482422,27.25,1.0,403.0,24.0,8940.0,24.0,,,2116.308014273643,24.0,8940.0,6.208333333333333,1440.0,403.0,0.2798611111111111,1440.0,22756.0,15.802777777777777,1440.0,2116.3080142736426,1.4696583432455852,1440.0,80.4574690464705,55.0,141.0,6219.0,8940.0,2119.0,24.0
4558609924,5401.0,3.5699999332428,3.5699999332428,0.0,0.0500000007450581,0.360000014305115,3.16000008583069,0.0,1.0,9.0,248.0,1182.0,1876.0,2016-04-19,,,,,,,269.0,24.0,5401.0,24.0,,,1875.8100128173824,24.0,5401.0,3.7506944444444446,1440.0,269.0,0.18680555555555556,1440.0,20170.0,14.006944444444445,1440.0,1875.8100128173821,1.3026458422342932,1440.0,83.0984677782785,61.0,132.0,4438.0,5401.0,1878.0,24.0
4558609924,4803.0,3.17000007629395,3.17000007629395,0.0,0.0,0.0,3.17000007629395,0.0,0.0,0.0,222.0,1218.0,1788.0,2016-04-20,,,,,,,222.0,24.0,4803.0,24.0,,,1788.7620149850843,24.0,4803.0,3.3354166666666667,1440.0,222.0,0.15416666666666667,1440.0,19234.0,13.356944444444444,1440.0,1788.762014985084,1.2421958437396416,1440.0,76.92327166504381,57.0,110.0,5135.0,4803.0,1788.0,24.0
4558609924,13743.0,9.07999992370605,9.07999992370605,0.0,0.419999986886978,0.970000028610229,7.69999980926514,0.0,6.0,21.0,432.0,844.0,2486.0,2016-04-21,126.0,137.0,1.0,,,,492.0,24.0,13743.0,24.0,137.0,1.0,2486.6340109109874,24.0,13743.0,9.54375,1440.0,492.0,0.3416666666666667,1440.0,26738.0,18.568055555555556,1440.0,2486.634010910987,1.726829174243741,1440.0,85.66238718698361,54.0,121.0,7867.0,13743.0,2488.0,24.0
4558609924,9601.0,6.34999990463257,6.34999990463257,0.0,1.37000000476837,1.5,3.47000002861023,0.0,20.0,25.0,273.0,1122.0,2094.0,2016-04-22,,,,,,,383.0,24.0,9601.0,24.0,,,2094.732011556625,24.0,9601.0,6.667361111111111,1440.0,383.0,0.2659722222222222,1440.0,22524.0,15.641666666666667,1440.0,2094.732011556625,1.454675008025434,1440.0,82.56045881790665,57.0,140.0,6277.0,9601.0,2096.0,24.0
4558609924,6890.0,4.55000019073486,4.55000019073486,0.0,0.340000003576279,0.200000002980232,4.01000022888184,0.0,5.0,5.0,308.0,1122.0,2085.0,2016-04-23,,,,,,,333.0,24.0,6890.0,24.0,,,2078.736011385917,24.0,6890.0,4.784722222222222,1440.0,333.0,0.23125,1440.0,22352.0,15.522222222222222,1440.0,2078.7360113859168,1.4435666745735534,1440.0,85.85146641438033,60.0,133.0,6342.0,6890.0,2082.0,24.0
4558609924,8563.0,5.65999984741211,5.65999984741211,0.0,0.0,0.0,5.65000009536743,0.0,0.0,0.0,395.0,1045.0,2173.0,2016-04-24,,,,,,,395.0,24.0,8553.0,24.0,,,2169.316727995871,24.0,8553.0,5.939583333333333,1440.0,395.0,0.2743055555555556,1440.0,23246.0,16.143055555555556,1440.0,2169.3167279958707,1.5064699499971324,1440.0,83.96923312413898,58.0,121.0,6533.0,8553.0,2167.0,24.0
4558609924,8095.0,5.34999990463257,5.34999990463257,0.0,0.589999973773956,0.25,4.51000022888184,0.0,18.0,10.0,340.0,993.0,2225.0,2016-04-25,,,,70.3000030517578,27.4599990844727,1.0,414.0,24.0,8095.0,24.0,79.0,1.0,2225.847457408905,24.0,8095.0,5.621527777777778,1440.0,414.0,0.2875,1440.0,23839.0,16.554861111111112,1440.0,2225.847457408905,1.5457274009784063,1440.0,82.49422222222222,55.0,163.0,6750.0,8095.0,2227.0,24.0
4558609924,9148.0,6.05000019073486,6.05000019073486,0.0,0.430000007152557,2.02999997138977,3.58999991416931,0.0,12.0,41.0,283.0,1062.0,2223.0,2016-04-26,103.0,121.0,1.0,,,,401.0,24.0,9148.0,24.0,42.0,1.0,2222.019285202027,24.0,9148.0,6.352777777777778,1440.0,401.0,0.27847222222222223,1440.0,23798.0,16.52638888888889,1440.0,2222.019285202027,1.543068948056963,1440.0,91.335402888379,59.0,148.0,7409.0,9148.0,2220.0,24.0
4558609924,9557.0,6.32000017166138,6.32000017166138,0.0,1.96000003814697,0.889999985694885,3.46000003814697,0.0,27.0,14.0,312.0,1087.0,2098.0,2016-04-27,,,,,,,421.0,24.0,9557.0,24.0,,,2098.490778684616,24.0,9557.0,6.636805555555555,1440.0,421.0,0.2923611111111111,1440.0,22475.0,15.60763888888889,1440.0,2098.490778684616,1.4572852629754278,1440.0,84.5569756698491,60.0,122.0,6494.0,9557.0,2098.0,24.0
4558609924,9451.0,6.25,6.25,0.0,0.0199999995529652,0.270000010728836,5.94999980926514,0.0,1.0,11.0,367.0,985.0,2185.0,2016-04-28,,,,,,,392.0,24.0,9451.0,24.0,76.0,1.0,2185.0447689294815,24.0,9451.0,6.563194444444444,1440.0,392.0,0.2722222222222222,1440.0,23402.0,16.25138888888889,1440.0,2185.0447689294815,1.5173922006454732,1440.0,85.64209429538943,59.0,133.0,7678.0,9451.0,2187.0,24.0
4558609924,7833.0,5.17999982833862,5.17999982833862,0.0,1.01999998092651,1.85000002384186,2.30999994277954,0.0,15.0,29.0,197.0,1096.0,1918.0,2016-04-29,171.0,179.0,1.0,,,,300.0,24.0,7833.0,24.0,103.0,1.0,1922.5817084312437,24.0,7833.0,5.439583333333333,1440.0,300.0,0.20833333333333334,1440.0,20591.0,14.299305555555556,1440.0,1922.5817084312437,1.335126186410586,1440.0,80.55509145902347,53.0,139.0,6943.0,7833.0,1921.0,24.0
4558609924,10319.0,6.82000017166138,6.82000017166138,0.0,0.469999998807907,1.88999998569489,4.46000003814697,0.0,7.0,29.0,293.0,1111.0,2105.0,2016-04-30,,,,,,,372.0,24.0,10310.0,24.0,,,2104.2980554103856,24.0,10310.0,7.159722222222222,1440.0,372.0,0.25833333333333336,1440.0,22588.0,15.686111111111112,1440.0,2104.298055410386,1.4613180940349904,1440.0,79.18702506521493,53.0,134.0,8817.0,10310.0,2106.0,24.0
4558609924,3428.0,2.26999998092651,2.26999998092651,0.0,0.0,0.0,2.26999998092651,0.0,0.0,0.0,190.0,1121.0,1692.0,2016-05-01,115.0,129.0,1.0,69.9000015258789,27.3199996948242,1.0,190.0,24.0,3428.0,24.0,129.0,1.0,1691.4317009448996,24.0,3428.0,2.3805555555555555,1440.0,190.0,0.13194444444444445,1440.0,18164.0,12.613888888888889,1440.0,1691.4317009448991,1.1746053478784022,1440.0,70.84190403364558,53.0,127.0,5231.0,3428.0,1692.0,24.0
4558609924,7891.0,5.21999979019165,5.21999979019165,0.0,0.0,0.0,5.21999979019165,0.0,0.0,0.0,383.0,1057.0,2066.0,2016-05-02,,,,69.1999969482422,27.0400009155273,1.0,383.0,24.0,7891.0,24.0,,,2066.4447981715202,24.0,7891.0,5.479861111111111,1440.0,383.0,0.2659722222222222,1440.0,22311.0,15.49375,1440.0,2066.4447981715207,1.4350311098413338,1440.0,78.66975261799969,55.0,108.0,6589.0,7891.0,2070.0,24.0
4558609924,5267.0,3.48000001907349,3.48000001907349,0.0,0.600000023841858,0.280000001192093,2.59999990463257,0.0,21.0,10.0,237.0,1172.0,1953.0,2016-05-03,,,,,,,320.0,24.0,5267.0,24.0,,,1953.355774462223,24.0,5267.0,3.657638888888889,1440.0,320.0,0.2222222222222222,1440.0,21090.0,14.645833333333334,1440.0,1953.3557744622233,1.3564970655987663,1440.0,82.52032630863359,52.0,148.0,7355.0,5267.0,1957.0,24.0
4558609924,5232.0,3.46000003814697,3.46000003814697,0.0,0.0,0.0,3.46000003814697,0.0,0.0,0.0,252.0,1188.0,1842.0,2016-05-04,,,,,,,252.0,24.0,5232.0,24.0,,,1842.7674946188927,24.0,5232.0,3.6333333333333333,1440.0,252.0,0.175,1440.0,19896.0,13.816666666666666,1440.0,1842.7674946188927,1.2796996490408976,1440.0,76.8313704496788,54.0,127.0,5604.0,5232.0,1846.0,24.0
4558609924,10611.0,7.01000022888184,7.01000022888184,0.0,1.00999999046326,0.5,5.51000022888184,0.0,14.0,8.0,370.0,1048.0,2262.0,2016-05-05,,,,,,,428.0,24.0,10611.0,24.0,,,2261.595137476921,24.0,10611.0,7.36875,1440.0,428.0,0.2972222222222222,1440.0,24418.0,16.956944444444446,1440.0,2261.5951374769215,1.5705521788034178,1440.0,81.93927185914653,48.0,130.0,6702.0,10611.0,2265.0,24.0
4558609924,3755.0,2.48000001907349,2.48000001907349,0.0,0.0,0.0,2.48000001907349,0.0,0.0,0.0,202.0,1238.0,1722.0,2016-05-06,,,,,,,202.0,24.0,3755.0,24.0,,,1722.731974184513,24.0,3755.0,2.607638888888889,1440.0,202.0,0.14027777777777778,1440.0,18600.0,12.916666666666666,1440.0,1722.731974184513,1.1963416487392453,1440.0,71.94897771228587,51.0,110.0,5429.0,3755.0,1727.0,24.0
4558609924,8237.0,5.44000005722046,5.44000005722046,0.0,1.61000001430511,1.0,2.82999992370605,0.0,23.0,16.0,233.0,1116.0,1973.0,2016-05-07,,,,,,,334.0,24.0,8237.0,24.0,52.0,1.0,1973.3616935610773,24.0,8237.0,5.720138888888889,1440.0,334.0,0.23194444444444445,1440.0,21306.0,14.795833333333333,1440.0,1973.3616935610773,1.3703900649729703,1440.0,76.24857300681275,54.0,116.0,5431.0,8237.0,1978.0,24.0
4558609924,6543.0,4.32999992370605,4.32999992370605,0.0,1.79999995231628,0.5,2.01999998092651,0.0,66.0,35.0,238.0,1019.0,2666.0,2016-05-08,123.0,134.0,1.0,,,,506.0,24.0,6543.0,24.0,82.0,1.0,2666.838708758354,24.0,6543.0,4.54375,1440.0,506.0,0.35138888888888886,1440.0,28812.0,20.008333333333333,1440.0,2666.838708758354,1.8519713255266348,1440.0,104.87147199305254,45.0,199.0,4606.0,6543.0,2672.0,24.0
4558609924,11451.0,7.57000017166138,7.57000017166138,0.0,0.430000007152557,1.62000000476837,5.51999998092651,0.0,6.0,30.0,339.0,1065.0,2223.0,2016-05-09,,,,69.0999984741211,27.0,1.0,417.0,24.0,11451.0,24.0,,,2223.698827028275,24.0,11451.0,7.952083333333333,1440.0,417.0,0.28958333333333336,1440.0,24027.0,16.685416666666665,1440.0,2223.6988270282745,1.5442352965474129,1440.0,79.37543278639168,54.0,110.0,6643.0,11451.0,2228.0,24.0
4558609924,6435.0,4.25,4.25,0.0,0.740000009536743,1.12000000476837,2.39000010490417,0.0,11.0,18.0,220.0,1191.0,1889.0,2016-05-10,,,,,,,289.0,24.0,6435.0,24.0,,,1888.575268685818,24.0,6435.0,4.46875,1440.0,289.0,0.20069444444444445,1440.0,20406.0,14.170833333333333,1440.0,1888.5752686858177,1.31151060325404,1440.0,75.78962353685543,50.0,147.0,6322.0,6435.0,1894.0,24.0
4558609924,9108.0,6.01999998092651,6.01999998092651,0.0,0.259999990463257,1.82000005245209,3.94000005722046,0.0,4.0,31.0,324.0,1081.0,2131.0,2016-05-11,,,,,,,398.0,24.0,9108.0,24.0,,,2130.778617918492,24.0,9108.0,6.325,1440.0,398.0,0.2763888888888889,1440.0,23023.0,15.988194444444444,1440.0,2130.7786179184914,1.4797073735545079,1440.0,74.92423536717901,44.0,138.0,6441.0,9108.0,2132.0,24.0
4558609924,6307.0,4.17000007629395,4.17000007629395,0.0,0.0,0.0,4.17000007629395,0.0,0.0,0.0,247.0,736.0,1452.0,2016-05-12,,,,,,,388.0,21.0,9995.0,21.0,,,2003.1521795988087,21.0,6020.0,6.270833333333333,960.0,232.0,0.24166666666666667,960.0,15156.0,15.7875,960.0,1402.6877842545512,1.4611331085984909,960.0,79.67777199375325,54.0,117.0,3842.0,6020.0,1407.0,16.0
4702921684,,,,,,,,,,,,,,2016-04-11,,,,,,,,,,,51.0,1.0,,,,,,,,,,,,,,,,,,,,,
4702921684,7213.0,5.88000011444092,5.88000011444092,0.0,0.0,0.0,5.84999990463257,0.0,0.0,0.0,263.0,718.0,2947.0,2016-04-12,425.0,439.0,1.0,,,,,,,,458.0,2.0,,,7213.0,5.009027777777778,1440.0,263.0,0.18263888888888888,1440.0,21040.0,14.61111111111111,1440.0,2947.28323841095,2.0467244711187154,1440.0,,,,,7213.0,2949.0,24.0
4702921684,6877.0,5.57999992370605,5.57999992370605,0.0,0.0,0.0,5.57999992370605,0.0,0.0,0.0,258.0,777.0,2898.0,2016-04-13,400.0,430.0,2.0,,,,258.0,24.0,6877.0,24.0,405.0,3.0,2896.8544369935985,24.0,6877.0,4.7756944444444445,1440.0,258.0,0.17916666666666667,1440.0,20680.0,14.36111111111111,1440.0,2896.8544369935994,2.011704470134444,1440.0,,,,,6877.0,2894.0,24.0
4702921684,7860.0,6.36999988555908,6.36999988555908,0.0,0.0,0.0,6.36999988555908,0.0,0.0,0.0,271.0,772.0,2984.0,2016-04-14,384.0,415.0,1.0,,,,271.0,24.0,7860.0,24.0,396.0,2.0,2984.824678301811,24.0,7860.0,5.458333333333333,1440.0,271.0,0.18819444444444444,1440.0,21308.0,14.797222222222222,1440.0,2984.8246783018117,2.072794915487369,1440.0,,,,,7860.0,2986.0,24.0
4702921684,6506.0,5.28000020980835,5.28000020980835,0.0,0.0700000002980232,0.419999986886978,4.78999996185303,0.0,1.0,8.0,256.0,944.0,2896.0,2016-04-15,253.0,257.0,1.0,,,,275.0,24.0,6506.0,24.0,231.0,1.0,2896.294116139412,24.0,6506.0,4.518055555555556,1440.0,275.0,0.1909722222222222,1440.0,20676.0,14.358333333333333,1440.0,2896.2941161394124,2.0113153584301475,1440.0,,,,,6506.0,2896.0,24.0
4702921684,11140.0,9.02999973297119,9.02999973297119,0.0,0.239999994635582,1.25,7.53999996185303,0.0,3.0,24.0,335.0,556.0,3328.0,2016-04-16,382.0,406.0,2.0,,,,392.0,24.0,11134.0,24.0,522.0,3.0,3322.1373296976085,24.0,11134.0,7.731944444444444,1440.0,392.0,0.2722222222222222,1440.0,23716.0,16.469444444444445,1440.0,3322.1373296976085,2.307039812290006,1440.0,,,,,11134.0,3321.0,24.0
4702921684,12692.0,10.289999961853,10.289999961853,0.0,0.959999978542328,3.46000003814697,5.88000011444092,0.0,12.0,66.0,302.0,437.0,3394.0,2016-04-17,591.0,612.0,1.0,,,,470.0,24.0,12692.0,24.0,623.0,2.0,3394.418603658676,24.0,12692.0,8.813888888888888,1440.0,470.0,0.3263888888888889,1440.0,24232.0,16.82777777777778,1440.0,3394.4186036586766,2.3572351414296366,1440.0,,,,,12692.0,3393.0,24.0
4702921684,9105.0,7.38000011444092,7.38000011444092,0.0,1.82000005245209,1.49000000953674,4.07000017166138,0.0,22.0,30.0,191.0,890.0,3013.0,2016-04-18,293.0,312.0,1.0,,,,317.0,24.0,9105.0,24.0,307.0,2.0,3013.9613157510757,24.0,9105.0,6.322916666666667,1440.0,317.0,0.22013888888888888,1440.0,21516.0,14.941666666666666,1440.0,3013.9613157510767,2.0930286914938034,1440.0,,,,,9105.0,3012.0,24.0
4702921684,6708.0,5.44000005722046,5.44000005722046,0.0,0.879999995231628,0.370000004768372,4.19000005722046,0.0,10.0,8.0,179.0,757.0,2812.0,2016-04-19,457.0,487.0,1.0,,,,225.0,24.0,6708.0,24.0,486.0,2.0,2812.806430578232,24.0,6708.0,4.658333333333333,1440.0,225.0,0.15625,1440.0,20080.0,13.944444444444445,1440.0,2812.8064305782323,1.9533377990126612,1440.0,,,,,6708.0,2813.0,24.0
4702921684,8793.0,7.13000011444092,7.13000011444092,0.0,0.159999996423721,1.23000001907349,5.73000001907349,0.0,2.0,29.0,260.0,717.0,3061.0,2016-04-20,454.0,468.0,1.0,,,,324.0,24.0,8793.0,24.0,431.0,2.0,3061.308357238769,24.0,8793.0,6.10625,1440.0,324.0,0.225,1440.0,21854.0,15.176388888888889,1440.0,3061.30835723877,2.1259085814158123,1440.0,,,,,8793.0,3063.0,24.0
4702921684,6530.0,5.30000019073486,5.30000019073486,0.0,0.310000002384186,2.04999995231628,2.94000005722046,0.0,4.0,41.0,144.0,901.0,2729.0,2016-04-21,425.0,434.0,1.0,,,,238.0,24.0,6530.0,24.0,350.0,1.0,2729.5988980531697,24.0,6530.0,4.534722222222222,1440.0,238.0,0.16527777777777777,1440.0,19486.0,13.531944444444445,1440.0,2729.598898053171,1.895554790314702,1440.0,,,,,6530.0,2728.0,24.0
4702921684,1664.0,1.35000002384186,1.35000002384186,0.0,0.0,0.0,1.35000002384186,0.0,0.0,0.0,72.0,1341.0,2241.0,2016-04-22,,,,,,,72.0,24.0,1664.0,24.0,27.0,1.0,2241.8403172492995,24.0,1664.0,1.1555555555555554,1440.0,72.0,0.05,1440.0,16004.0,11.113888888888889,1440.0,2241.8403172493013,1.5568335536453481,1440.0,,,,,1664.0,2241.0,24.0
4702921684,15126.0,12.2700004577637,12.2700004577637,0.0,0.759999990463257,3.24000000953674,8.27000045776367,0.0,9.0,66.0,408.0,469.0,3691.0,2016-04-23,465.0,475.0,1.0,,,,567.0,24.0,15126.0,24.0,487.0,2.0,3691.9485319852824,24.0,15126.0,10.504166666666666,1440.0,567.0,0.39375,1440.0,26356.0,18.302777777777777,1440.0,3691.948531985283,2.563853147212002,1440.0,,,,,15126.0,3691.0,24.0
4702921684,15050.0,12.2200002670288,12.2200002670288,0.0,1.20000004768372,5.11999988555908,5.88000011444092,0.0,15.0,95.0,281.0,542.0,3538.0,2016-04-24,480.0,506.0,1.0,,,,516.0,24.0,15050.0,24.0,507.0,2.0,3538.7010036706924,24.0,15050.0,10.45138888888889,1440.0,516.0,0.35833333333333334,1440.0,25262.0,17.543055555555554,1440.0,3538.701003670693,2.4574312525490924,1440.0,,,,,15050.0,3539.0,24.0
4702921684,9167.0,7.42999982833862,7.42999982833862,0.0,0.490000009536743,0.819999992847443,6.1100001335144,0.0,6.0,15.0,270.0,730.0,3064.0,2016-04-25,370.0,380.0,1.0,,,,318.0,24.0,9140.0,24.0,419.0,2.0,3060.4678753614426,24.0,9140.0,6.347222222222222,1440.0,318.0,0.22083333333333333,1440.0,21848.0,15.172222222222222,1440.0,3060.4678753614435,2.125324913445447,1440.0,,,,,9140.0,3060.0,24.0
4702921684,6108.0,4.94999980926514,4.94999980926514,0.0,0.0700000002980232,0.349999994039536,4.53999996185303,0.0,1.0,8.0,216.0,765.0,2784.0,2016-04-26,421.0,429.0,1.0,,,,235.0,24.0,6108.0,24.0,450.0,2.0,2783.9499461650853,24.0,6108.0,4.241666666666666,1440.0,235.0,0.16319444444444445,1440.0,19874.0,13.801388888888889,1440.0,2783.949946165086,1.9332985737257542,1440.0,,,,,6108.0,2784.0,24.0
4702921684,7047.0,5.71999979019165,5.71999979019165,0.0,0.0900000035762787,0.800000011920929,4.78000020980835,0.0,1.0,16.0,238.0,733.0,2908.0,2016-04-27,432.0,449.0,1.0,,,,273.0,24.0,6976.0,24.0,452.0,2.0,2902.457634091377,24.0,6976.0,4.844444444444444,1440.0,273.0,0.18958333333333333,1440.0,20720.0,14.38888888888889,1440.0,2902.4576340913777,2.0155955792301232,1440.0,,,,,6976.0,2903.0,24.0
4702921684,9023.0,7.32000017166138,7.32000017166138,0.0,1.12999999523163,0.419999986886978,5.76999998092651,0.0,14.0,9.0,232.0,738.0,3033.0,2016-04-28,442.0,461.0,1.0,,,,292.0,24.0,9023.0,24.0,447.0,2.0,3033.8526774644847,24.0,9023.0,6.2659722222222225,1440.0,292.0,0.20277777777777778,1440.0,21658.0,15.040277777777778,1440.0,3033.8526774644856,2.106842137128115,1440.0,,,,,9023.0,3033.0,24.0
4702921684,9930.0,8.05000019073486,8.05000019073486,0.0,1.05999994277954,0.920000016689301,6.07000017166138,0.0,12.0,19.0,267.0,692.0,3165.0,2016-04-29,433.0,447.0,1.0,,,,341.0,24.0,9930.0,24.0,450.0,2.0,3165.2477240562434,24.0,9930.0,6.895833333333333,1440.0,341.0,0.23680555555555555,1440.0,22596.0,15.691666666666666,1440.0,3165.247724056244,2.1980886972612805,1440.0,,,,,9930.0,3164.0,24.0
4702921684,10144.0,8.22999954223633,8.22999954223633,0.0,0.319999992847443,2.02999997138977,5.88000011444092,0.0,4.0,36.0,263.0,728.0,3115.0,2016-04-30,479.0,501.0,1.0,,,,347.0,24.0,10144.0,24.0,409.0,1.0,3115.939548134804,24.0,10144.0,7.044444444444444,1440.0,347.0,0.24097222222222223,1440.0,22244.0,15.447222222222223,1440.0,3115.939548134805,2.163846908426948,1440.0,,,,,10144.0,3115.0,24.0
4702921684,0.0,0.0,0.0,0.0,0.0,0.0,0.0,0.0,0.0,0.0,0.0,1440.0,2017.0,2016-05-01,,,,,,,0.0,24.0,0.0,24.0,,,2017.1519851684589,24.0,0.0,0.0,1440.0,0.0,0.0,1440.0,14400.0,10.0,1440.0,2017.151985168461,1.40079998970032,1440.0,,,,,0.0,2016.0,24.0
4702921684,7245.0,5.92000007629395,5.92000007629395,0.0,0.379999995231628,1.74000000953674,3.75999999046326,0.0,5.0,40.0,195.0,1131.0,2859.0,2016-05-02,,,,,,,290.0,24.0,7245.0,24.0,69.0,1.0,2859.0328252315526,24.0,7245.0,5.03125,1440.0,290.0,0.2013888888888889,1440.0,20410.0,14.17361111111111,1440.0,2859.0328252315535,1.9854394619663567,1440.0,,,,,7245.0,2859.0,24.0
4702921684,9454.0,7.67000007629395,7.67000007629395,0.0,0.0,0.0,7.67000007629395,0.0,0.0,0.0,313.0,729.0,3145.0,2016-05-03,327.0,373.0,1.0,,,,313.0,24.0,9454.0,24.0,398.0,2.0,3143.6754032373424,24.0,9454.0,6.565277777777778,1440.0,313.0,0.21736111111111112,1440.0,22442.0,15.584722222222222,1440.0,3143.675403237343,2.1831079189148213,1440.0,,,,,9454.0,3145.0,24.0
4702921684,8161.0,6.61999988555908,6.61999988555908,0.0,0.340000003576279,0.730000019073486,5.53999996185303,0.0,4.0,15.0,251.0,757.0,3004.0,2016-05-04,412.0,434.0,1.0,,,,293.0,24.0,8161.0,24.0,412.0,2.0,3004.1557172536845,24.0,8161.0,5.667361111111111,1440.0,293.0,0.20347222222222222,1440.0,21446.0,14.893055555555556,1440.0,3004.1557172536855,2.086219248092837,1440.0,,,,,8161.0,3003.0,24.0
4702921684,8614.0,6.98999977111816,6.98999977111816,0.0,0.670000016689301,0.219999998807907,6.09000015258789,0.0,8.0,5.0,241.0,745.0,3006.0,2016-05-05,414.0,428.0,1.0,,,,275.0,24.0,8614.0,24.0,441.0,2.0,3004.716038465499,24.0,8614.0,5.981944444444444,1440.0,275.0,0.1909722222222222,1440.0,21450.0,14.895833333333334,1440.0,3004.7160384655,2.086608360045486,1440.0,,,,,8614.0,3005.0,24.0
4702921684,6943.0,5.63000011444092,5.63000011444092,0.0,0.0799999982118607,0.660000026226044,4.86999988555908,0.0,1.0,16.0,207.0,682.0,2859.0,2016-05-06,404.0,449.0,1.0,,,,242.0,24.0,6910.0,24.0,534.0,2.0,2856.5113930702205,24.0,6910.0,4.798611111111111,1440.0,242.0,0.16805555555555557,1440.0,20392.0,14.161111111111111,1440.0,2856.5113930702214,1.983688467409876,1440.0,,,,,6910.0,2857.0,24.0
4702921684,14370.0,11.6499996185303,11.6499996185303,0.0,0.370000004768372,2.30999994277954,8.97000026702881,0.0,5.0,46.0,439.0,577.0,3683.0,2016-05-07,520.0,543.0,1.0,,,,546.0,24.0,14370.0,24.0,373.0,1.0,3683.823899030685,24.0,14370.0,9.979166666666666,1440.0,546.0,0.37916666666666665,1440.0,26298.0,18.2625,1440.0,3683.823899030685,2.5582110409935312,1440.0,,,,,14370.0,3683.0,24.0
4702921684,12857.0,10.4300003051758,10.4300003051758,0.0,0.680000007152557,6.21000003814697,3.53999996185303,0.0,9.0,125.0,192.0,1019.0,3287.0,2016-05-08,,,,,,,469.0,24.0,12857.0,24.0,95.0,1.0,3287.3974699974065,24.0,12857.0,8.928472222222222,1440.0,469.0,0.32569444444444445,1440.0,23468.0,16.29722222222222,1440.0,3287.397469997407,2.2829149097204215,1440.0,,,,,12857.0,3288.0,24.0
4702921684,8232.0,6.67999982833862,6.67999982833862,0.0,0.0,0.569999992847443,6.09999990463257,0.0,0.0,12.0,253.0,746.0,2990.0,2016-05-09,435.0,458.0,1.0,,,,277.0,24.0,8232.0,24.0,429.0,2.0,2990.988194704056,24.0,8232.0,5.716666666666667,1440.0,277.0,0.19236111111111112,1440.0,21352.0,14.827777777777778,1440.0,2990.9881947040562,2.07707513521115,1440.0,,,,,8232.0,2991.0,24.0
4702921684,10613.0,8.60999965667725,8.60999965667725,0.0,0.0799999982118607,1.87999999523163,6.65000009536743,0.0,1.0,37.0,262.0,701.0,3172.0,2016-05-10,416.0,431.0,1.0,,,,339.0,24.0,10613.0,24.0,439.0,2.0,3172.812039732933,24.0,10613.0,7.370138888888889,1440.0,339.0,0.23541666666666666,1440.0,22650.0,15.729166666666666,1440.0,3172.8120397329335,2.2033416942589814,1440.0,,,,,10613.0,3171.0,24.0
4702921684,9810.0,7.96000003814697,7.96000003814697,0.0,0.779999971389771,2.16000008583069,4.98000001907349,0.0,10.0,41.0,235.0,784.0,3069.0,2016-05-11,354.0,366.0,1.0,,,,347.0,24.0,9772.0,24.0,370.0,2.0,3069.9933104515076,24.0,9772.0,6.786111111111111,1440.0,347.0,0.24097222222222223,1440.0,21916.0,15.219444444444445,1440.0,3069.993310451509,2.131939798924659,1440.0,,,,,9772.0,3068.0,24.0
4702921684,2752.0,2.23000001907349,2.23000001907349,0.0,0.0,0.0,2.23000001907349,0.0,0.0,0.0,68.0,241.0,1240.0,2016-05-12,404.0,442.0,1.0,,,,330.0,24.0,9087.0,24.0,364.0,1.0,3087.0830866098404,24.0,2752.0,4.16969696969697,660.0,68.0,0.10303030303030303,660.0,8722.0,13.215151515151515,660.0,1221.777772426606,1.851178443070615,660.0,,,,,2752.0,1220.0,11.0
4702921684,,,,,,,,,,,,,,2016-05-13,,,,,,,1.0,6.0,7.0,6.0,,,512.9729579687122,6.0,,,,,,,,,,,,,,,,,,,
5553957443,,,,,,,,,,,,,,2016-04-11,,,,,,,,,,,100.0,1.0,,,,,,,,,,,,,,,,,,,,,
5553957443,11596.0,7.57000017166138,7.57000017166138,0.0,1.37000000476837,0.790000021457672,5.40999984741211,0.0,19.0,13.0,277.0,767.0,2026.0,2016-04-12,441.0,464.0,1.0,,,,,,,,364.0,1.0,,,11596.0,8.052777777777777,1440.0,360.0,0.25,1440.0,22118.0,15.359722222222222,1440.0,2026.0087760686874,1.4069505389365884,1440.0,64.36511350059737,50.0,106.0,8370.0,11596.0,2026.0,24.0
5553957443,4832.0,3.16000008583069,3.16000008583069,0.0,0.0,0.0,3.16000008583069,0.0,0.0,0.0,226.0,647.0,1718.0,2016-04-13,455.0,488.0,2.0,,,,226.0,24.0,4832.0,24.0,567.0,3.0,1718.3243876695635,24.0,4832.0,3.3555555555555556,1440.0,226.0,0.15694444444444444,1440.0,18759.0,13.027083333333334,1440.0,1718.3243876695635,1.1932808247705302,1440.0,61.483418208918145,47.0,95.0,8051.0,4832.0,1718.0,24.0
5553957443,17022.0,11.1199998855591,11.1199998855591,0.0,4.0,2.45000004768372,4.67000007629395,0.0,61.0,41.0,256.0,693.0,2324.0,2016-04-14,357.0,418.0,1.0,,,,521.0,24.0,17022.0,24.0,388.0,2.0,2324.4415833950047,24.0,17022.0,11.820833333333333,1440.0,521.0,0.36180555555555555,1440.0,25376.0,17.622222222222224,1440.0,2324.4415833950043,1.6141955440243085,1440.0,72.56047167909696,51.0,133.0,9922.0,17022.0,2326.0,24.0
5553957443,16556.0,10.8599996566772,10.8599996566772,0.0,4.15999984741211,1.98000001907349,4.71000003814697,0.0,58.0,38.0,239.0,689.0,2254.0,2016-04-15,377.0,409.0,1.0,,,,489.0,24.0,16556.0,24.0,415.0,2.0,2254.3675887584686,24.0,16556.0,11.497222222222222,1440.0,489.0,0.33958333333333335,1440.0,24611.0,17.090972222222224,1440.0,2254.3675887584686,1.5655330477489366,1440.0,69.0200328407225,50.0,123.0,9135.0,16556.0,2255.0,24.0
5553957443,5771.0,3.76999998092651,3.76999998092651,0.0,0.0,0.0,3.76999998092651,0.0,0.0,0.0,288.0,521.0,1831.0,2016-04-16,651.0,686.0,2.0,,,,288.0,24.0,5771.0,24.0,631.0,2.0,1831.083981394768,24.0,5771.0,4.007638888888889,1440.0,288.0,0.2,1440.0,19990.0,13.881944444444445,1440.0,1831.0839813947678,1.271586098190811,1440.0,66.0213644088371,50.0,116.0,8238.0,5771.0,1830.0,24.0
5553957443,655.0,0.430000007152557,0.430000007152557,0.0,0.0,0.0,0.430000007152557,0.0,0.0,0.0,46.0,943.0,1397.0,2016-04-17,350.0,402.0,1.0,,,,46.0,24.0,655.0,24.0,451.0,2.0,1397.8160049915316,24.0,655.0,0.4548611111111111,1440.0,46.0,0.03194444444444444,1440.0,15260.0,10.597222222222221,1440.0,1397.8160049915314,0.9707055590218968,1440.0,59.37717466945024,49.0,84.0,1437.0,655.0,1398.0,24.0
5553957443,3727.0,2.4300000667572,2.4300000667572,0.0,0.0,0.0,2.4300000667572,0.0,0.0,0.0,206.0,622.0,1683.0,2016-04-18,520.0,541.0,2.0,,,,206.0,24.0,3727.0,24.0,612.0,3.0,1683.241586446762,24.0,3727.0,2.5881944444444445,1440.0,206.0,0.14305555555555555,1440.0,18376.0,12.761111111111111,1440.0,1683.2415864467619,1.1689177683658067,1440.0,65.3844028632425,53.0,91.0,7963.0,3727.0,1683.0,24.0
5553957443,15482.0,10.1099996566772,10.1099996566772,0.0,4.28000020980835,1.6599999666214,4.17999982833862,0.0,69.0,28.0,249.0,756.0,2284.0,2016-04-19,357.0,410.0,1.0,,,,512.0,24.0,15482.0,24.0,338.0,2.0,2284.1375851631165,24.0,15482.0,10.751388888888888,1440.0,512.0,0.35555555555555557,1440.0,24936.0,17.316666666666666,1440.0,2284.1375851631165,1.5862066563632753,1440.0,74.88753310631857,49.0,128.0,10572.0,15482.0,2285.0,24.0
5553957443,2713.0,1.76999998092651,1.76999998092651,0.0,0.0,0.0,1.76999998092651,0.0,0.0,0.0,148.0,598.0,1570.0,2016-04-20,658.0,678.0,1.0,,,,148.0,24.0,2713.0,24.0,694.0,2.0,1570.0239940881731,24.0,2713.0,1.8840277777777779,1440.0,148.0,0.10277777777777777,1440.0,17140.0,11.902777777777779,1440.0,1570.023994088173,1.090294440339009,1440.0,60.040417526398834,48.0,84.0,8239.0,2713.0,1571.0,24.0
5553957443,12346.0,8.0600004196167,8.0600004196167,0.0,2.95000004768372,2.16000008583069,2.96000003814697,0.0,47.0,42.0,177.0,801.0,2066.0,2016-04-21,399.0,431.0,1.0,,,,402.0,24.0,12346.0,24.0,372.0,2.0,2066.4043884277344,24.0,12346.0,8.573611111111111,1440.0,402.0,0.2791666666666667,1440.0,22559.0,15.665972222222223,1440.0,2066.4043884277344,1.4350030475192599,1440.0,71.33225337951068,49.0,127.0,8951.0,12346.0,2067.0,24.0
5553957443,11682.0,7.63000011444092,7.63000011444092,0.0,1.37999999523163,0.629999995231628,5.59999990463257,0.0,25.0,16.0,270.0,781.0,2105.0,2016-04-22,322.0,353.0,1.0,,,,377.0,24.0,11670.0,24.0,348.0,1.0,2104.509977698326,24.0,11670.0,8.104166666666666,1440.0,377.0,0.26180555555555557,1440.0,22975.0,15.95486111111111,1440.0,2104.509977698326,1.4614652622905042,1440.0,70.42847711267606,51.0,128.0,9088.0,11670.0,2105.0,24.0
5553957443,4112.0,2.69000005722046,2.69000005722046,0.0,0.0,0.0,2.6800000667572,0.0,0.0,0.0,272.0,443.0,1776.0,2016-04-23,631.0,725.0,2.0,,,,272.0,24.0,4110.0,24.0,725.0,2.0,1776.215583920479,24.0,4110.0,2.8541666666666665,1440.0,272.0,0.18888888888888888,1440.0,19391.0,13.465972222222222,1440.0,1776.2155839204788,1.2334830443892213,1440.0,67.07407854984895,52.0,94.0,8275.0,4110.0,1778.0,24.0
5553957443,1807.0,1.17999994754791,1.17999994754791,0.0,0.0,0.0,1.17999994754791,0.0,0.0,0.0,104.0,582.0,1507.0,2016-04-24,553.0,640.0,2.0,,,,104.0,24.0,1807.0,24.0,754.0,3.0,1507.4611923694613,24.0,1807.0,1.2548611111111112,1440.0,104.0,0.07222222222222222,1440.0,16457.0,11.428472222222222,1440.0,1507.461192369461,1.0468480502565702,1440.0,63.97276314114802,50.0,92.0,7857.0,1807.0,1508.0,24.0
5553957443,10946.0,7.19000005722046,7.19000005722046,0.0,2.9300000667572,0.569999992847443,3.69000005722046,0.0,51.0,11.0,201.0,732.0,2033.0,2016-04-25,433.0,468.0,1.0,,,,376.0,24.0,10946.0,24.0,445.0,2.0,2033.0619906187057,24.0,10946.0,7.601388888888889,1440.0,376.0,0.2611111111111111,1440.0,22195.0,15.413194444444445,1440.0,2033.0619906187057,1.4118486045963234,1440.0,72.04626295690126,52.0,132.0,9165.0,10946.0,2034.0,24.0
5553957443,11886.0,7.76000022888184,7.76000022888184,0.0,2.36999988555908,0.930000007152557,4.46000003814697,0.0,40.0,18.0,238.0,750.0,2093.0,2016-04-26,412.0,453.0,1.0,,,,394.0,24.0,11886.0,24.0,394.0,2.0,2093.8843854665756,24.0,11886.0,8.254166666666666,1440.0,394.0,0.27361111111111114,1440.0,22859.0,15.874305555555555,1440.0,2093.8843854665756,1.454086378796233,1440.0,73.01322425193321,53.0,128.0,8923.0,11886.0,2098.0,24.0
5553957443,10538.0,6.88000011444092,6.88000011444092,0.0,1.13999998569489,1.0,4.73999977111816,0.0,16.0,16.0,206.0,745.0,1922.0,2016-04-27,347.0,391.0,1.0,,,,286.0,24.0,10538.0,24.0,456.0,2.0,1922.1343832015993,24.0,10538.0,7.3180555555555555,1440.0,286.0,0.1986111111111111,1440.0,20984.0,14.572222222222223,1440.0,1922.134383201599,1.3348155438899991,1440.0,65.07076392877657,49.0,104.0,8705.0,10538.0,1922.0,24.0
5553957443,11393.0,7.63000011444092,7.63000011444092,0.0,3.71000003814697,0.75,3.17000007629395,0.0,49.0,13.0,165.0,727.0,1999.0,2016-04-28,421.0,457.0,1.0,,,,338.0,24.0,11393.0,24.0,485.0,2.0,1999.6279902458193,24.0,11393.0,7.9118055555555555,1440.0,338.0,0.23472222222222222,1440.0,21830.0,15.159722222222221,1440.0,1999.627990245819,1.388630548781819,1440.0,71.07164801404433,51.0,149.0,9114.0,11393.0,1999.0,24.0
5553957443,12764.0,8.32999992370605,8.32999992370605,0.0,2.78999996185303,0.639999985694885,4.90999984741211,0.0,46.0,15.0,270.0,709.0,2169.0,2016-04-29,450.0,495.0,1.0,,,,438.0,24.0,12764.0,24.0,399.0,2.0,2169.729176878929,24.0,12764.0,8.863888888888889,1440.0,438.0,0.30416666666666664,1440.0,23687.0,16.449305555555554,1440.0,2169.729176878929,1.5067563728325897,1440.0,73.07417008111047,50.0,156.0,11959.0,12764.0,2170.0,24.0
5553957443,1202.0,0.779999971389771,0.779999971389771,0.0,0.0,0.0,0.779999971389771,0.0,0.0,0.0,84.0,506.0,1463.0,2016-04-30,775.0,843.0,2.0,,,,84.0,24.0,1202.0,24.0,850.0,3.0,1463.3099980354311,24.0,1202.0,0.8347222222222223,1440.0,84.0,0.058333333333333334,1440.0,15975.0,11.09375,1440.0,1463.309998035431,1.016187498635716,1440.0,65.77999501122474,49.0,89.0,8018.0,1202.0,1463.0,24.0
5553957443,5164.0,3.36999988555908,3.36999988555908,0.0,0.0,0.0,3.36999988555908,0.0,0.0,0.0,237.0,436.0,1747.0,2016-05-01,622.0,686.0,2.0,,,,237.0,24.0,5164.0,24.0,767.0,3.0,1747.2699897289278,24.0,5164.0,3.5861111111111112,1440.0,237.0,0.16458333333333333,1440.0,19075.0,13.246527777777779,1440.0,1747.2699897289276,1.2133819373117554,1440.0,66.54344989561586,49.0,116.0,7664.0,5164.0,1746.0,24.0
5553957443,9769.0,6.38000011444092,6.38000011444092,0.0,1.05999994277954,0.409999996423721,4.90000009536743,0.0,23.0,9.0,227.0,724.0,1996.0,2016-05-02,409.0,471.0,1.0,,,,314.0,24.0,9769.0,24.0,457.0,2.0,1996.860037803649,24.0,9769.0,6.784027777777778,1440.0,314.0,0.21805555555555556,1440.0,21881.0,15.19513888888889,1440.0,1996.860037803649,1.3867083595858674,1440.0,72.59142652035689,50.0,125.0,9751.0,9769.0,1995.0,24.0
5553957443,12848.0,8.39000034332275,8.39000034332275,0.0,1.5,1.20000004768372,5.67999982833862,0.0,26.0,29.0,247.0,812.0,2116.0,2016-05-03,380.0,429.0,1.0,,,,383.0,24.0,12821.0,24.0,326.0,1.0,2114.6766954660407,24.0,12821.0,8.903472222222222,1440.0,383.0,0.2659722222222222,1440.0,23172.0,16.091666666666665,1440.0,2114.6766954660407,1.4685254829625283,1440.0,69.95312333155366,50.0,134.0,9365.0,12821.0,2114.0,24.0
5553957443,4249.0,2.76999998092651,2.76999998092651,0.0,0.0,0.0,2.76999998092651,0.0,0.0,0.0,224.0,651.0,1698.0,2016-05-04,447.0,470.0,1.0,,,,224.0,24.0,4249.0,24.0,565.0,2.0,1698.6223554015146,24.0,4249.0,2.9506944444444443,1440.0,224.0,0.15555555555555556,1440.0,18613.0,12.925694444444444,1440.0,1698.6223554015148,1.1795988579177186,1440.0,61.67218347322378,47.0,108.0,8459.0,4249.0,1698.0,24.0
5553957443,14331.0,9.51000022888184,9.51000022888184,0.0,3.4300000667572,1.6599999666214,4.42999982833862,0.0,44.0,29.0,241.0,692.0,2156.0,2016-05-05,419.0,464.0,1.0,,,,431.0,24.0,14331.0,24.0,434.0,2.0,2156.2912526726714,24.0,14331.0,9.952083333333333,1440.0,431.0,0.29930555555555555,1440.0,23628.0,16.408333333333335,1440.0,2156.2912526726714,1.4974244810226884,1440.0,69.4014172571905,49.0,165.0,9596.0,14331.0,2154.0,24.0
5553957443,9632.0,6.28999996185303,6.28999996185303,0.0,1.51999998092651,0.540000021457672,4.23000001907349,0.0,21.0,9.0,229.0,761.0,1916.0,2016-05-06,400.0,434.0,1.0,,,,310.0,24.0,9632.0,24.0,420.0,2.0,1916.0036723613732,24.0,9632.0,6.688888888888889,1440.0,310.0,0.2152777777777778,1440.0,20995.0,14.57986111111111,1440.0,1916.003672361373,1.330558105806509,1440.0,63.165196696066076,51.0,104.0,7143.0,9632.0,1915.0,24.0
5553957443,1868.0,1.22000002861023,1.22000002861023,0.0,0.0,0.0,1.22000002861023,0.0,0.0,0.0,96.0,902.0,1494.0,2016-05-07,442.0,470.0,1.0,,,,96.0,24.0,1868.0,24.0,442.0,2.0,1494.4737331271165,24.0,1868.0,1.2972222222222223,1440.0,96.0,0.06666666666666667,1440.0,16376.0,11.372222222222222,1440.0,1494.4737331271162,1.0378289813382753,1440.0,63.02644230769231,51.0,140.0,2496.0,1868.0,1495.0,24.0
5553957443,6083.0,4.0,4.0,0.0,0.219999998807907,0.469999998807907,3.29999995231628,0.0,3.0,8.0,210.0,505.0,1762.0,2016-05-08,568.0,608.0,1.0,,,,235.0,24.0,6083.0,24.0,714.0,2.0,1762.6868763566006,24.0,6083.0,4.2243055555555555,1440.0,235.0,0.16319444444444445,1440.0,19315.0,13.413194444444445,1440.0,1762.6868763566006,1.2240881085809727,1440.0,65.5694360947457,51.0,110.0,8317.0,6083.0,1763.0,24.0
5553957443,11611.0,7.57999992370605,7.57999992370605,0.0,2.13000011444092,0.889999985694885,4.55999994277954,0.0,59.0,22.0,251.0,667.0,2272.0,2016-05-09,453.0,494.0,1.0,,,,472.0,24.0,11611.0,24.0,441.0,2.0,2272.739016711711,24.0,11611.0,8.063194444444445,1440.0,472.0,0.3277777777777778,1440.0,24904.0,17.294444444444444,1440.0,2272.739016711711,1.5782909838275772,1440.0,76.65612883984491,51.0,149.0,10059.0,11611.0,2271.0,24.0
5553957443,16358.0,10.710000038147,10.710000038147,0.0,3.86999988555908,1.61000001430511,5.19999980926514,0.0,61.0,40.0,265.0,707.0,2335.0,2016-05-10,418.0,443.0,1.0,,,,528.0,24.0,16315.0,24.0,367.0,1.0,2335.9821934700003,24.0,16315.0,11.32986111111111,1440.0,528.0,0.36666666666666664,1440.0,25597.0,17.775694444444444,1440.0,2335.9821934700003,1.6222098565763892,1440.0,76.83269438710312,53.0,133.0,10173.0,16315.0,2337.0,24.0
5553957443,4926.0,3.22000002861023,3.22000002861023,0.0,0.0,0.0,3.22000002861023,0.0,0.0,0.0,195.0,628.0,1693.0,2016-05-11,463.0,486.0,1.0,,,,195.0,24.0,4926.0,24.0,617.0,2.0,1693.3292736411086,24.0,4926.0,3.4208333333333334,1440.0,195.0,0.13541666666666666,1440.0,18555.0,12.885416666666666,1440.0,1693.3292736411086,1.1759231066952143,1440.0,65.40050890585242,54.0,103.0,7860.0,4926.0,1694.0,24.0
5553957443,3121.0,2.03999996185303,2.03999996185303,0.0,0.579999983310699,0.400000005960464,1.05999994277954,0.0,8.0,6.0,48.0,222.0,741.0,2016-05-12,438.0,475.0,1.0,,,,84.0,10.0,3121.0,10.0,344.0,1.0,715.2046074271201,10.0,3121.0,5.201666666666667,600.0,84.0,0.14,600.0,7837.0,13.061666666666667,600.0,715.20460742712,1.1920076790451999,600.0,64.19532265049806,54.0,107.0,2309.0,3121.0,716.0,10.0
5577150313,,,,,,,,,,,,,,2016-04-11,,,,,,,,,,,79.0,1.0,,,,,,,,,,,,,,,,,,,,,
5577150313,8135.0,6.07999992370605,6.07999992370605,0.0,3.59999990463257,0.379999995231628,2.09999990463257,0.0,86.0,16.0,140.0,728.0,3405.0,2016-04-12,419.0,438.0,1.0,,,,,,,,470.0,2.0,,,8135.0,5.649305555555555,1440.0,430.0,0.2986111111111111,1440.0,26431.0,18.354861111111113,1440.0,3405.3700594902084,2.3648403190904226,1440.0,65.65607369027059,41.0,154.0,8685.0,8135.0,3406.0,24.0
5577150313,5077.0,3.78999996185303,3.78999996185303,0.0,0.319999992847443,0.219999998807907,3.25,0.0,15.0,11.0,144.0,776.0,2551.0,2016-04-13,432.0,458.0,1.0,,,,211.0,24.0,5077.0,24.0,494.0,2.0,2551.9339362382934,24.0,5077.0,3.5256944444444445,1440.0,211.0,0.14652777777777778,1440.0,19807.0,13.754861111111111,1440.0,2551.933936238294,1.7721763446099263,1440.0,59.7035779576913,44.0,121.0,3829.0,5077.0,2552.0,24.0
5577150313,8596.0,6.42000007629395,6.42000007629395,0.0,3.32999992370605,0.310000002384186,2.77999997138977,0.0,118.0,30.0,176.0,662.0,4022.0,2016-04-14,477.0,497.0,1.0,,,,590.0,24.0,8596.0,24.0,454.0,2.0,4097.6273820400265,24.0,8596.0,5.969444444444444,1440.0,590.0,0.4097222222222222,1440.0,31804.0,22.086111111111112,1440.0,4097.627382040027,2.84557457086113,1440.0,76.83571282888028,43.0,172.0,9806.0,8596.0,4097.0,24.0
5577150313,12087.0,9.07999992370605,9.07999992370605,0.0,3.92000007629395,1.60000002384186,3.55999994277954,0.0,115.0,54.0,199.0,695.0,4005.0,2016-04-15,392.0,413.0,1.0,,,,652.0,24.0,12087.0,24.0,376.0,2.0,4004.0402311086677,24.0,12087.0,8.39375,1440.0,652.0,0.4527777777777778,1440.0,31660.0,21.98611111111111,1440.0,4004.040231108669,2.7805834938254645,1440.0,73.68219516499029,39.0,157.0,17001.0,12087.0,4003.0,24.0
5577150313,14269.0,10.6599998474121,10.6599998474121,0.0,6.6399998664856,1.27999997138977,2.73000001907349,0.0,184.0,56.0,158.0,472.0,4274.0,2016-04-16,406.0,445.0,1.0,,,,822.0,24.0,14261.0,24.0,570.0,2.0,4272.4511317014685,24.0,14261.0,9.903472222222222,1440.0,822.0,0.5708333333333333,1440.0,33785.0,23.461805555555557,1440.0,4272.451131701468,2.9669799525704637,1440.0,69.84255028980566,43.0,136.0,29330.0,14261.0,4272.0,24.0
5577150313,12231.0,9.14000034332275,9.14000034332275,0.0,5.98000001907349,0.829999983310699,2.3199999332428,0.0,200.0,37.0,159.0,525.0,4552.0,2016-04-17,549.0,583.0,1.0,90.6999969482422,28.0,1.0,833.0,24.0,12231.0,24.0,519.0,2.0,4552.352889895437,24.0,12231.0,8.49375,1440.0,833.0,0.5784722222222223,1440.0,36024.0,25.016666666666666,1440.0,4552.352889895437,3.1613561735384983,1440.0,71.11754189944133,40.0,174.0,8950.0,12231.0,4551.0,24.0
5577150313,9893.0,7.3899998664856,7.3899998664856,0.0,4.8600001335144,0.720000028610229,1.82000005245209,0.0,114.0,32.0,130.0,623.0,3625.0,2016-04-18,527.0,553.0,1.0,,,,536.0,24.0,9893.0,24.0,541.0,2.0,3624.417980790136,24.0,9893.0,6.870138888888889,1440.0,536.0,0.37222222222222223,1440.0,28681.0,19.917361111111113,1440.0,3624.4179807901364,2.516956931104261,1440.0,68.649090276973,41.0,165.0,8629.0,9893.0,3625.0,24.0
5577150313,12574.0,9.42000007629395,9.42000007629395,0.0,7.01999998092651,0.639999985694885,1.75999999046326,0.0,108.0,23.0,111.0,733.0,3501.0,2016-04-19,449.0,465.0,1.0,,,,481.0,24.0,12574.0,24.0,465.0,2.0,3501.459972023962,24.0,12574.0,8.731944444444444,1440.0,481.0,0.33402777777777776,1440.0,27708.0,19.241666666666667,1440.0,3501.459972023962,2.43156942501664,1440.0,70.46025152878735,42.0,159.0,8667.0,12574.0,3500.0,24.0
5577150313,8330.0,6.21999979019165,6.21999979019165,0.0,4.11999988555908,0.340000003576279,1.75999999046326,0.0,87.0,16.0,113.0,773.0,3192.0,2016-04-20,447.0,480.0,1.0,,,,406.0,24.0,8330.0,24.0,451.0,2.0,3192.485318064687,24.0,8330.0,5.784722222222222,1440.0,406.0,0.28194444444444444,1440.0,25263.0,17.54375,1440.0,3192.485318064688,2.2170036931004775,1440.0,69.17306809487376,45.0,135.0,6535.0,8330.0,3191.0,24.0
5577150313,10830.0,8.09000015258789,8.09000015258789,0.0,3.65000009536743,1.6599999666214,2.77999997138977,0.0,110.0,74.0,175.0,670.0,4018.0,2016-04-21,414.0,437.0,1.0,,,,653.0,24.0,10830.0,24.0,410.0,2.0,4018.566011905668,24.0,10830.0,7.520833333333333,1440.0,653.0,0.4534722222222222,1440.0,31800.0,22.083333333333332,1440.0,4018.5660119056683,2.7906708416011585,1440.0,72.31130021769246,43.0,168.0,10106.0,10830.0,4019.0,24.0
5577150313,9172.0,6.84999990463257,6.84999990463257,0.0,2.42000007629395,0.790000021457672,3.29999995231628,0.0,62.0,30.0,200.0,823.0,3329.0,2016-04-22,338.0,366.0,1.0,,,,446.0,24.0,8700.0,24.0,325.0,2.0,3283.9771934747673,24.0,8700.0,6.041666666666667,1440.0,446.0,0.30972222222222223,1440.0,25987.0,18.04652777777778,1440.0,3283.977193474767,2.2805397176908104,1440.0,64.64848702308336,43.0,132.0,8361.0,8700.0,3283.0,24.0
5577150313,7638.0,5.71000003814697,5.71000003814697,0.0,1.21000003814697,0.360000014305115,4.1399998664856,0.0,24.0,24.0,223.0,627.0,3152.0,2016-04-23,384.0,402.0,1.0,,,,343.0,24.0,7638.0,24.0,542.0,2.0,3151.288696408269,24.0,7638.0,5.304166666666666,1440.0,343.0,0.23819444444444443,1440.0,24937.0,17.31736111111111,1440.0,3151.288696408269,2.1883949280612978,1440.0,65.07899988261534,40.0,171.0,8519.0,7638.0,3153.0,24.0
5577150313,15764.0,11.7799997329712,11.7799997329712,0.0,7.65000009536743,2.15000009536743,1.98000001907349,0.0,210.0,65.0,141.0,425.0,4392.0,2016-04-24,543.0,615.0,1.0,,,,901.0,24.0,15764.0,24.0,598.0,2.0,4392.368471860883,24.0,15764.0,10.947222222222223,1440.0,901.0,0.6256944444444444,1440.0,34758.0,24.1375,1440.0,4392.368471860883,3.050255883236724,1440.0,72.2686495562485,40.0,131.0,8338.0,15764.0,4392.0,24.0
5577150313,6393.0,4.78000020980835,4.78000020980835,0.0,1.35000002384186,0.670000016689301,2.75999999046326,0.0,61.0,38.0,214.0,743.0,3374.0,2016-04-25,421.0,461.0,1.0,,,,473.0,24.0,6393.0,24.0,384.0,2.0,3374.5844926834084,24.0,6393.0,4.439583333333333,1440.0,473.0,0.3284722222222222,1440.0,26704.0,18.544444444444444,1440.0,3374.584492683409,2.343461453252367,1440.0,67.54545454545455,43.0,125.0,8877.0,6393.0,3374.0,24.0
5577150313,5325.0,3.98000001907349,3.98000001907349,0.0,0.850000023841858,0.649999976158142,2.47000002861023,0.0,38.0,32.0,181.0,759.0,3088.0,2016-04-26,354.0,377.0,1.0,,,,359.0,24.0,5325.0,24.0,430.0,2.0,3088.861917138098,24.0,5325.0,3.6979166666666665,1440.0,359.0,0.24930555555555556,1440.0,24443.0,16.974305555555556,1440.0,3088.861917138098,2.145042998012568,1440.0,65.35988133272478,40.0,122.0,8764.0,5325.0,3088.0,24.0
5577150313,6805.0,5.1399998664856,5.1399998664856,0.0,1.80999994277954,0.400000005960464,2.9300000667572,0.0,63.0,16.0,190.0,773.0,3294.0,2016-04-27,424.0,452.0,1.0,,,,411.0,24.0,6805.0,24.0,398.0,2.0,3294.2131695747357,24.0,6805.0,4.725694444444445,1440.0,411.0,0.28541666666666665,1440.0,26068.0,18.102777777777778,1440.0,3294.213169574736,2.2876480344269003,1440.0,66.42827775239836,42.0,130.0,8756.0,6805.0,3292.0,24.0
5577150313,9841.0,7.42999982833862,7.42999982833862,0.0,3.25,1.16999995708466,3.00999999046326,0.0,99.0,51.0,141.0,692.0,3580.0,2016-04-28,361.0,372.0,1.0,,,,540.0,24.0,9841.0,24.0,457.0,2.0,3580.5675988197304,24.0,9841.0,6.834027777777778,1440.0,540.0,0.375,1440.0,28334.0,19.676388888888887,1440.0,3580.567598819731,2.4865052769581464,1440.0,70.68770690796734,40.0,171.0,9062.0,9841.0,3581.0,24.0
5577150313,7924.0,5.92000007629395,5.92000007629395,0.0,2.83999991416931,0.610000014305115,2.47000002861023,0.0,97.0,36.0,165.0,739.0,3544.0,2016-04-29,459.0,485.0,1.0,,,,528.0,24.0,7924.0,24.0,403.0,2.0,3544.9312479495975,24.0,7924.0,5.502777777777778,1440.0,528.0,0.36666666666666664,1440.0,28052.0,19.480555555555554,1440.0,3544.9312479495975,2.4617578110761094,1440.0,66.26641414141415,42.0,141.0,8712.0,7924.0,3543.0,24.0
5577150313,12363.0,9.23999977111816,9.23999977111816,0.0,5.82999992370605,0.790000021457672,2.60999989509583,0.0,207.0,45.0,163.0,621.0,4501.0,2016-04-30,412.0,433.0,1.0,,,,874.0,24.0,12363.0,24.0,404.0,2.0,4501.4257774353,24.0,12363.0,8.585416666666667,1440.0,874.0,0.6069444444444444,1440.0,35621.0,24.736805555555556,1440.0,4501.4257774353,3.1259901232189584,1440.0,71.55549407989378,41.0,138.0,9037.0,12363.0,4502.0,24.0
5577150313,13368.0,9.98999977111816,9.98999977111816,0.0,5.30999994277954,1.44000005722046,3.24000000953674,0.0,194.0,72.0,178.0,499.0,4546.0,2016-05-01,379.0,398.0,1.0,,,,904.0,24.0,13368.0,24.0,497.0,2.0,4546.918980956076,24.0,13368.0,9.283333333333333,1440.0,904.0,0.6277777777777778,1440.0,35981.0,24.986805555555556,1440.0,4546.918980956076,3.1575826256639417,1440.0,73.70357503081924,44.0,140.0,8923.0,13368.0,4545.0,24.0
5577150313,7439.0,5.55999994277954,5.55999994277954,0.0,1.12000000476837,0.349999994039536,4.07000017166138,0.0,37.0,20.0,235.0,732.0,3014.0,2016-05-02,525.0,553.0,2.0,,,,386.0,24.0,7414.0,24.0,416.0,2.0,3014.0508722066857,24.0,7414.0,5.148611111111111,1440.0,386.0,0.26805555555555555,1440.0,23851.0,16.563194444444445,1440.0,3014.050872206685,2.0930908834768647,1440.0,64.60946601941748,43.0,128.0,4120.0,7414.0,3011.0,24.0
5577150313,11045.0,8.25,8.25,0.0,4.51999998092651,0.150000005960464,3.5699999332428,0.0,97.0,8.0,212.0,580.0,3795.0,2016-05-03,508.0,543.0,1.0,,,,519.0,24.0,11045.0,24.0,543.0,1.0,3795.3965922594048,24.0,11045.0,7.670138888888889,1440.0,519.0,0.36041666666666666,1440.0,30034.0,20.856944444444444,1440.0,3795.396592259405,2.6356920779579203,1440.0,70.00069044879172,42.0,154.0,8690.0,11045.0,3796.0,24.0
5577150313,5206.0,3.89000010490417,3.89000010490417,0.0,1.55999994277954,0.25,2.07999992370605,0.0,25.0,9.0,141.0,631.0,2755.0,2016-05-04,603.0,634.0,1.0,,,,234.0,24.0,5206.0,24.0,634.0,1.0,2753.855052709577,24.0,5206.0,3.6152777777777776,1440.0,234.0,0.1625,1440.0,21792.0,15.133333333333333,1440.0,2753.855052709577,1.9123993421594285,1440.0,62.24588163514338,36.0,143.0,8195.0,5206.0,2757.0,24.0
5577150313,7550.0,5.6399998664856,5.6399998664856,0.0,2.5,0.469999998807907,2.67000007629395,0.0,45.0,21.0,143.0,1153.0,3004.0,2016-05-05,74.0,78.0,1.0,,,,320.0,24.0,7550.0,24.0,78.0,1.0,3004.95224356651,24.0,7550.0,5.243055555555555,1440.0,320.0,0.2222222222222222,1440.0,23779.0,16.513194444444444,1440.0,3004.9522435665103,2.086772391365632,1440.0,72.21057965139846,50.0,141.0,4934.0,7550.0,3008.0,24.0
5577150313,4950.0,3.70000004768372,3.70000004768372,0.0,1.92999994754791,0.319999992847443,1.45000004768372,0.0,41.0,16.0,79.0,1304.0,2643.0,2016-05-06,,,,,,,234.0,24.0,4950.0,24.0,,,2643.4076716899826,24.0,4950.0,3.4375,1440.0,234.0,0.1625,1440.0,20918.0,14.526388888888889,1440.0,2643.407671689983,1.8356997720069328,1440.0,70.48196015078084,48.0,134.0,3714.0,4950.0,2645.0,24.0
5577150313,0.0,0.0,0.0,0.0,0.0,0.0,0.0,0.0,0.0,0.0,0.0,1440.0,1819.0,2016-05-07,,,,,,,0.0,24.0,0.0,24.0,,,1819.7280120849546,24.0,0.0,0.0,1440.0,0.0,0.0,1440.0,14400.0,10.0,1440.0,1819.7280120849553,1.26370000839233,1440.0,,,,,0.0,1824.0,24.0
5577150313,0.0,0.0,0.0,0.0,0.0,0.0,0.0,0.0,0.0,0.0,0.0,1440.0,1819.0,2016-05-08,,,,,,,0.0,24.0,0.0,24.0,,,1819.7280120849546,24.0,0.0,0.0,1440.0,0.0,0.0,1440.0,14400.0,10.0,1440.0,1819.7280120849553,1.26370000839233,1440.0,,,,,0.0,1824.0,24.0
5577150313,3421.0,2.55999994277954,2.55999994277954,0.0,1.42999994754791,0.140000000596046,0.990000009536743,0.0,34.0,11.0,70.0,1099.0,2489.0,2016-05-09,,,,,,,194.0,24.0,3421.0,24.0,226.0,1.0,2489.3626440763437,24.0,3421.0,2.3756944444444446,1440.0,194.0,0.13472222222222222,1440.0,19699.0,13.67986111111111,1440.0,2489.362644076344,1.7287240583863501,1440.0,68.04024697004346,51.0,130.0,4373.0,3421.0,2490.0,24.0
5577150313,8869.0,6.65000009536743,6.65000009536743,0.0,2.55999994277954,0.75,3.34999990463257,0.0,104.0,37.0,194.0,639.0,3841.0,2016-05-10,504.0,562.0,1.0,,,,580.0,24.0,8869.0,24.0,466.0,2.0,3841.1425410509096,24.0,8869.0,6.159027777777778,1440.0,580.0,0.4027777777777778,1440.0,30396.0,21.108333333333334,1440.0,3841.14254105091,2.667460097952021,1440.0,75.29284883200573,42.0,172.0,11173.0,8869.0,3842.0,24.0
5577150313,4038.0,3.03999996185303,3.03999996185303,0.0,1.83000004291534,0.300000011920929,0.889999985694885,0.0,45.0,15.0,63.0,257.0,1665.0,2016-05-11,431.0,476.0,1.0,,,,226.0,12.0,3929.0,12.0,346.0,1.0,1649.6339864730821,12.0,3929.0,5.456944444444445,720.0,226.0,0.3138888888888889,720.0,13054.0,18.130555555555556,720.0,1649.6339864730824,2.2911583145459478,720.0,67.04067948144836,45.0,173.0,4474.0,3929.0,1650.0,12.0
6117666160,0.0,0.0,0.0,0.0,0.0,0.0,0.0,0.0,0.0,0.0,0.0,1440.0,1496.0,2016-04-12,,,,,,,,,,,,,,,0.0,0.0,1440.0,0.0,0.0,1440.0,14400.0,10.0,1440.0,1496.5919494628977,1.03929996490479,1440.0,,,,,0.0,1488.0,24.0
6117666160,0.0,0.0,0.0,0.0,0.0,0.0,0.0,0.0,0.0,0.0,0.0,1440.0,1496.0,2016-04-13,,,,,,,0.0,24.0,0.0,24.0,,,1496.5919494628988,24.0,0.0,0.0,1440.0,0.0,0.0,1440.0,14400.0,10.0,1440.0,1496.5919494628977,1.03929996490479,1440.0,,,,,0.0,1488.0,24.0
6117666160,0.0,0.0,0.0,0.0,0.0,0.0,0.0,0.0,0.0,0.0,0.0,1440.0,1496.0,2016-04-14,,,,,,,0.0,24.0,0.0,24.0,,,1496.5919494628988,24.0,0.0,0.0,1440.0,0.0,0.0,1440.0,14400.0,10.0,1440.0,1496.5919494628977,1.03929996490479,1440.0,,,,,0.0,1488.0,24.0
6117666160,14019.0,10.5900001525879,10.5900001525879,0.0,0.0,0.280000001192093,10.3000001907349,0.0,0.0,6.0,513.0,921.0,2865.0,2016-04-15,,,,,,,525.0,24.0,14019.0,24.0,,,2865.142178297047,24.0,14019.0,9.735416666666667,1440.0,525.0,0.3645833333333333,1440.0,27568.0,19.144444444444446,1440.0,2865.1421782970465,1.989682068261838,1440.0,97.94359728091126,57.0,137.0,5443.0,14019.0,2861.0,24.0
6117666160,14450.0,10.9099998474121,10.9099998474121,0.0,0.579999983310699,0.850000023841858,9.47999954223633,0.0,7.0,15.0,518.0,502.0,2828.0,2016-04-16,380.0,398.0,1.0,,,,569.0,24.0,14450.0,24.0,398.0,1.0,2828.454886436464,24.0,14450.0,10.034722222222221,1440.0,569.0,0.3951388888888889,1440.0,27215.0,18.899305555555557,1440.0,2828.4548864364638,1.9642047822475444,1440.0,87.02745664739885,54.0,155.0,9688.0,14450.0,2829.0,24.0
6117666160,7150.0,5.40000009536743,5.40000009536743,0.0,0.0,0.0,5.40000009536743,0.0,0.0,0.0,312.0,702.0,2225.0,2016-04-17,336.0,350.0,2.0,,,,312.0,24.0,7150.0,24.0,426.0,3.0,2225.7648179531125,24.0,7150.0,4.965277777777778,1440.0,312.0,0.21666666666666667,1440.0,21416.0,14.872222222222222,1440.0,2225.7648179531125,1.5456700124674392,1440.0,85.35302197802197,59.0,130.0,5824.0,7150.0,2222.0,24.0
6117666160,5153.0,3.91000008583069,3.91000008583069,0.0,0.0,0.0,3.89000010490417,0.0,0.0,0.0,241.0,759.0,2018.0,2016-04-18,493.0,510.0,2.0,,,,241.0,24.0,5153.0,24.0,440.0,3.0,2018.9441206455265,24.0,5153.0,3.578472222222222,1440.0,241.0,0.1673611111111111,1440.0,19426.0,13.490277777777777,1440.0,2018.9441206455263,1.4020445282260598,1440.0,82.91442424242425,61.0,116.0,4125.0,5153.0,2018.0,24.0
6117666160,11135.0,8.40999984741211,8.40999984741211,0.0,0.0,0.0,8.40999984741211,0.0,0.0,0.0,480.0,425.0,2606.0,2016-04-19,465.0,492.0,1.0,,,,480.0,24.0,11135.0,24.0,534.0,2.0,2606.668269634249,24.0,11135.0,7.732638888888889,1440.0,480.0,0.3333333333333333,1440.0,25081.0,17.417361111111113,1440.0,2606.6682696342486,1.810186298357117,1440.0,83.5081252044934,53.0,124.0,9169.0,11135.0,2604.0,24.0
6117666160,10449.0,8.02000045776367,8.02000045776367,0.0,2.02999997138977,0.479999989271164,5.51999998092651,0.0,26.0,10.0,349.0,587.0,2536.0,2016-04-20,474.0,502.0,1.0,,,,447.0,24.0,10449.0,24.0,467.0,2.0,2536.2037203311943,24.0,10449.0,7.25625,1440.0,447.0,0.3104166666666667,1440.0,24403.0,16.946527777777778,1440.0,2536.203720331194,1.761252583563329,1440.0,85.50435634937922,52.0,181.0,9182.0,10449.0,2534.0,24.0
6117666160,19542.0,15.0100002288818,15.0100002288818,0.0,0.980000019073486,0.400000005960464,5.61999988555908,0.0,11.0,19.0,294.0,579.0,4900.0,2016-04-21,508.0,550.0,1.0,,,,365.0,24.0,9093.0,24.0,537.0,1.0,2366.6939020156897,24.0,9093.0,6.314583333333333,1440.0,365.0,0.2534722222222222,1440.0,22772.0,15.813888888888888,1440.0,2366.693902015689,1.6435374319553397,1440.0,79.40156418554477,52.0,154.0,7416.0,9093.0,2365.0,24.0
6117666160,8206.0,6.19999980926514,6.19999980926514,0.0,0.0,0.0,6.19999980926514,0.0,0.0,0.0,402.0,413.0,2409.0,2016-04-22,480.0,546.0,1.0,,,,402.0,24.0,8206.0,24.0,625.0,2.0,2409.7209172248868,24.0,8206.0,5.698611111111111,1440.0,402.0,0.2791666666666667,1440.0,23186.0,16.101388888888888,1440.0,2409.7209172248863,1.6734173036283932,1440.0,81.7020639147803,53.0,139.0,9012.0,8206.0,2410.0,24.0
6117666160,11495.0,8.68000030517578,8.68000030517578,0.0,0.0,0.0,8.68000030517578,0.0,0.0,0.0,512.0,468.0,2651.0,2016-04-23,492.0,539.0,1.0,,,,512.0,24.0,11495.0,24.0,460.0,1.0,2650.422792673113,24.0,11495.0,7.982638888888889,1440.0,512.0,0.35555555555555557,1440.0,25502.0,17.709722222222222,1440.0,2650.4227926731123,1.8405713838007725,1440.0,81.79523809523809,54.0,121.0,9450.0,11495.0,2652.0,24.0
6117666160,7623.0,5.76000022888184,5.76000022888184,0.0,0.0,0.0,5.76000022888184,0.0,0.0,0.0,362.0,711.0,2305.0,2016-04-24,353.0,367.0,1.0,,,,362.0,24.0,7623.0,24.0,367.0,1.0,2305.1673400402105,24.0,7623.0,5.29375,1440.0,362.0,0.2513888888888889,1440.0,22180.0,15.402777777777779,1440.0,2305.16734004021,1.6008106528057016,1440.0,84.20596510973552,55.0,129.0,5331.0,7623.0,2302.0,24.0
6117666160,0.0,0.0,0.0,0.0,0.0,0.0,0.0,0.0,0.0,0.0,0.0,1440.0,1497.0,2016-04-25,,,,,,,0.0,24.0,0.0,24.0,,,1496.5919494628988,24.0,0.0,0.0,1440.0,0.0,0.0,1440.0,14400.0,10.0,1440.0,1496.5919494628977,1.03929996490479,1440.0,,,,,0.0,1488.0,24.0
6117666160,9543.0,7.21000003814697,7.21000003814697,0.0,0.0,0.340000003576279,6.86999988555908,0.0,0.0,7.0,352.0,1077.0,2450.0,2016-04-26,,,,,,,366.0,24.0,9543.0,24.0,4.0,1.0,2450.2536232471493,24.0,9543.0,6.627083333333333,1440.0,366.0,0.25416666666666665,1440.0,23576.0,16.372222222222224,1440.0,2450.2536232471493,1.7015650161438538,1440.0,90.57266164469554,60.0,136.0,6372.0,9543.0,2448.0,24.0
6117666160,9411.0,7.1100001335144,7.1100001335144,0.0,0.0,0.0,7.1100001335144,0.0,0.0,0.0,458.0,417.0,2576.0,2016-04-27,542.0,557.0,1.0,,,,458.0,24.0,9411.0,24.0,565.0,2.0,2576.840360164646,24.0,9411.0,6.535416666666666,1440.0,458.0,0.31805555555555554,1440.0,24794.0,17.218055555555555,1440.0,2576.840360164645,1.7894724723365592,1440.0,83.14904055822068,52.0,126.0,9172.0,9411.0,2580.0,24.0
6117666160,3403.0,2.59999990463257,2.59999990463257,0.0,0.0,0.0,2.59999990463257,0.0,0.0,0.0,141.0,758.0,1879.0,2016-04-28,393.0,416.0,1.0,,,,141.0,24.0,3403.0,24.0,541.0,2.0,1879.7818539142654,24.0,3403.0,2.3631944444444444,1440.0,141.0,0.09791666666666667,1440.0,18087.0,12.560416666666667,1440.0,1879.781853914265,1.3054040652182395,1440.0,80.09522625559423,54.0,145.0,8044.0,3403.0,1880.0,24.0
6117666160,9592.0,7.23999977111816,7.23999977111816,0.0,0.0,0.0,7.23999977111816,0.0,0.0,0.0,461.0,479.0,2560.0,2016-04-29,600.0,636.0,1.0,,,,461.0,24.0,9592.0,24.0,499.0,1.0,2560.315485239032,24.0,9592.0,6.661111111111111,1440.0,461.0,0.32013888888888886,1440.0,24635.0,17.10763888888889,1440.0,2560.3154852390317,1.7779968647493276,1440.0,82.1624183006536,55.0,121.0,9180.0,9592.0,2563.0,24.0
6117666160,6987.0,5.28000020980835,5.28000020980835,0.0,0.0,0.0,5.28000020980835,0.0,0.0,0.0,343.0,1040.0,2275.0,2016-04-30,,,,,,,343.0,24.0,6987.0,24.0,57.0,1.0,2275.6512181758912,24.0,6987.0,4.852083333333334,1440.0,343.0,0.23819444444444443,1440.0,21896.0,15.205555555555556,1440.0,2275.6512181758903,1.5803133459554795,1440.0,85.34524019004047,53.0,189.0,5683.0,6987.0,2274.0,24.0
6117666160,8915.0,6.73000001907349,6.73000001907349,0.0,0.0,0.0,6.73000001907349,0.0,0.0,0.0,397.0,525.0,2361.0,2016-05-01,507.0,575.0,1.0,,,,397.0,24.0,8915.0,24.0,518.0,1.0,2361.081677436832,24.0,8915.0,6.190972222222222,1440.0,397.0,0.27569444444444446,1440.0,22718.0,15.776388888888889,1440.0,2361.0816774368313,1.6396400537755773,1440.0,77.43914274160939,55.0,114.0,4946.0,8915.0,2359.0,24.0
6117666160,4933.0,3.73000001907349,3.73000001907349,0.0,0.0,0.0,3.73000001907349,0.0,0.0,0.0,236.0,1204.0,2044.0,2016-05-02,,,,,,,235.0,24.0,4927.0,24.0,,,2042.120516538626,24.0,4927.0,3.421527777777778,1440.0,235.0,0.16319444444444445,1440.0,19649.0,13.645138888888889,1440.0,2042.1205165386252,1.4181392475962675,1440.0,91.67101621194148,61.0,123.0,2529.0,4927.0,2036.0,24.0
6117666160,0.0,0.0,0.0,0.0,0.0,0.0,0.0,0.0,0.0,0.0,0.0,1440.0,1496.0,2016-05-03,,,,,,,0.0,24.0,0.0,24.0,,,1496.5919494628988,24.0,0.0,0.0,1440.0,0.0,0.0,1440.0,14400.0,10.0,1440.0,1496.5919494628977,1.03929996490479,1440.0,,,,,0.0,1488.0,24.0
6117666160,2997.0,2.25999999046326,2.25999999046326,0.0,0.0,0.0,2.25999999046326,0.0,0.0,0.0,156.0,1279.0,1902.0,2016-05-04,,,,,,,156.0,24.0,2997.0,24.0,5.0,1.0,1902.0228822231359,24.0,2997.0,2.08125,1440.0,156.0,0.10833333333333334,1440.0,18301.0,12.709027777777777,1440.0,1902.022882223135,1.3208492237660658,1440.0,92.89779735682819,62.0,124.0,2270.0,2997.0,1896.0,24.0
6117666160,9799.0,7.40000009536743,7.40000009536743,0.0,0.0,0.0,7.40000009536743,0.0,0.0,0.0,487.0,479.0,2636.0,2016-05-05,392.0,415.0,1.0,,,,487.0,24.0,9799.0,24.0,474.0,2.0,2636.6001076698326,24.0,9799.0,6.804861111111111,1440.0,487.0,0.33819444444444446,1440.0,25369.0,17.617361111111112,1440.0,2636.600107669832,1.830972296992939,1440.0,84.71879315839796,52.0,120.0,9413.0,9799.0,2637.0,24.0
6117666160,3365.0,2.6800000667572,2.6800000667572,0.0,0.0,0.0,2.6800000667572,0.0,0.0,0.0,133.0,673.0,1838.0,2016-05-06,658.0,698.0,2.0,,,,133.0,24.0,3365.0,24.0,634.0,2.0,1837.0666232109118,24.0,3365.0,2.3368055555555554,1440.0,133.0,0.09236111111111112,1440.0,17676.0,12.275,1440.0,1837.0666232109113,1.2757407105631329,1440.0,76.57278208441,54.0,126.0,3483.0,3365.0,1840.0,24.0
6117666160,7336.0,5.53999996185303,5.53999996185303,0.0,0.0,0.0,5.53999996185303,0.0,0.0,0.0,412.0,456.0,2469.0,2016-05-07,498.0,507.0,2.0,,,,412.0,24.0,7336.0,24.0,572.0,3.0,2469.1688818931607,24.0,7336.0,5.094444444444444,1440.0,412.0,0.2861111111111111,1440.0,23758.0,16.49861111111111,1440.0,2469.1688818931607,1.714700612425806,1440.0,83.87947810703228,54.0,126.0,9044.0,7336.0,2468.0,24.0
6117666160,7328.0,5.53000020980835,5.53000020980835,0.0,0.0,0.0,5.53000020980835,0.0,0.0,0.0,318.0,517.0,2250.0,2016-05-08,555.0,603.0,1.0,,,,318.0,24.0,7328.0,24.0,605.0,2.0,2250.811951160434,24.0,7328.0,5.088888888888889,1440.0,318.0,0.22083333333333333,1440.0,21657.0,15.039583333333333,1440.0,2250.8119511604336,1.5630638549725233,1440.0,81.14073912569498,52.0,118.0,9173.0,7328.0,2255.0,24.0
6117666160,4477.0,3.38000011444092,3.38000011444092,0.0,0.0,0.0,3.38000011444092,0.0,0.0,0.0,197.0,125.0,1248.0,2016-05-09,492.0,522.0,1.0,,,,155.0,12.0,3297.0,12.0,455.0,1.0,1085.4448909759542,12.0,3297.0,4.579166666666667,720.0,155.0,0.2152777777777778,720.0,10444.0,14.505555555555556,720.0,1085.444890975954,1.5075623485777139,720.0,76.46606060606061,52.0,113.0,4950.0,3297.0,1085.0,12.0
6290855005,4562.0,3.45000004768372,3.45000004768372,0.0,0.0,0.0,3.45000004768372,0.0,0.0,0.0,199.0,1241.0,2560.0,2016-04-12,,,,,,,,,,,,,,,4562.0,3.1680555555555556,1440.0,199.0,0.13819444444444445,1440.0,17890.0,12.42361111111111,1440.0,2560.058997631068,1.7778187483549084,1440.0,,,,,4562.0,2563.0,24.0
6290855005,7142.0,5.40000009536743,5.40000009536743,0.0,0.0,0.0,5.3899998664856,0.0099999997764825,0.0,0.0,350.0,1090.0,2905.0,2016-04-13,,,,,,,350.0,24.0,7142.0,24.0,,,2905.216209650036,24.0,7142.0,4.959722222222222,1440.0,350.0,0.24305555555555555,1440.0,20302.0,14.098611111111111,1440.0,2905.216209650035,2.0175112567014133,1440.0,,,,,7142.0,2908.0,24.0
6290855005,7671.0,5.80000019073486,5.80000019073486,0.0,0.0,0.0,5.76999998092651,0.0299999993294477,0.0,0.0,363.0,1077.0,2952.0,2016-04-14,,,,,,,363.0,24.0,7671.0,24.0,,,2952.4392070770227,24.0,7671.0,5.327083333333333,1440.0,363.0,0.2520833333333333,1440.0,20632.0,14.327777777777778,1440.0,2952.439207077022,2.0503050049145983,1440.0,,,,,7671.0,2952.0,24.0
6290855005,9501.0,7.17999982833862,7.17999982833862,0.0,0.0,0.0,7.17000007629395,0.0099999997764825,0.0,0.0,328.0,1112.0,2896.0,2016-04-15,,,,,,,328.0,24.0,9501.0,24.0,,,2896.343998193737,24.0,9501.0,6.597916666666666,1440.0,328.0,0.22777777777777777,1440.0,20240.0,14.055555555555555,1440.0,2896.3439981937363,2.0113499987456502,1440.0,,,,,9501.0,2897.0,24.0
6290855005,8301.0,6.28000020980835,6.28000020980835,0.0,0.0,0.0,6.26999998092651,0.0099999997764825,0.0,0.0,258.0,1182.0,2783.0,2016-04-16,,,,,,,258.0,24.0,8301.0,24.0,,,2783.8674004077866,24.0,8301.0,5.764583333333333,1440.0,258.0,0.17916666666666667,1440.0,19454.0,13.509722222222223,1440.0,2783.867400407786,1.9332412502831848,1440.0,,,,,8301.0,2787.0,24.0
6290855005,7851.0,5.94000005722046,5.94000005722046,0.0,1.13999998569489,0.790000021457672,4.0,0.0,31.0,12.0,225.0,1172.0,3171.0,2016-04-17,,,,,,,342.0,24.0,7851.0,24.0,,,3171.711328744884,24.0,7851.0,5.452083333333333,1440.0,342.0,0.2375,1440.0,22164.0,15.391666666666667,1440.0,3171.7113287448838,2.2025773116283913,1440.0,,,,,7851.0,3173.0,24.0
6290855005,6885.0,5.21000003814697,5.21000003814697,0.0,0.0,0.0,5.19000005722046,0.0199999995529652,0.0,0.0,271.0,1169.0,2766.0,2016-04-18,,,,,,,271.0,24.0,6885.0,24.0,,,2766.4092018604238,24.0,6885.0,4.78125,1440.0,271.0,0.18819444444444444,1440.0,19332.0,13.425,1440.0,2766.409201860423,1.9211175012919603,1440.0,,,,,6885.0,2767.0,24.0
6290855005,7142.0,5.40000009536743,5.40000009536743,0.0,0.0,0.0,5.3899998664856,0.0099999997764825,0.0,0.0,321.0,1119.0,2839.0,2016-04-19,,,,,,,321.0,24.0,7142.0,24.0,,,2839.3901960849726,24.0,7142.0,4.959722222222222,1440.0,321.0,0.22291666666666668,1440.0,19842.0,13.779166666666667,1440.0,2839.3901960849716,1.9717987472812304,1440.0,,,,,7142.0,2843.0,24.0
6290855005,6361.0,4.80999994277954,4.80999994277954,0.0,0.0,0.0,4.80000019073486,0.0099999997764825,0.0,0.0,258.0,1182.0,2701.0,2016-04-20,,,,,,,258.0,24.0,6361.0,24.0,,,2701.155596256252,24.0,6361.0,4.417361111111111,1440.0,258.0,0.17916666666666667,1440.0,18876.0,13.108333333333333,1440.0,2701.155596256251,1.8758024974001744,1440.0,,,,,6361.0,2703.0,24.0
6290855005,0.0,0.0,0.0,0.0,0.0,0.0,0.0,0.0,0.0,0.0,0.0,1440.0,2060.0,2016-04-21,,,,,,,0.0,24.0,0.0,24.0,,,2060.639991760248,24.0,0.0,0.0,1440.0,0.0,0.0,1440.0,14400.0,10.0,1440.0,2060.639991760248,1.43099999427795,1440.0,,,,,0.0,2064.0,24.0
6290855005,6238.0,4.71999979019165,4.71999979019165,0.0,0.0,0.0,4.71999979019165,0.0,0.0,0.0,302.0,1138.0,2796.0,2016-04-22,,,,,,,302.0,24.0,6238.0,24.0,,,2796.174000740047,24.0,6238.0,4.331944444444445,1440.0,302.0,0.20972222222222223,1440.0,19540.0,13.569444444444445,1440.0,2796.1740007400463,1.9417875005139211,1440.0,,,,,6238.0,2798.0,24.0
6290855005,0.0,0.0,0.0,0.0,0.0,0.0,0.0,0.0,33.0,0.0,0.0,1407.0,2664.0,2016-04-23,,,,,,,99.0,24.0,0.0,24.0,,,2664.419109106058,24.0,0.0,0.0,1440.0,99.0,0.06875,1440.0,18624.0,12.933333333333334,1440.0,2664.4191091060575,1.8502910479903176,1440.0,,,,,0.0,2668.0,24.0
6290855005,5896.0,4.46000003814697,4.46000003814697,0.0,0.0,0.0,4.46000003814697,0.0,0.0,0.0,258.0,1182.0,2703.0,2016-04-24,,,,,,,258.0,24.0,5896.0,24.0,,,2703.731398344036,24.0,5896.0,4.094444444444444,1440.0,258.0,0.17916666666666667,1440.0,18894.0,13.120833333333334,1440.0,2703.731398344035,1.8775912488500242,1440.0,,,,,5896.0,2705.0,24.0
6290855005,7802.0,5.90000009536743,5.90000009536743,0.0,0.680000007152557,0.180000007152557,5.03000020980835,0.0099999997764825,8.0,3.0,249.0,1180.0,2771.0,2016-04-25,,,,,,,279.0,24.0,7802.0,24.0,,,2771.560797214504,24.0,7802.0,5.418055555555555,1440.0,279.0,0.19375,1440.0,19368.0,13.45,1440.0,2771.560797214503,1.9246949980656272,1440.0,,,,,7802.0,2774.0,24.0
6290855005,0.0,0.0,0.0,0.0,0.0,0.0,0.0,0.0,0.0,0.0,0.0,1440.0,2060.0,2016-04-26,,,,,,,0.0,24.0,0.0,24.0,,,2060.639991760248,24.0,0.0,0.0,1440.0,0.0,0.0,1440.0,14400.0,10.0,1440.0,2060.639991760248,1.43099999427795,1440.0,,,,,0.0,2064.0,24.0
6290855005,5565.0,4.21000003814697,4.21000003814697,0.0,0.0,0.0,4.17999982833862,0.0299999993294477,0.0,0.0,287.0,1153.0,2743.0,2016-04-27,,,,,,,287.0,24.0,5565.0,24.0,,,2743.513203382488,24.0,5565.0,3.8645833333333335,1440.0,287.0,0.19930555555555557,1440.0,19172.0,13.313888888888888,1440.0,2743.513203382487,1.9052175023489493,1440.0,,,,,5565.0,2746.0,24.0
6290855005,5731.0,4.32999992370605,4.32999992370605,0.0,0.0,0.0,4.32999992370605,0.0,0.0,0.0,255.0,1185.0,2687.0,2016-04-28,,,,,,,255.0,24.0,5731.0,24.0,,,2687.417997121807,24.0,5731.0,3.979861111111111,1440.0,255.0,0.17708333333333334,1440.0,18780.0,13.041666666666666,1440.0,2687.417997121806,1.866262498001254,1440.0,,,,,5731.0,2690.0,24.0
6290855005,0.0,0.0,0.0,0.0,0.0,0.0,0.0,0.0,0.0,0.0,0.0,1440.0,2060.0,2016-04-29,,,,,,,0.0,24.0,0.0,24.0,,,2060.639991760248,24.0,0.0,0.0,1440.0,0.0,0.0,1440.0,14400.0,10.0,1440.0,2060.639991760248,1.43099999427795,1440.0,,,,,0.0,2064.0,24.0
6290855005,6744.0,5.09999990463257,5.09999990463257,0.0,0.0,0.0,5.09000015258789,0.0099999997764825,0.0,0.0,324.0,1116.0,2843.0,2016-04-30,,,,,,,324.0,24.0,6744.0,24.0,,,2843.683201789852,24.0,6744.0,4.683333333333334,1440.0,324.0,0.225,1440.0,19872.0,13.8,1440.0,2843.683201789851,1.974780001242952,1440.0,,,,,6744.0,2846.0,24.0
6290855005,9837.0,7.44000005722046,7.44000005722046,0.0,0.660000026226044,2.75,4.0,0.0199999995529652,8.0,95.0,282.0,1055.0,3327.0,2016-05-01,,,,,,,496.0,24.0,9837.0,24.0,,,3327.1923527717554,24.0,9837.0,6.83125,1440.0,496.0,0.34444444444444444,1440.0,23278.0,16.165277777777778,1440.0,3327.1923527717545,2.310550244980385,1440.0,,,,,9837.0,3328.0,24.0
6290855005,6781.0,5.13000011444092,5.13000011444092,0.0,0.0,0.0,5.1100001335144,0.0199999995529652,0.0,0.0,268.0,1172.0,2725.0,2016-05-02,,,,,,,268.0,24.0,6781.0,24.0,,,2725.196401119228,24.0,6781.0,4.709027777777778,1440.0,268.0,0.18611111111111112,1440.0,19044.0,13.225,1440.0,2725.196401119227,1.892497500777241,1440.0,,,,,6781.0,2725.0,24.0
6290855005,6047.0,4.57000017166138,4.57000017166138,0.0,0.0,0.0,4.57000017166138,0.0,0.0,0.0,240.0,1200.0,2671.0,2016-05-03,,,,,,,240.0,24.0,6047.0,24.0,,,2671.3907992839772,24.0,6047.0,4.199305555555555,1440.0,240.0,0.16666666666666666,1440.0,18668.0,12.963888888888889,1440.0,2671.3907992839763,1.8551324995027614,1440.0,,,,,6047.0,2674.0,24.0
6290855005,5832.0,4.40999984741211,4.40999984741211,0.0,0.0,0.0,4.40000009536743,0.0099999997764825,0.0,0.0,272.0,1168.0,2718.0,2016-05-04,,,,,,,272.0,24.0,5832.0,24.0,,,2718.6138019561727,24.0,5832.0,4.05,1440.0,272.0,0.18888888888888888,1440.0,18998.0,13.193055555555556,1440.0,2718.6138019561718,1.8879262513584527,1440.0,,,,,5832.0,2720.0,24.0
6290855005,6339.0,4.78999996185303,4.78999996185303,0.0,0.0,0.0,4.78999996185303,0.0,0.0,0.0,239.0,1201.0,2682.0,2016-05-05,,,,,,,239.0,24.0,6339.0,24.0,,,2682.838799476619,24.0,6339.0,4.402083333333334,1440.0,239.0,0.16597222222222222,1440.0,18748.0,13.019444444444444,1440.0,2682.8387994766185,1.8630824996365407,1440.0,,,,,6339.0,2685.0,24.0
6290855005,6116.0,4.61999988555908,4.61999988555908,0.0,0.0,0.0,4.59000015258789,0.0299999993294477,0.0,0.0,305.0,1135.0,2806.0,2016-05-06,,,,,,,305.0,24.0,6116.0,24.0,,,2806.7633984088857,24.0,6116.0,4.247222222222222,1440.0,305.0,0.21180555555555555,1440.0,19614.0,13.620833333333334,1440.0,2806.7633984088848,1.9491412488950588,1440.0,,,,,6116.0,2807.0,24.0
6290855005,5510.0,4.17000007629395,4.17000007629395,0.0,0.0,0.0,4.15999984741211,0.0,0.0,0.0,227.0,1213.0,2613.0,2016-05-07,,,,,,,227.0,24.0,5510.0,24.0,,,2613.5783984661057,24.0,5510.0,3.826388888888889,1440.0,227.0,0.15763888888888888,1440.0,18264.0,12.683333333333334,1440.0,2613.578398466105,1.8149849989347953,1440.0,,,,,5510.0,2616.0,24.0
6290855005,7706.0,5.82999992370605,5.82999992370605,0.0,0.0,0.0,5.82000017166138,0.0,0.0,0.0,251.0,1189.0,2712.0,2016-05-08,,,,,,,251.0,24.0,7706.0,24.0,,,2712.3173987865407,24.0,7706.0,5.351388888888889,1440.0,251.0,0.17430555555555555,1440.0,18954.0,13.1625,1440.0,2712.31739878654,1.8835537491573193,1440.0,,,,,7706.0,2713.0,24.0
6290855005,6277.0,4.75,4.75,0.0,0.0,0.0,4.73000001907349,0.0199999995529652,0.0,0.0,264.0,800.0,2175.0,2016-05-09,,,,,,,257.0,17.0,6118.0,17.0,,,2094.4116017818424,17.0,6118.0,5.9980392156862745,1020.0,257.0,0.2519607843137255,1020.0,14636.0,14.349019607843138,1020.0,2094.411601781842,2.0533447076292566,1020.0,,,,,6118.0,2097.0,17.0
6290855005,0.0,0.0,0.0,0.0,0.0,0.0,0.0,0.0,0.0,0.0,0.0,1440.0,0.0,2016-05-10,,,,,,,,,,,,,,,,,,,,,,,,,,,,,,,,,
6775888955,0.0,0.0,0.0,0.0,0.0,0.0,0.0,0.0,0.0,0.0,0.0,1440.0,1841.0,2016-04-12,,,,,,,,,,,,,,,0.0,0.0,1440.0,0.0,0.0,1440.0,14400.0,10.0,1440.0,1841.0399436950638,1.27849996089935,1440.0,,,,,0.0,1848.0,24.0
6775888955,4053.0,2.91000008583069,2.91000008583069,0.0,1.11000001430511,0.579999983310699,1.22000002861023,0.0,17.0,18.0,85.0,1053.0,2400.0,2016-04-13,235.0,260.0,1.0,,,,172.0,24.0,4053.0,24.0,267.0,2.0,2400.767252445219,24.0,4053.0,2.814583333333333,1440.0,172.0,0.11944444444444445,1440.0,18778.0,13.040277777777778,1440.0,2400.767252445217,1.667199480864734,1440.0,82.71974376572867,55.0,135.0,4371.0,4053.0,2401.0,24.0
6775888955,5162.0,3.70000004768372,3.70000004768372,0.0,0.870000004768372,0.860000014305115,1.97000002861023,0.0,14.0,24.0,105.0,863.0,2507.0,2016-04-14,423.0,441.0,1.0,,,,195.0,24.0,5162.0,24.0,434.0,1.0,2507.5220011472684,24.0,5162.0,3.584722222222222,1440.0,195.0,0.13541666666666666,1440.0,19613.0,13.620138888888889,1440.0,2507.522001147266,1.7413347230189349,1440.0,79.26807673389081,57.0,134.0,6099.0,5162.0,2508.0,24.0
6775888955,1282.0,0.920000016689301,0.920000016689301,0.0,0.0,0.0,0.920000016689301,0.0,0.0,0.0,58.0,976.0,2127.0,2016-04-15,391.0,406.0,1.0,,,,58.0,24.0,1282.0,24.0,406.0,1.0,2127.9353477954846,24.0,1282.0,0.8902777777777777,1440.0,58.0,0.04027777777777778,1440.0,16644.0,11.558333333333334,1440.0,2127.935347795482,1.477732880413529,1440.0,80.59450072358901,62.0,126.0,3455.0,1282.0,2131.0,24.0
6775888955,4732.0,3.39000010490417,3.39000010490417,0.0,2.51999998092651,0.810000002384186,0.0599999986588955,0.0,36.0,18.0,9.0,1377.0,2225.0,2016-04-16,,,,,,,153.0,24.0,4732.0,24.0,,,2225.101344704626,24.0,4732.0,3.286111111111111,1440.0,153.0,0.10625,1440.0,17404.0,12.08611111111111,1440.0,2225.101344704624,1.5452092671559887,1440.0,108.616298811545,70.0,143.0,589.0,4732.0,2231.0,24.0
6775888955,2497.0,1.78999996185303,1.78999996185303,0.0,0.349999994039536,1.12999999523163,0.310000002384186,0.0,5.0,24.0,19.0,1392.0,2067.0,2016-04-17,,,,,,,82.0,24.0,2497.0,24.0,,,2067.2065953016263,24.0,2497.0,1.7340277777777777,1440.0,82.0,0.05694444444444444,1440.0,16169.0,11.228472222222223,1440.0,2067.2065953016236,1.4355601356261274,1440.0,102.36886993603412,70.0,118.0,469.0,2497.0,2074.0,24.0
6775888955,8294.0,5.94999980926514,5.94999980926514,0.0,2.0,0.769999980926514,3.17000007629395,0.0,30.0,31.0,146.0,1233.0,2798.0,2016-04-18,,,,,,,298.0,24.0,8294.0,24.0,,,2798.2529010772687,24.0,8294.0,5.759722222222222,1440.0,298.0,0.20694444444444443,1440.0,21887.0,15.199305555555556,1440.0,2798.2529010772664,1.9432311813036571,1440.0,97.71949784229109,66.0,177.0,2549.0,8294.0,2803.0,24.0
6775888955,0.0,0.0,0.0,0.0,0.0,0.0,0.0,0.0,0.0,0.0,0.0,1440.0,1841.0,2016-04-19,,,,,,,0.0,24.0,0.0,24.0,,,1841.0399436950663,24.0,0.0,0.0,1440.0,0.0,0.0,1440.0,14400.0,10.0,1440.0,1841.0399436950638,1.27849996089935,1440.0,99.46153846153847,66.0,177.0,26.0,0.0,1848.0,24.0
6775888955,10771.0,7.71999979019165,7.71999979019165,0.0,3.76999998092651,1.74000000953674,2.22000002861023,0.0,70.0,113.0,178.0,1079.0,3727.0,2016-04-20,,,,,,,614.0,24.0,10771.0,24.0,,,3727.3388611078244,24.0,10771.0,7.479861111111111,1440.0,614.0,0.4263888888888889,1440.0,29154.0,20.245833333333334,1440.0,3727.3388611078226,2.58842976465821,1440.0,105.63590795169742,70.0,155.0,4389.0,10771.0,3731.0,24.0
6775888955,0.0,0.0,0.0,0.0,0.0,0.0,0.0,0.0,0.0,0.0,0.0,1440.0,1841.0,2016-04-21,,,,,,,0.0,24.0,0.0,24.0,,,1841.0399436950663,24.0,0.0,0.0,1440.0,0.0,0.0,1440.0,14400.0,10.0,1440.0,1841.0399436950638,1.27849996089935,1440.0,,,,,0.0,1848.0,24.0
6775888955,637.0,0.46000000834465,0.46000000834465,0.0,0.0,0.0,0.46000000834465,0.0,0.0,0.0,20.0,1420.0,1922.0,2016-04-22,,,,,,,20.0,24.0,637.0,24.0,,,1922.7360954284648,24.0,637.0,0.4423611111111111,1440.0,20.0,0.013888888888888888,1440.0,15039.0,10.44375,1440.0,1922.7360954284622,1.3352333996030987,1440.0,90.88823529411765,66.0,123.0,340.0,637.0,1929.0,24.0
6775888955,0.0,0.0,0.0,0.0,0.0,0.0,0.0,0.0,0.0,0.0,0.0,1440.0,1841.0,2016-04-23,,,,,,,0.0,24.0,0.0,24.0,,,1841.0399436950663,24.0,0.0,0.0,1440.0,0.0,0.0,1440.0,14400.0,10.0,1440.0,1841.0399436950638,1.27849996089935,1440.0,,,,,0.0,1848.0,24.0
6775888955,2153.0,1.53999996185303,1.53999996185303,0.0,0.769999980926514,0.620000004768372,0.150000005960464,0.0,11.0,18.0,11.0,1400.0,2053.0,2016-04-24,,,,,,,80.0,24.0,2153.0,24.0,,,2053.270942926405,24.0,2153.0,1.4951388888888888,1440.0,80.0,0.05555555555555555,1440.0,16060.0,11.152777777777779,1440.0,2053.2709429264023,1.4258825992544462,1440.0,109.78962536023054,70.0,140.0,347.0,2153.0,2059.0,24.0
6775888955,6474.0,4.6399998664856,4.6399998664856,0.0,2.26999998092651,0.46000000834465,1.89999997615814,0.0,33.0,13.0,92.0,1302.0,2484.0,2016-04-25,,,,,,,217.0,24.0,6463.0,24.0,,,2482.4633986949902,24.0,6463.0,4.488194444444445,1440.0,217.0,0.15069444444444444,1440.0,19417.0,13.484027777777778,1440.0,2482.463398694988,1.7239329157604084,1440.0,94.66481994459834,58.0,131.0,1805.0,6463.0,2487.0,24.0
6775888955,7091.0,5.26999998092651,5.26999998092651,1.95959603786469,3.48000001907349,0.870000004768372,0.730000019073486,0.0,42.0,30.0,47.0,1321.0,2584.0,2016-04-26,,,,,,,233.0,24.0,7091.0,24.0,,,2584.74340033531,24.0,7091.0,4.924305555555556,1440.0,233.0,0.16180555555555556,1440.0,20217.0,14.039583333333333,1440.0,2584.743400335308,1.7949606946772971,1440.0,99.66020593579648,56.0,143.0,1651.0,7091.0,2590.0,24.0
6775888955,0.0,0.0,0.0,0.0,0.0,0.0,0.0,0.0,0.0,0.0,0.0,1440.0,1841.0,2016-04-27,,,,,,,0.0,24.0,0.0,24.0,,,1841.0399436950663,24.0,0.0,0.0,1440.0,0.0,0.0,1440.0,14400.0,10.0,1440.0,1841.0399436950638,1.27849996089935,1440.0,,,,,0.0,1848.0,24.0
6775888955,703.0,0.5,0.5,0.0,0.0599999986588955,0.200000002980232,0.239999994635582,0.0,2.0,13.0,15.0,1410.0,1993.0,2016-04-28,,,,,,,47.0,24.0,703.0,24.0,,,1993.0535945892314,24.0,703.0,0.48819444444444443,1440.0,47.0,0.03263888888888889,1440.0,15589.0,10.825694444444444,1440.0,1993.053594589229,1.3840649962425202,1440.0,104.70873786407768,70.0,134.0,309.0,703.0,2000.0,24.0
6775888955,0.0,0.0,0.0,0.0,0.0,0.0,0.0,0.0,0.0,0.0,0.0,1440.0,1841.0,2016-04-29,,,,,,,0.0,24.0,0.0,24.0,,,1841.807043671606,24.0,0.0,0.0,1440.0,0.0,0.0,1440.0,14406.0,10.004166666666666,1440.0,1841.8070436716034,1.2790326692163914,1440.0,81.78947368421052,70.0,109.0,19.0,0.0,1848.0,24.0
6775888955,2503.0,1.78999996185303,1.78999996185303,0.0,0.159999996423721,0.159999996423721,1.48000001907349,0.0,3.0,9.0,84.0,1344.0,2280.0,2016-04-30,,,,,,,111.0,24.0,2503.0,24.0,,,2280.3325524330116,24.0,2503.0,1.7381944444444444,1440.0,111.0,0.07708333333333334,1440.0,17836.0,12.386111111111111,1440.0,2280.3325524330094,1.583564272522923,1440.0,96.10215350635008,68.0,125.0,1811.0,2503.0,2286.0,24.0
6775888955,2487.0,1.77999997138977,1.77999997138977,0.0,0.479999989271164,0.620000004768372,0.680000007152557,0.0,9.0,34.0,50.0,1347.0,2319.0,2016-05-01,,,,,,,145.0,24.0,2487.0,24.0,,,2319.5824986696225,24.0,2487.0,1.7270833333333333,1440.0,145.0,0.10069444444444445,1440.0,18143.0,12.599305555555556,1440.0,2319.5824986696202,1.6108211796316807,1440.0,107.13917050691244,70.0,129.0,1085.0,2487.0,2325.0,24.0
6775888955,0.0,0.0,0.0,0.0,0.0,0.0,0.0,0.0,0.0,0.0,0.0,1440.0,1841.0,2016-05-02,,,,,,,0.0,24.0,0.0,24.0,,,1841.167793750761,24.0,0.0,0.0,1440.0,0.0,0.0,1440.0,14401.0,10.000694444444445,1440.0,1841.1677937507584,1.278588745660249,1440.0,,,,,0.0,1848.0,24.0
6775888955,9.0,0.0099999997764825,0.0099999997764825,0.0,0.0,0.0,0.0099999997764825,0.0,0.0,0.0,1.0,1439.0,1843.0,2016-05-03,,,,,,,1.0,24.0,9.0,24.0,,,1843.3412438631037,24.0,9.0,0.00625,1440.0,1.0,0.0006944444444444445,1440.0,14418.0,10.0125,1440.0,1843.3412438631012,1.2800980860160425,1440.0,,,,,9.0,1850.0,24.0
6775888955,0.0,0.0,0.0,0.0,0.0,0.0,0.0,0.0,0.0,0.0,0.0,1440.0,1841.0,2016-05-04,,,,,,,0.0,24.0,0.0,24.0,,,1841.0399436950663,24.0,0.0,0.0,1440.0,0.0,0.0,1440.0,14400.0,10.0,1440.0,1841.0399436950638,1.27849996089935,1440.0,,,,,0.0,1848.0,24.0
6775888955,0.0,0.0,0.0,0.0,0.0,0.0,0.0,0.0,0.0,0.0,0.0,1440.0,1841.0,2016-05-05,,,,,,,0.0,24.0,0.0,24.0,,,1841.0399436950663,24.0,0.0,0.0,1440.0,0.0,0.0,1440.0,14400.0,10.0,1440.0,1841.0399436950638,1.27849996089935,1440.0,,,,,0.0,1848.0,24.0
6775888955,4697.0,3.36999988555908,3.36999988555908,0.0,0.469999998807907,0.930000007152557,1.92999994754791,0.0,12.0,35.0,75.0,1318.0,2496.0,2016-05-06,,,,,,,181.0,24.0,4642.0,24.0,,,2496.2712012529355,24.0,4642.0,3.223611111111111,1440.0,181.0,0.12569444444444444,1440.0,19525.0,13.559027777777779,1440.0,2496.271201252933,1.7335216675367593,1440.0,98.85751072961374,71.0,135.0,2330.0,4642.0,2501.0,24.0
6775888955,1967.0,1.4099999666214,1.4099999666214,0.0,0.129999995231628,0.239999994635582,1.04999995231628,0.0,2.0,5.0,49.0,551.0,1032.0,2016-05-07,,,,,,,61.0,10.0,1892.0,10.0,,,1011.421331048011,10.0,1892.0,3.1533333333333333,600.0,61.0,0.10166666666666667,600.0,7911.0,13.185,600.0,1011.42133104801,1.6857022184133499,600.0,94.22182786157941,70.0,118.0,1127.0,1892.0,1013.0,10.0
6962181067,10199.0,6.73999977111816,6.73999977111816,0.0,3.40000009536743,0.829999983310699,2.50999999046326,0.0,50.0,14.0,189.0,796.0,1994.0,2016-04-12,366.0,387.0,1.0,62.5,24.3899993896484,1.0,,,,,391.0,2.0,,,10199.0,7.082638888888889,1440.0,367.0,0.2548611111111111,1440.0,22065.0,15.322916666666666,1440.0,1994.675991892815,1.3851916610366772,1440.0,85.03632013919095,47.0,176.0,9196.0,10199.0,1998.0,24.0
6962181067,5652.0,3.74000000953674,3.74000000953674,0.0,0.569999992847443,1.21000003814697,1.96000003814697,0.0,8.0,24.0,142.0,548.0,1718.0,2016-04-13,630.0,679.0,3.0,62.0999984741211,24.2399997711182,1.0,214.0,24.0,5652.0,24.0,718.0,4.0,1718.3388642072678,24.0,5652.0,3.925,1440.0,214.0,0.1486111111111111,1440.0,19063.0,13.238194444444444,1440.0,1718.3388642072675,1.1932908779217135,1440.0,80.51959835470602,59.0,149.0,8266.0,5652.0,1717.0,24.0
6962181067,1551.0,1.02999997138977,1.02999997138977,0.0,0.0,0.0,1.02999997138977,0.0,0.0,0.0,86.0,862.0,1466.0,2016-04-14,508.0,535.0,2.0,61.7000007629395,24.1000003814697,1.0,86.0,24.0,1551.0,24.0,492.0,2.0,1466.3755413889883,24.0,1551.0,1.0770833333333334,1440.0,86.0,0.059722222222222225,1440.0,16313.0,11.328472222222222,1440.0,1466.3755413889883,1.0183163481867974,1440.0,70.12622079367041,55.0,131.0,8089.0,1551.0,1468.0,24.0
6962181067,5563.0,3.6800000667572,3.6800000667572,0.0,0.0,0.0,3.6800000667572,0.0,0.0,0.0,217.0,837.0,1756.0,2016-04-15,370.0,386.0,1.0,61.5,24.0,1.0,217.0,24.0,5563.0,24.0,386.0,1.0,1756.5054181218147,24.0,5563.0,3.8631944444444444,1440.0,217.0,0.15069444444444444,1440.0,19582.0,13.598611111111111,1440.0,1756.5054181218147,1.2197954292512603,1440.0,72.99198084979055,54.0,115.0,8355.0,5563.0,1755.0,24.0
6962181067,13217.0,8.73999977111816,8.73999977111816,0.0,3.66000008583069,0.189999997615814,4.88000011444092,0.0,50.0,3.0,280.0,741.0,2173.0,2016-04-16,357.0,366.0,1.0,62.0,24.2099990844727,1.0,436.0,24.0,13217.0,24.0,366.0,1.0,2172.5494441986084,24.0,13217.0,9.178472222222222,1440.0,436.0,0.30277777777777776,1440.0,24118.0,16.74861111111111,1440.0,2172.549444198608,1.508714891804589,1440.0,82.04018218623482,55.0,142.0,9880.0,13217.0,2171.0,24.0
6962181067,10145.0,6.71000003814697,6.71000003814697,0.0,0.330000013113022,0.680000007152557,5.69000005722046,0.0,5.0,13.0,295.0,634.0,2027.0,2016-04-17,427.0,446.0,1.0,61.4000015258789,23.9599990844727,1.0,336.0,24.0,10145.0,24.0,493.0,2.0,2027.7464158535004,24.0,10145.0,7.045138888888889,1440.0,336.0,0.23333333333333334,1440.0,22621.0,15.709027777777777,1440.0,2027.7464158535004,1.4081572332315975,1440.0,76.66448880822746,58.0,139.0,8265.0,10145.0,2028.0,24.0
6962181067,11404.0,7.53999996185303,7.53999996185303,0.0,0.829999983310699,2.39000010490417,4.32000017166138,0.0,13.0,42.0,238.0,689.0,2039.0,2016-04-18,442.0,458.0,1.0,61.2000007629395,23.8899993896484,1.0,361.0,24.0,11404.0,24.0,458.0,2.0,2039.7538864612582,24.0,11404.0,7.919444444444444,1440.0,361.0,0.25069444444444444,1440.0,22788.0,15.825,1440.0,2039.7538864612584,1.416495754486985,1440.0,76.9169910837624,55.0,134.0,7963.0,11404.0,2040.0,24.0
6962181067,10742.0,7.09999990463257,7.09999990463257,0.0,2.09999990463257,2.13000011444092,2.86999988555908,0.0,35.0,41.0,195.0,659.0,2046.0,2016-04-19,476.0,535.0,1.0,61.4000015258789,23.9599990844727,1.0,382.0,24.0,10742.0,24.0,510.0,2.0,2046.4811716079712,24.0,10742.0,7.459722222222222,1440.0,382.0,0.2652777777777778,1440.0,22830.0,15.854166666666666,1440.0,2046.4811716079712,1.4211674802833134,1440.0,77.42858801672085,58.0,135.0,8612.0,10742.0,2046.0,24.0
6962181067,13928.0,9.55000019073486,9.55000019073486,0.0,4.28000020980835,0.189999997615814,5.09000015258789,0.0,48.0,4.0,297.0,639.0,2174.0,2016-04-20,418.0,424.0,1.0,61.7000007629395,24.1000003814697,1.0,449.0,24.0,13928.0,24.0,452.0,2.0,2174.3492111563683,24.0,13928.0,9.672222222222222,1440.0,449.0,0.31180555555555556,1440.0,24189.0,16.797916666666666,1440.0,2174.3492111563683,1.5099647299697,1440.0,74.90601080594327,50.0,137.0,8884.0,13928.0,2174.0,24.0
6962181067,11835.0,9.71000003814697,7.88000011444092,4.08169221878052,3.99000000953674,2.09999990463257,3.50999999046326,0.109999999403954,53.0,27.0,214.0,708.0,2179.0,2016-04-21,451.0,457.0,1.0,61.4000015258789,23.9599990844727,1.0,427.0,24.0,11835.0,24.0,438.0,2.0,2179.596575021744,24.0,11835.0,8.21875,1440.0,427.0,0.2965277777777778,1440.0,24315.0,16.885416666666668,1440.0,2179.596575021744,1.5136087326539887,1440.0,83.47130206625123,49.0,173.0,9147.0,11835.0,2179.0,24.0
6962181067,10725.0,7.09000015258789,7.09000015258789,0.0,1.76999998092651,1.54999995231628,3.76999998092651,0.0,30.0,33.0,240.0,659.0,2086.0,2016-04-22,425.0,435.0,1.0,61.4000015258789,23.9599990844727,1.0,396.0,24.0,10725.0,24.0,478.0,2.0,2086.9088150262833,24.0,10725.0,7.447916666666667,1440.0,396.0,0.275,1440.0,23281.0,16.167361111111113,1440.0,2086.9088150262833,1.4492422326571412,1440.0,79.11627137341424,55.0,169.0,9065.0,10725.0,2088.0,24.0
6962181067,20031.0,13.2399997711182,13.2399997711182,0.0,4.19999980926514,2.0,7.03999996185303,0.0,58.0,41.0,347.0,484.0,2571.0,2016-04-23,528.0,546.0,1.0,61.5,24.0,1.0,603.0,24.0,20031.0,24.0,472.0,1.0,2571.429915189743,24.0,20031.0,13.910416666666666,1440.0,603.0,0.41875,1440.0,28667.0,19.90763888888889,1440.0,2571.4299151897426,1.7857152188817658,1440.0,84.64590097402598,52.0,152.0,9856.0,20031.0,2572.0,24.0
6962181067,5029.0,3.3199999332428,3.3199999332428,0.0,0.0,0.0,3.3199999332428,0.0,0.0,0.0,199.0,720.0,1705.0,2016-04-24,511.0,514.0,1.0,61.5,24.0,1.0,199.0,24.0,5029.0,24.0,521.0,2.0,1705.6455199718473,24.0,5029.0,3.4923611111111112,1440.0,199.0,0.13819444444444445,1440.0,19015.0,13.20486111111111,1440.0,1705.6455199718473,1.184476055536005,1440.0,68.82344093486059,49.0,114.0,8643.0,5029.0,1705.0,24.0
6962181067,13239.0,9.27000045776367,9.07999992370605,2.78517508506775,3.01999998092651,1.67999994754791,4.46000003814697,0.100000001490116,35.0,31.0,282.0,637.0,2194.0,2016-04-25,400.0,415.0,1.0,61.7000007629395,24.1000003814697,1.0,449.0,24.0,13239.0,24.0,455.0,2.0,2194.394682943821,24.0,13239.0,9.19375,1440.0,449.0,0.31180555555555556,1440.0,24412.0,16.95277777777778,1440.0,2194.3946829438205,1.5238851964887643,1440.0,73.98988232706478,51.0,142.0,9093.0,13239.0,2193.0,24.0
6962181067,10433.0,6.90000009536743,6.90000009536743,0.0,2.57999992370605,0.419999986886978,3.90000009536743,0.0,36.0,7.0,254.0,680.0,2012.0,2016-04-26,441.0,446.0,1.0,,,,376.0,24.0,10433.0,24.0,463.0,2.0,2016.7720388174055,24.0,10433.0,7.245138888888889,1440.0,376.0,0.2611111111111111,1440.0,22436.0,15.580555555555556,1440.0,2016.7720388174057,1.4005361380676429,1440.0,77.07536166872266,51.0,140.0,8917.0,10433.0,2018.0,24.0
6962181067,10320.0,6.82000017166138,6.82000017166138,0.0,0.550000011920929,2.01999998092651,4.25,0.0,7.0,38.0,279.0,697.0,2034.0,2016-04-27,455.0,467.0,1.0,61.2000007629395,23.8899993896484,1.0,376.0,24.0,10320.0,24.0,419.0,2.0,2034.1147592663767,24.0,10320.0,7.166666666666667,1440.0,376.0,0.2611111111111111,1440.0,22725.0,15.78125,1440.0,2034.1147592663767,1.4125796939349837,1440.0,72.99697498545666,53.0,142.0,8595.0,10320.0,2036.0,24.0
6962181067,12627.0,8.35000038146973,8.35000038146973,0.0,2.50999999046326,0.239999994635582,5.59000015258789,0.0,38.0,8.0,288.0,621.0,2182.0,2016-04-28,440.0,453.0,1.0,61.2000007629395,23.8899993896484,1.0,418.0,24.0,12627.0,24.0,485.0,2.0,2182.969885706902,24.0,12627.0,8.76875,1440.0,418.0,0.2902777777777778,1440.0,24388.0,16.93611111111111,1440.0,2182.969885706902,1.5159513095186818,1440.0,82.0752688172043,54.0,174.0,8928.0,12627.0,2185.0,24.0
6962181067,10762.0,7.1100001335144,7.1100001335144,0.0,0.819999992847443,0.479999989271164,5.80999994277954,0.0,12.0,15.0,369.0,645.0,2254.0,2016-04-29,433.0,447.0,1.0,61.4000015258789,23.9599990844727,1.0,435.0,24.0,10762.0,24.0,399.0,1.0,2253.6392176151276,24.0,10762.0,7.473611111111111,1440.0,435.0,0.3020833333333333,1440.0,25141.0,17.459027777777777,1440.0,2253.6392176151276,1.5650272344549496,1440.0,80.9635204922536,56.0,141.0,9101.0,10762.0,2253.0,24.0
6962181067,10081.0,6.65999984741211,6.65999984741211,0.0,2.24000000953674,0.759999990463257,3.67000007629395,0.0,32.0,16.0,237.0,731.0,2002.0,2016-04-30,422.0,424.0,1.0,61.0,23.8199996948242,1.0,365.0,24.0,10081.0,24.0,424.0,1.0,2002.157203495503,24.0,10081.0,7.000694444444444,1440.0,365.0,0.2534722222222222,1440.0,22398.0,15.554166666666667,1440.0,2002.1572034955034,1.3903869468718772,1440.0,80.1626647834275,53.0,141.0,8496.0,10081.0,2004.0,24.0
6962181067,5454.0,3.60999989509583,3.60999989509583,0.0,0.0,0.0,3.60999989509583,0.0,0.0,0.0,215.0,722.0,1740.0,2016-05-01,411.0,426.0,1.0,61.7000007629395,24.1000003814697,1.0,215.0,24.0,5454.0,24.0,503.0,2.0,1740.7198396325111,24.0,5454.0,3.7875,1440.0,215.0,0.14930555555555555,1440.0,19365.0,13.447916666666666,1440.0,1740.719839632511,1.2088332219670215,1440.0,73.29039031620553,56.0,127.0,8096.0,5454.0,1741.0,24.0
6962181067,12912.0,8.53999996185303,8.53999996185303,0.0,1.20000004768372,2.0,5.34000015258789,0.0,18.0,39.0,313.0,655.0,2162.0,2016-05-02,466.0,482.0,1.0,61.5,24.0,1.0,445.0,24.0,12912.0,24.0,415.0,2.0,2162.128816485405,24.0,12912.0,8.966666666666667,1440.0,445.0,0.3090277777777778,1440.0,24104.0,16.738888888888887,1440.0,2162.128816485405,1.5014783447815312,1440.0,79.67409119562933,56.0,140.0,9518.0,12912.0,2161.0,24.0
6962181067,12109.0,8.11999988555908,8.11999988555908,0.0,1.74000000953674,2.03999996185303,4.32999992370605,0.0,21.0,36.0,267.0,654.0,2072.0,2016-05-03,394.0,418.0,1.0,61.0,23.8199996948242,1.0,402.0,24.0,12109.0,24.0,462.0,2.0,2071.9707985520367,24.0,12109.0,8.409027777777778,1440.0,402.0,0.2791666666666667,1440.0,23179.0,16.096527777777776,1440.0,2071.970798552037,1.4388686101055814,1440.0,75.40436222450612,53.0,157.0,8757.0,12109.0,2074.0,24.0
6962181067,10147.0,6.71000003814697,6.71000003814697,0.0,0.469999998807907,1.67999994754791,4.55000019073486,0.0,15.0,36.0,284.0,683.0,2086.0,2016-05-04,442.0,455.0,1.0,61.0999984741211,23.8500003814697,1.0,401.0,24.0,10147.0,24.0,422.0,2.0,2086.2423821687703,24.0,10147.0,7.0465277777777775,1440.0,401.0,0.27847222222222223,1440.0,23323.0,16.196527777777778,1440.0,2086.2423821687703,1.448779432061646,1440.0,79.47459105779717,55.0,174.0,9170.0,10147.0,2086.0,24.0
6962181067,10524.0,6.96000003814697,6.96000003814697,0.0,0.990000009536743,1.1599999666214,4.80999994277954,0.0,14.0,22.0,305.0,591.0,2066.0,2016-05-05,467.0,491.0,1.0,61.2999992370605,23.9300003051758,1.0,391.0,24.0,10524.0,24.0,508.0,2.0,2066.521030187607,24.0,10524.0,7.308333333333334,1440.0,391.0,0.27152777777777776,1440.0,23069.0,16.020138888888887,1440.0,2066.521030187607,1.4350840487413936,1440.0,76.64476227290298,54.0,128.0,7761.0,10524.0,2066.0,24.0
6962181067,5908.0,3.91000008583069,3.91000008583069,0.0,0.0,0.0,3.91000008583069,0.0,0.0,0.0,299.0,717.0,1850.0,2016-05-06,443.0,462.0,1.0,61.5,24.0,1.0,299.0,24.0,5908.0,24.0,424.0,1.0,1850.5110179185865,24.0,5908.0,4.102777777777778,1440.0,299.0,0.2076388888888889,1440.0,20630.0,14.32638888888889,1440.0,1850.5110179185865,1.285077095776796,1440.0,72.33436738311545,52.0,114.0,9026.0,5908.0,1850.0,24.0
6962181067,6815.0,4.5,4.5,0.0,0.0,0.0,4.5,0.0,0.0,0.0,328.0,745.0,1947.0,2016-05-07,298.0,334.0,1.0,61.2000007629395,23.8899993896484,1.0,328.0,24.0,6815.0,24.0,367.0,2.0,1947.0215359926226,24.0,6815.0,4.732638888888889,1440.0,328.0,0.22777777777777777,1440.0,21752.0,15.105555555555556,1440.0,1947.0215359926226,1.3520982888837656,1440.0,76.97600374575676,57.0,125.0,8543.0,6815.0,1947.0,24.0
6962181067,4188.0,2.76999998092651,2.76999998092651,0.0,0.0,0.519999980926514,2.25,0.0,0.0,14.0,151.0,709.0,1659.0,2016-05-08,541.0,569.0,1.0,61.2000007629395,23.8899993896484,1.0,179.0,24.0,4188.0,24.0,566.0,2.0,1659.6049169898033,24.0,4188.0,2.908333333333333,1440.0,179.0,0.12430555555555556,1440.0,18541.0,12.875694444444445,1440.0,1659.6049169898035,1.1525034145762525,1440.0,74.99709744298549,54.0,116.0,7235.0,4188.0,1660.0,24.0
6962181067,12342.0,8.72000026702881,8.68000030517578,3.16782188415527,3.90000009536743,1.17999994754791,3.65000009536743,0.0,43.0,21.0,231.0,607.0,2105.0,2016-05-09,489.0,497.0,1.0,62.4000015258789,24.3500003814697,1.0,402.0,24.0,12342.0,24.0,538.0,2.0,2105.32128149271,24.0,12342.0,8.570833333333333,1440.0,402.0,0.2791666666666667,1440.0,23307.0,16.185416666666665,1440.0,2105.3212814927106,1.4620286677032712,1440.0,77.01762783095961,56.0,181.0,8566.0,12342.0,2105.0,24.0
6962181067,15448.0,10.210000038147,10.210000038147,0.0,3.47000002861023,1.75,4.98999977111816,0.0,62.0,34.0,275.0,626.0,2361.0,2016-05-10,469.0,481.0,1.0,62.0999984741211,24.2399997711182,1.0,529.0,24.0,15448.0,24.0,443.0,2.0,2361.307481646538,24.0,15448.0,10.727777777777778,1440.0,529.0,0.36736111111111114,1440.0,26196.0,18.191666666666666,1440.0,2361.307481646538,1.63979686225454,1440.0,83.32208250606662,57.0,184.0,9066.0,15448.0,2361.0,24.0
6962181067,6722.0,4.44000005722046,4.44000005722046,0.0,1.49000000953674,0.310000002384186,2.65000009536743,0.0,24.0,7.0,199.0,709.0,1855.0,2016-05-11,452.0,480.0,1.0,61.9000015258789,24.1700000762939,1.0,285.0,24.0,6722.0,24.0,501.0,2.0,1855.5822637081146,24.0,6722.0,4.668055555555555,1440.0,285.0,0.19791666666666666,1440.0,20613.0,14.314583333333333,1440.0,1855.5822637081144,1.288598794241746,1440.0,79.25104235242485,53.0,145.0,9114.0,6722.0,1855.0,24.0
6962181067,3587.0,2.36999988555908,2.36999988555908,0.0,0.0,0.25,2.10999989509583,0.0,0.0,8.0,105.0,127.0,928.0,2016-05-12,516.0,535.0,1.0,61.9000015258789,24.1700000762939,1.0,254.0,24.0,6737.0,24.0,481.0,1.0,1848.2906435728075,24.0,3569.0,4.956944444444445,720.0,121.0,0.16805555555555557,720.0,10298.0,14.302777777777777,720.0,927.0259619951248,1.2875360583265623,720.0,75.71574096531651,60.0,117.0,4123.0,3569.0,925.0,12.0
6962181067,,,,,,,,,,,,,,2016-05-13,,,,,,,33.0,8.0,636.0,8.0,,,490.24892324209213,8.0,,,,,,,,,,,,,,,,,,,
7007744171,14172.0,10.289999961853,9.47999954223633,4.8697829246521,4.5,0.379999995231628,5.40999984741211,0.0,53.0,8.0,355.0,1024.0,2937.0,2016-04-12,,,,,,,,,,,,,,,14172.0,9.841666666666667,1440.0,530.0,0.3680555555555556,1440.0,27171.0,18.86875,1440.0,2937.7285248041135,2.04008925333619,1440.0,96.42644387940429,70.0,151.0,5506.0,14172.0,2940.0,24.0
7007744171,12862.0,9.64999961853027,8.60000038146973,4.8513069152832,4.6100001335144,0.560000002384186,4.48000001907349,0.0,56.0,22.0,261.0,1101.0,2742.0,2016-04-13,,,,,,,473.0,24.0,12862.0,24.0,,,2742.896278858184,24.0,12862.0,8.931944444444444,1440.0,473.0,0.3284722222222222,1440.0,25369.0,17.617361111111112,1440.0,2742.896278858183,1.9047890825404048,1440.0,93.00640161725067,70.0,144.0,5936.0,12862.0,2744.0,24.0
7007744171,11179.0,8.23999977111816,7.48000001907349,3.28541493415833,2.95000004768372,0.340000003576279,4.96000003814697,0.0,34.0,6.0,304.0,1096.0,2668.0,2016-04-14,,,,,,,418.0,24.0,11179.0,24.0,,,2668.6178413629523,24.0,11179.0,7.763194444444444,1440.0,418.0,0.2902777777777778,1440.0,24682.0,17.14027777777778,1440.0,2668.617841362951,1.8532068342798271,1440.0,92.3463724506854,54.0,132.0,5982.0,11179.0,2670.0,24.0
7007744171,5273.0,3.52999997138977,3.52999997138977,0.0,0.0,0.0,3.52999997138977,0.0,0.0,0.0,202.0,1238.0,2098.0,2016-04-15,,,,,,,202.0,24.0,5273.0,24.0,,,2098.501078367232,24.0,5273.0,3.6618055555555555,1440.0,202.0,0.14027777777777778,1440.0,19409.0,13.478472222222223,1440.0,2098.5010783672305,1.457292415532799,1440.0,84.83902094610497,60.0,128.0,4249.0,5273.0,2099.0,24.0
7007744171,4631.0,3.09999990463257,3.09999990463257,0.0,0.0,0.0,3.09999990463257,0.0,0.0,0.0,203.0,1155.0,2076.0,2016-04-16,79.0,82.0,1.0,,,,203.0,24.0,4631.0,24.0,82.0,1.0,2076.22835600376,24.0,4631.0,3.2159722222222222,1440.0,203.0,0.14097222222222222,1440.0,19203.0,13.335416666666667,1440.0,2076.2283560037586,1.4418252472248323,1440.0,79.95248226950355,61.0,129.0,5640.0,4631.0,2077.0,24.0
7007744171,8059.0,5.3899998664856,5.3899998664856,0.0,0.0,0.0,5.3899998664856,0.0,0.0,0.0,305.0,1135.0,2383.0,2016-04-17,,,,,,,305.0,24.0,8059.0,24.0,,,2383.5053977966295,24.0,8059.0,5.596527777777778,1440.0,305.0,0.21180555555555555,1440.0,22045.0,15.309027777777779,1440.0,2383.505397796628,1.6552120818032139,1440.0,85.97764946917489,63.0,127.0,5369.0,8059.0,2383.0,24.0
7007744171,14816.0,10.9799995422363,9.90999984741211,4.93055009841919,3.78999996185303,2.11999988555908,5.05000019073486,0.0199999995529652,48.0,31.0,284.0,1077.0,2832.0,2016-04-18,,,,,,,490.0,24.0,14816.0,24.0,,,2832.4196442365637,24.0,14816.0,10.28888888888889,1440.0,490.0,0.3402777777777778,1440.0,26197.0,18.19236111111111,1440.0,2832.419644236563,1.9669580862753908,1440.0,93.21345934495682,65.0,139.0,6137.0,14816.0,2834.0,24.0
7007744171,14194.0,10.4799995422363,9.5,4.94214200973511,4.40999984741211,0.759999990463257,5.30999994277954,0.0,53.0,17.0,304.0,1066.0,2812.0,2016-04-19,,,,,,,497.0,24.0,14194.0,24.0,,,2811.011882543563,24.0,14194.0,9.856944444444444,1440.0,497.0,0.3451388888888889,1440.0,25999.0,18.054861111111112,1440.0,2811.011882543562,1.9520915850996958,1440.0,94.4138051246296,67.0,138.0,5737.0,14194.0,2812.0,24.0
7007744171,15566.0,11.3100004196167,10.4099998474121,4.92484092712402,4.78999996185303,0.670000016689301,5.8600001335144,0.0,60.0,33.0,347.0,1000.0,3096.0,2016-04-20,,,,,,,593.0,24.0,15566.0,24.0,,,3096.2324367761603,24.0,15566.0,10.809722222222222,1440.0,593.0,0.41180555555555554,1440.0,28637.0,19.886805555555554,1440.0,3096.2324367761594,2.1501614144278887,1440.0,96.79697587495752,70.0,151.0,5886.0,15566.0,3098.0,24.0
7007744171,13744.0,9.1899995803833,9.1899995803833,0.0,2.15000009536743,1.87000000476837,5.17000007629395,0.0,30.0,34.0,327.0,1049.0,2763.0,2016-04-21,,,,,,,485.0,24.0,13744.0,24.0,,,2763.5471962690344,24.0,13744.0,9.544444444444444,1440.0,485.0,0.3368055555555556,1440.0,25560.0,17.75,1440.0,2763.5471962690335,1.919129997409051,1440.0,92.19450171821306,64.0,136.0,5820.0,13744.0,2765.0,24.0
7007744171,15299.0,10.2399997711182,10.2399997711182,0.0,4.09999990463257,1.75999999046326,4.36999988555908,0.0,64.0,50.0,261.0,1065.0,2889.0,2016-04-22,,,,,,,553.0,24.0,15299.0,24.0,,,2889.5069984197607,24.0,15299.0,10.624305555555555,1440.0,553.0,0.3840277777777778,1440.0,26725.0,18.55902777777778,1440.0,2889.50699841976,2.0066020822359443,1440.0,93.92858369098713,57.0,156.0,5825.0,15299.0,2891.0,24.0
7007744171,8093.0,5.40999984741211,5.40999984741211,0.0,0.129999995231628,1.12999999523163,4.15000009536743,0.0,2.0,25.0,223.0,1190.0,2284.0,2016-04-23,,,,,,,279.0,24.0,8093.0,24.0,,,2284.575596451758,24.0,8093.0,5.620138888888889,1440.0,279.0,0.19375,1440.0,21130.0,14.67361111111111,1440.0,2284.5755964517566,1.5865108308692755,1440.0,93.28872775214239,66.0,135.0,3034.0,8093.0,2286.0,24.0
7007744171,11085.0,7.42000007629395,7.42000007629395,0.0,0.0,0.0,7.42000007629395,0.0,0.0,0.0,419.0,1021.0,2667.0,2016-04-24,,,,,,,419.0,24.0,11085.0,24.0,,,2667.1041588783255,24.0,11085.0,7.697916666666667,1440.0,419.0,0.29097222222222224,1440.0,24668.0,17.130555555555556,1440.0,2667.104158878324,1.8521556658877252,1440.0,95.19453842435959,66.0,122.0,4138.0,11085.0,2667.0,24.0
7007744171,18229.0,13.3400001525879,12.1999998092651,4.86179208755493,4.30999994277954,1.37000000476837,7.67000007629395,0.0,51.0,24.0,379.0,986.0,3055.0,2016-04-25,,,,,,,580.0,24.0,18229.0,24.0,,,3055.4711898565283,24.0,18229.0,12.659027777777778,1440.0,580.0,0.4027777777777778,1440.0,28260.0,19.625,1440.0,3055.4711898565274,2.121854992955922,1440.0,94.64476021314387,60.0,137.0,6193.0,18229.0,3055.0,24.0
7007744171,15090.0,10.1000003814697,10.1000003814697,0.0,0.930000007152557,0.939999997615814,8.22999954223633,0.0,16.0,22.0,424.0,978.0,2939.0,2016-04-26,,,,,,,516.0,24.0,15090.0,24.0,,,2939.6746718883505,24.0,15090.0,10.479166666666666,1440.0,516.0,0.35833333333333334,1440.0,27189.0,18.88125,1440.0,2939.6746718883496,2.0414407443669096,1440.0,90.65212512273811,63.0,143.0,7129.0,15090.0,2939.0,24.0
7007744171,13541.0,10.2200002670288,9.0600004196167,4.88560485839844,4.26999998092651,0.660000026226044,5.28999996185303,0.0,50.0,12.0,337.0,1041.0,2830.0,2016-04-27,,,,,,,511.0,24.0,13541.0,24.0,,,2830.4734768867484,24.0,13541.0,9.403472222222222,1440.0,511.0,0.3548611111111111,1440.0,26179.0,18.179861111111112,1440.0,2830.4734768867474,1.9656065811713523,1440.0,95.18625238673842,71.0,137.0,5761.0,13541.0,2831.0,24.0
7007744171,15128.0,10.1199998855591,10.1199998855591,0.0,1.0900000333786,0.769999980926514,8.26000022888184,0.0,16.0,16.0,401.0,1007.0,2836.0,2016-04-28,,,,,,,481.0,24.0,15128.0,24.0,,,2836.6363154649725,24.0,15128.0,10.505555555555556,1440.0,481.0,0.33402777777777776,1440.0,26236.0,18.219444444444445,1440.0,2836.636315464971,1.9698863301840077,1440.0,89.45166402535658,58.0,152.0,6310.0,15128.0,2839.0,24.0
7007744171,20067.0,14.3000001907349,13.4200000762939,4.91114616394043,4.30999994277954,2.04999995231628,7.94999980926514,0.0,55.0,42.0,382.0,961.0,3180.0,2016-04-29,,,,,,,631.0,24.0,20067.0,24.0,,,3180.8903975486746,24.0,20067.0,13.935416666666667,1440.0,631.0,0.43819444444444444,1440.0,29420.0,20.430555555555557,1440.0,3180.8903975486737,2.208951664964357,1440.0,93.94141876430206,63.0,145.0,6555.0,20067.0,3183.0,24.0
7007744171,3761.0,2.51999998092651,2.51999998092651,0.0,0.0,0.0,2.51999998092651,0.0,0.0,0.0,200.0,1240.0,2051.0,2016-04-30,,,,,,,200.0,24.0,3761.0,24.0,,,2051.2526377439485,24.0,3761.0,2.6118055555555557,1440.0,200.0,0.1388888888888889,1440.0,18972.0,13.175,1440.0,2051.252637743947,1.4244809984332967,1440.0,80.32344497607656,61.0,124.0,5225.0,3761.0,2051.0,24.0
7007744171,5600.0,3.75,3.75,0.0,0.0,0.0,3.75,0.0,0.0,0.0,237.0,1142.0,2225.0,2016-05-01,58.0,61.0,1.0,,,,237.0,24.0,5600.0,24.0,61.0,1.0,2225.7583177089678,24.0,5600.0,3.888888888888889,1440.0,237.0,0.16458333333333333,1440.0,20586.0,14.295833333333333,1440.0,2225.7583177089664,1.5456654984090044,1440.0,84.96455424274973,57.0,128.0,4655.0,5600.0,2228.0,24.0
7007744171,13041.0,9.18000030517578,8.72000026702881,2.83232593536377,4.6399998664856,0.699999988079071,3.82999992370605,0.0,64.0,14.0,250.0,1112.0,2642.0,2016-05-02,,,,,,,470.0,24.0,13041.0,24.0,,,2642.0203169584265,24.0,13041.0,9.05625,1440.0,470.0,0.3263888888888889,1440.0,24436.0,16.969444444444445,1440.0,2642.020316958425,1.8347363312211287,1440.0,86.10571081409478,58.0,147.0,5761.0,13041.0,2642.0,24.0
7007744171,14510.0,10.8699998855591,9.71000003814697,4.91236782073975,4.48000001907349,1.01999998092651,5.3600001335144,0.0,58.0,31.0,330.0,1021.0,2976.0,2016-05-03,,,,,,,566.0,24.0,14510.0,24.0,,,2976.3273611068716,24.0,14510.0,10.07638888888889,1440.0,566.0,0.39305555555555555,1440.0,27528.0,19.116666666666667,1440.0,2976.3273611068707,2.0668940007686603,1440.0,93.36198046034112,65.0,138.0,6039.0,14510.0,2980.0,24.0
7007744171,0.0,0.0,0.0,0.0,0.0,0.0,0.0,0.0,0.0,0.0,0.0,1440.0,1557.0,2016-05-04,,,,,,,0.0,24.0,0.0,24.0,,,1557.4686050415019,24.0,0.0,0.0,1440.0,0.0,0.0,1440.0,14405.0,10.003472222222221,1440.0,1557.4686050415005,1.0815754201677086,1440.0,,,,,0.0,1560.0,24.0
7007744171,15010.0,11.1000003814697,10.039999961853,4.8782320022583,4.32999992370605,1.28999996185303,5.48000001907349,0.0,53.0,23.0,317.0,1047.0,2933.0,2016-05-05,,,,,,,522.0,24.0,15010.0,24.0,,,2933.6199597120276,24.0,15010.0,10.42361111111111,1440.0,522.0,0.3625,1440.0,27133.0,18.84236111111111,1440.0,2933.6199597120267,2.037236083133352,1440.0,97.89637305699482,70.0,133.0,4825.0,15010.0,2935.0,24.0
7007744171,11459.0,7.67000007629395,7.67000007629395,0.0,3.0,0.810000002384186,3.85999989509583,0.0,44.0,13.0,247.0,1136.0,2553.0,2016-05-06,,,,,,,405.0,24.0,11459.0,24.0,,,2553.6862783432,24.0,11459.0,7.957638888888889,1440.0,405.0,0.28125,1440.0,23619.0,16.402083333333334,1440.0,2553.6862783431984,1.7733932488494433,1440.0,87.15,62.0,166.0,5880.0,11459.0,2555.0,24.0
7007744171,0.0,0.0,0.0,0.0,0.0,0.0,0.0,0.0,0.0,0.0,0.0,111.0,120.0,2016-05-07,,,,,,,0.0,1.0,0.0,1.0,,,64.87200021743766,1.0,0.0,0.0,60.0,0.0,0.0,60.0,600.0,10.0,60.0,64.8720002174376,1.08120000362396,60.0,,,,,0.0,65.0,1.0
7086361926,,,,,,,,,,,,,,2016-04-11,,,,,,,,,,,109.0,1.0,,,,,,,,,,,,,,,,,,,,,
7086361926,11317.0,8.40999984741211,8.40999984741211,0.0,5.26999998092651,0.150000005960464,2.97000002861023,0.0,59.0,6.0,153.0,745.0,2772.0,2016-04-12,514.0,525.0,1.0,,,,,,,,476.0,2.0,,,11309.0,7.853472222222222,1440.0,342.0,0.2375,1440.0,24496.0,17.011111111111113,1440.0,2772.212345123289,1.925147461891173,1440.0,,,,,11309.0,2773.0,24.0
7086361926,5813.0,3.61999988555908,3.61999988555908,0.0,0.560000002384186,0.209999993443489,2.83999991416931,0.0,31.0,26.0,155.0,744.0,2516.0,2016-04-13,451.0,465.0,1.0,,,,300.0,24.0,5813.0,24.0,484.0,2.0,2516.334981203078,24.0,5813.0,4.0368055555555555,1440.0,300.0,0.20833333333333334,1440.0,22235.0,15.440972222222221,1440.0,2516.334981203077,1.7474548480576924,1440.0,,,,,5813.0,2517.0,24.0
7086361926,9123.0,6.11999988555908,6.11999988555908,0.0,2.02999997138977,0.330000013113022,3.66000008583069,0.0,35.0,32.0,189.0,787.0,2734.0,2016-04-14,472.0,476.0,1.0,,,,358.0,24.0,8998.0,24.0,397.0,1.0,2727.397020816802,24.0,8998.0,6.248611111111111,1440.0,358.0,0.24861111111111112,1440.0,24100.0,16.73611111111111,1440.0,2727.397020816801,1.8940257089005563,1440.0,,,,,8998.0,2729.0,24.0
7086361926,8585.0,5.67000007629395,5.67000007629395,0.0,2.03999996185303,1.11000001430511,2.52999997138977,0.0,30.0,21.0,139.0,864.0,2395.0,2016-04-15,377.0,386.0,1.0,,,,271.0,24.0,8585.0,24.0,386.0,1.0,2395.3562425374976,24.0,8585.0,5.961805555555555,1440.0,271.0,0.18819444444444444,1440.0,21166.0,14.698611111111111,1440.0,2395.356242537496,1.6634418350954834,1440.0,,,,,8585.0,2396.0,24.0
7086361926,31.0,0.0099999997764825,0.0099999997764825,0.0,0.0,0.0,0.0099999997764825,0.0,0.0,0.0,3.0,1437.0,1635.0,2016-04-16,,,,,,,3.0,24.0,31.0,24.0,,,1635.1933856010417,24.0,31.0,0.021527777777777778,1440.0,3.0,0.0020833333333333333,1440.0,14449.0,10.034027777777778,1440.0,1635.1933856010407,1.135550962222945,1440.0,,,,,31.0,1637.0,24.0
7086361926,0.0,0.0,0.0,0.0,0.0,0.0,0.0,0.0,0.0,0.0,0.0,1440.0,1629.0,2016-04-17,,,,,,,0.0,24.0,0.0,24.0,,,1629.6480560302714,24.0,0.0,0.0,1440.0,0.0,0.0,1440.0,14400.0,10.0,1440.0,1629.6480560302705,1.13170003890991,1440.0,,,,,0.0,1632.0,24.0
7086361926,9827.0,6.71000003814697,6.71000003814697,0.0,3.17000007629395,1.22000002861023,2.30999994277954,0.0,61.0,51.0,114.0,1136.0,2743.0,2016-04-18,,,,,,,399.0,24.0,9827.0,24.0,78.0,1.0,2743.6935082674017,24.0,9827.0,6.824305555555555,1440.0,399.0,0.27708333333333335,1440.0,24244.0,16.836111111111112,1440.0,2743.693508267401,1.905342714074584,1440.0,,,,,9827.0,2744.0,24.0
7086361926,10688.0,7.28999996185303,7.28999996185303,0.0,3.52999997138977,1.23000001907349,2.50999999046326,0.0,67.0,69.0,124.0,671.0,2944.0,2016-04-19,472.0,483.0,1.0,,,,463.0,24.0,10688.0,24.0,509.0,2.0,2944.3439124822607,24.0,10688.0,7.4222222222222225,1440.0,463.0,0.3215277777777778,1440.0,26017.0,18.06736111111111,1440.0,2944.34391248226,2.044683272557125,1440.0,,,,,10688.0,2945.0,24.0
7086361926,14365.0,10.6400003433228,10.6400003433228,0.0,7.6399998664856,0.449999988079071,2.53999996185303,0.0,87.0,13.0,145.0,797.0,2997.0,2016-04-20,492.0,502.0,1.0,,,,432.0,24.0,14365.0,24.0,398.0,1.0,2996.8547874689093,24.0,14365.0,9.975694444444445,1440.0,432.0,0.3,1440.0,26481.0,18.389583333333334,1440.0,2996.854787468909,2.08114915796452,1440.0,,,,,14365.0,2997.0,24.0
7086361926,9469.0,6.17999982833862,6.17999982833862,0.0,1.36000001430511,0.300000011920929,4.51000022888184,0.0,19.0,6.0,206.0,758.0,2463.0,2016-04-21,390.0,411.0,1.0,,,,275.0,24.0,9469.0,24.0,451.0,2.0,2463.597759246825,24.0,9469.0,6.575694444444444,1440.0,275.0,0.1909722222222222,1440.0,21769.0,15.11736111111111,1440.0,2463.5977592468244,1.7108317772547392,1440.0,,,,,9469.0,2465.0,24.0
7086361926,9753.0,6.53000020980835,6.53000020980835,0.0,2.86999988555908,0.970000028610229,2.67000007629395,0.0,58.0,59.0,153.0,762.0,2846.0,2016-04-22,428.0,448.0,1.0,,,,445.0,24.0,9733.0,24.0,408.0,1.0,2843.848960161208,24.0,9733.0,6.759027777777778,1440.0,445.0,0.3090277777777778,1440.0,25129.0,17.450694444444444,1440.0,2843.8489601612073,1.9748951112230606,1440.0,,,,,9733.0,2842.0,24.0
7086361926,2817.0,1.80999994277954,1.80999994277954,0.0,0.0,0.0,1.79999995231628,0.0,0.0,0.0,90.0,1350.0,1965.0,2016-04-23,,,,,,,90.0,24.0,2811.0,24.0,,,1963.612696766852,24.0,2811.0,1.9520833333333334,1440.0,90.0,0.0625,1440.0,17351.0,12.049305555555556,1440.0,1963.612696766851,1.3636199283103132,1440.0,,,,,2811.0,1966.0,24.0
7086361926,3520.0,2.16000008583069,2.16000008583069,0.0,0.0,0.0,2.15000009536743,0.0,0.0,0.0,125.0,566.0,2049.0,2016-04-24,681.0,704.0,1.0,,,,125.0,24.0,3520.0,24.0,749.0,2.0,2049.1692228317247,24.0,3520.0,2.4444444444444446,1440.0,125.0,0.08680555555555555,1440.0,18107.0,12.574305555555556,1440.0,2049.169222831724,1.4230341825220305,1440.0,,,,,3520.0,2048.0,24.0
7086361926,10091.0,6.82000017166138,6.82000017166138,0.0,3.75,0.699999988079071,2.36999988555908,0.0,69.0,39.0,129.0,706.0,2752.0,2016-04-25,446.0,447.0,1.0,,,,414.0,24.0,10091.0,24.0,497.0,2.0,2752.29443669319,24.0,10091.0,7.007638888888889,1440.0,414.0,0.2875,1440.0,24320.0,16.88888888888889,1440.0,2752.2944366931893,1.9113155810369369,1440.0,,,,,10091.0,2754.0,24.0
7086361926,10387.0,7.07000017166138,7.07000017166138,0.0,4.15999984741211,0.769999980926514,2.11999988555908,0.0,70.0,33.0,132.0,726.0,2781.0,2016-04-26,485.0,500.0,1.0,,,,408.0,24.0,10378.0,24.0,479.0,2.0,2780.0210781097403,24.0,10378.0,7.206944444444445,1440.0,408.0,0.2833333333333333,1440.0,24565.0,17.05902777777778,1440.0,2780.0210781097394,1.9305701931317634,1440.0,,,,,10378.0,2780.0,24.0
7086361926,11107.0,8.34000015258789,8.34000015258789,0.0,5.63000011444092,0.180000007152557,2.52999997138977,0.0,55.0,6.0,145.0,829.0,2693.0,2016-04-27,469.0,479.0,1.0,,,,322.0,24.0,11107.0,24.0,405.0,1.0,2692.993340969085,24.0,11107.0,7.7131944444444445,1440.0,322.0,0.22361111111111112,1440.0,23796.0,16.525,1440.0,2692.993340969084,1.8701342645618637,1440.0,,,,,11107.0,2693.0,24.0
7086361926,11584.0,7.80000019073486,7.80000019073486,0.0,2.78999996185303,1.63999998569489,3.35999989509583,0.0,54.0,48.0,161.0,810.0,2862.0,2016-04-28,354.0,367.0,1.0,,,,419.0,24.0,11575.0,24.0,367.0,1.0,2860.258597970008,24.0,11575.0,8.038194444444445,1440.0,419.0,0.29097222222222224,1440.0,25274.0,17.551388888888887,1440.0,2860.258597970007,1.986290693034727,1440.0,,,,,11575.0,2858.0,24.0
7086361926,7881.0,4.94999980926514,4.94999980926514,0.0,0.490000009536743,0.449999988079071,4.0,0.0,24.0,36.0,182.0,1198.0,2616.0,2016-04-29,,,,,,,326.0,24.0,7881.0,24.0,,,2614.4533594846716,24.0,7881.0,5.472916666666666,1440.0,326.0,0.2263888888888889,1440.0,23102.0,16.043055555555554,1440.0,2614.4533594846707,1.8155926107532436,1440.0,,,,,7881.0,2615.0,24.0
7086361926,14560.0,9.40999984741211,9.40999984741211,0.0,3.11999988555908,1.03999996185303,5.23999977111816,0.0,42.0,17.0,308.0,584.0,2995.0,2016-04-30,485.0,489.0,1.0,,,,468.0,24.0,14560.0,24.0,489.0,1.0,2995.836251378059,24.0,14560.0,10.11111111111111,1440.0,468.0,0.325,1440.0,26472.0,18.383333333333333,1440.0,2995.836251378058,2.0804418412347627,1440.0,,,,,14560.0,2997.0,24.0
7086361926,12390.0,8.06999969482422,8.06999969482422,0.0,2.29999995231628,0.899999976158142,4.84999990463257,0.0,30.0,15.0,258.0,685.0,2730.0,2016-05-01,388.0,407.0,1.0,,,,378.0,24.0,12375.0,24.0,452.0,2.0,2729.4340866804114,24.0,12375.0,8.59375,1440.0,378.0,0.2625,1440.0,24118.0,16.74861111111111,1440.0,2729.4340866804105,1.8954403379725073,1440.0,,,,,12375.0,2727.0,24.0
7086361926,10052.0,6.80999994277954,6.80999994277954,0.0,3.48000001907349,0.660000026226044,2.66000008583069,0.0,66.0,26.0,139.0,737.0,2754.0,2016-05-02,440.0,459.0,1.0,,,,389.0,24.0,10052.0,24.0,472.0,2.0,2754.2183181047426,24.0,10052.0,6.980555555555555,1440.0,389.0,0.2701388888888889,1440.0,24337.0,16.900694444444444,1440.0,2754.218318104742,1.9126516097949597,1440.0,,,,,10052.0,2757.0,24.0
7086361926,10288.0,6.76000022888184,6.76000022888184,0.0,2.74000000953674,0.850000023841858,3.16000008583069,0.0,57.0,36.0,152.0,761.0,2754.0,2016-05-03,456.0,461.0,1.0,,,,395.0,24.0,10288.0,24.0,434.0,2.0,2753.991979122161,24.0,10288.0,7.144444444444445,1440.0,395.0,0.2743055555555556,1440.0,24335.0,16.899305555555557,1440.0,2753.99197912216,1.9124944299459445,1440.0,,,,,10288.0,2755.0,24.0
7086361926,10988.0,8.3100004196167,8.3100004196167,0.0,5.28000020980835,0.119999997317791,2.90000009536743,0.0,45.0,12.0,135.0,843.0,2655.0,2016-05-04,420.0,436.0,1.0,,,,294.0,24.0,10988.0,24.0,405.0,1.0,2655.194566965102,24.0,10988.0,7.6305555555555555,1440.0,294.0,0.20416666666666666,1440.0,23462.0,16.293055555555554,1440.0,2655.194566965101,1.8438851159479868,1440.0,,,,,10988.0,2655.0,24.0
7086361926,8564.0,5.59999990463257,5.59999990463257,0.0,1.77999997138977,0.829999983310699,2.95000004768372,0.0,24.0,14.0,149.0,1253.0,2386.0,2016-05-05,,,,,,,249.0,24.0,8525.0,24.0,,,2379.399271607398,24.0,8525.0,5.920138888888889,1440.0,249.0,0.17291666666666666,1440.0,21025.0,14.600694444444445,1440.0,2379.399271607397,1.6523606052829147,1440.0,,,,,8525.0,2382.0,24.0
7086361926,12461.0,8.38000011444092,8.38000011444092,0.0,3.8199999332428,1.42999994754791,3.11999988555908,0.0,84.0,35.0,154.0,834.0,2924.0,2016-05-06,322.0,333.0,1.0,,,,476.0,24.0,12461.0,24.0,333.0,1.0,2923.633807539939,24.0,12461.0,8.653472222222222,1440.0,476.0,0.33055555555555555,1440.0,25834.0,17.940277777777776,1440.0,2923.633807539938,2.030301255236068,1440.0,,,,,12461.0,2924.0,24.0
7086361926,12827.0,8.47999954223633,8.47999954223633,0.0,1.46000003814697,2.32999992370605,4.67999982833862,0.0,20.0,42.0,209.0,621.0,2739.0,2016-05-07,530.0,548.0,1.0,,,,353.0,24.0,12827.0,24.0,548.0,1.0,2739.5062123537055,24.0,12827.0,8.907638888888888,1440.0,353.0,0.24513888888888888,1440.0,24207.0,16.810416666666665,1440.0,2739.5062123537045,1.9024348696900726,1440.0,,,,,12827.0,2738.0,24.0
7086361926,10677.0,7.09999990463257,7.09999990463257,0.0,2.30999994277954,1.52999997138977,3.25,0.0,32.0,27.0,147.0,695.0,2534.0,2016-05-08,481.0,510.0,1.0,,,,297.0,24.0,10677.0,24.0,539.0,2.0,2534.3290001153937,24.0,10677.0,7.414583333333334,1440.0,297.0,0.20625,1440.0,22394.0,15.551388888888889,1440.0,2534.329000115393,1.7599506945245784,1440.0,,,,,10677.0,2532.0,24.0
7086361926,13566.0,9.10999965667725,9.10999965667725,0.0,4.26000022888184,1.71000003814697,3.11999988555908,0.0,67.0,50.0,171.0,743.0,2960.0,2016-05-09,427.0,438.0,1.0,,,,472.0,24.0,13558.0,24.0,409.0,1.0,2958.942851424216,24.0,13558.0,9.415277777777778,1440.0,472.0,0.3277777777777778,1440.0,26146.0,18.156944444444445,1440.0,2958.9428514242154,2.0548214246001497,1440.0,,,,,13558.0,2958.0,24.0
7086361926,14433.0,10.789999961853,10.789999961853,0.0,7.1100001335144,1.20000004768372,2.45000004768372,0.0,72.0,23.0,106.0,1182.0,2800.0,2016-05-10,,,,,,,368.0,24.0,14407.0,24.0,57.0,1.0,2795.299026250838,24.0,14407.0,10.004861111111111,1440.0,368.0,0.25555555555555554,1440.0,24700.0,17.15277777777778,1440.0,2795.299026250837,1.941179879340859,1440.0,,,,,14407.0,2795.0,24.0
7086361926,9572.0,6.51999998092651,6.51999998092651,0.0,2.89000010490417,1.38999998569489,2.23000001907349,0.0,57.0,40.0,128.0,757.0,2735.0,2016-05-11,451.0,463.0,1.0,,,,379.0,24.0,9572.0,24.0,457.0,2.0,2735.31892967224,24.0,9572.0,6.647222222222222,1440.0,379.0,0.26319444444444445,1440.0,24170.0,16.78472222222222,1440.0,2735.3189296722394,1.8995270344946107,1440.0,,,,,9572.0,2735.0,24.0
7086361926,3789.0,2.55999994277954,2.55999994277954,0.0,0.379999995231628,0.270000010728836,1.88999998569489,0.0,5.0,4.0,58.0,343.0,1199.0,2016-05-12,444.0,457.0,1.0,,,,396.0,24.0,14410.0,24.0,406.0,1.0,2924.086484789847,24.0,1032.0,1.323076923076923,780.0,32.0,0.041025641025641026,780.0,8792.0,11.271794871794873,780.0,994.9906607866274,1.2756290522905478,780.0,,,,,1032.0,995.0,13.0
8053475328,18060.0,14.1199998855591,14.1199998855591,0.0,11.6400003433228,0.389999985694885,2.09999990463257,0.0,116.0,8.0,123.0,1193.0,3186.0,2016-04-12,,,,,,,,,,,,,,,18060.0,12.541666666666666,1440.0,487.0,0.33819444444444446,1440.0,26168.0,18.17222222222222,1440.0,3186.2156773805573,2.2126497759587203,1440.0,,,,,18060.0,3186.0,24.0
8053475328,16433.0,13.3500003814697,13.3500003814697,0.0,10.4300003051758,0.469999998807907,2.45000004768372,0.0,95.0,12.0,156.0,1177.0,3140.0,2016-04-13,,,,,,,465.0,24.0,16433.0,24.0,,,3140.9209635257694,24.0,16433.0,11.411805555555556,1440.0,465.0,0.3229166666666667,1440.0,25796.0,17.913888888888888,1440.0,3140.920963525767,2.1811951135595606,1440.0,,,,,16433.0,3140.0,24.0
8053475328,20159.0,15.9700002670288,15.9700002670288,0.0,12.3400001525879,0.209999993443489,3.35999989509583,0.0,119.0,5.0,193.0,1123.0,3411.0,2016-04-14,,,,,,,560.0,24.0,20089.0,24.0,,,3407.6971257925006,24.0,20089.0,13.950694444444444,1440.0,560.0,0.3888888888888889,1440.0,27987.0,19.435416666666665,1440.0,3407.6971257924984,2.3664563373559018,1440.0,,,,,20089.0,3407.0,24.0
8053475328,20669.0,16.2399997711182,16.2399997711182,0.0,13.2600002288818,0.389999985694885,2.58999991416931,0.0,132.0,8.0,158.0,1142.0,3410.0,2016-04-15,,,,,,,570.0,24.0,20669.0,24.0,,,3410.8628830909706,24.0,20669.0,14.353472222222223,1440.0,570.0,0.3958333333333333,1440.0,28013.0,19.45347222222222,1440.0,3410.8628830909684,2.3686547799242836,1440.0,,,,,20669.0,3410.0,24.0
8053475328,14549.0,11.1099996566772,11.1099996566772,0.0,9.35999965667725,0.270000010728836,1.49000000953674,0.0,96.0,6.0,83.0,1255.0,2867.0,2016-04-16,,,,,,,383.0,24.0,14549.0,24.0,,,2867.935031533239,24.0,14549.0,10.103472222222223,1440.0,383.0,0.2659722222222222,1440.0,23554.0,16.356944444444444,1440.0,2867.9350315332367,1.991621549675859,1440.0,,,,,14549.0,2868.0,24.0
8053475328,18827.0,13.6899995803833,13.6899995803833,0.0,9.23999977111816,0.800000011920929,3.64000010490417,0.0,111.0,21.0,195.0,1113.0,3213.0,2016-04-17,,,,,,,570.0,24.0,18827.0,24.0,,,3213.0028866529447,24.0,18827.0,13.074305555555556,1440.0,570.0,0.3958333333333333,1440.0,26388.0,18.325,1440.0,3213.0028866529424,2.231252004620099,1440.0,,,,,18827.0,3211.0,24.0
8053475328,17076.0,12.6599998474121,12.6599998474121,0.0,9.07999992370605,0.230000004172325,3.34999990463257,0.0,102.0,6.0,195.0,1137.0,3133.0,2016-04-18,,,,,,,513.0,24.0,17076.0,24.0,,,3133.3718420267087,24.0,17076.0,11.858333333333333,1440.0,513.0,0.35625,1440.0,25734.0,17.870833333333334,1440.0,3133.3718420267064,2.1759526680741015,1440.0,,,,,17076.0,3134.0,24.0
8053475328,15929.0,12.4799995422363,12.4799995422363,0.0,9.22000026702881,0.310000002384186,2.95000004768372,0.0,90.0,7.0,191.0,1152.0,3114.0,2016-04-19,,,,,,,475.0,24.0,15929.0,24.0,,,3114.6208004951454,24.0,15929.0,11.061805555555555,1440.0,475.0,0.3298611111111111,1440.0,25580.0,17.76388888888889,1440.0,3114.620800495143,2.1629311114549603,1440.0,,,,,15929.0,3112.0,24.0
8053475328,15108.0,12.1899995803833,12.1899995803833,0.0,9.57999992370605,0.230000004172325,2.38000011444092,0.0,89.0,5.0,158.0,695.0,3043.0,2016-04-20,486.0,493.0,1.0,,,,435.0,24.0,15108.0,24.0,493.0,1.0,3043.5129646062833,24.0,15108.0,10.491666666666667,1440.0,435.0,0.3020833333333333,1440.0,24996.0,17.358333333333334,1440.0,3043.5129646062805,2.1135506698654725,1440.0,,,,,15108.0,3044.0,24.0
8053475328,16057.0,12.5100002288818,12.5100002288818,0.0,9.67000007629395,0.25,2.57999992370605,0.0,100.0,6.0,170.0,1164.0,3103.0,2016-04-21,,,,,,,482.0,24.0,16049.0,24.0,,,3101.1054502725583,24.0,16049.0,11.145138888888889,1440.0,482.0,0.3347222222222222,1440.0,25469.0,17.686805555555555,1440.0,3101.105450272556,2.153545451578164,1440.0,,,,,16049.0,3103.0,24.0
8053475328,10520.0,8.28999996185303,8.28999996185303,0.0,6.26000022888184,0.150000005960464,1.87999999523163,0.0,60.0,3.0,117.0,1260.0,2655.0,2016-04-22,,,,,,,303.0,24.0,10520.0,24.0,,,2655.3420777320844,24.0,10520.0,7.305555555555555,1440.0,303.0,0.21041666666666667,1440.0,21808.0,15.144444444444444,1440.0,2655.3420777320816,1.8439875539806123,1440.0,,,,,10520.0,2655.0,24.0
8053475328,22359.0,17.1900005340576,17.1900005340576,0.0,12.539999961853,0.629999995231628,4.01999998092651,0.0,125.0,14.0,223.0,741.0,3554.0,2016-04-23,331.0,337.0,1.0,,,,626.0,24.0,22359.0,24.0,337.0,1.0,3554.9049565792066,24.0,22359.0,15.527083333333334,1440.0,626.0,0.43472222222222223,1440.0,29196.0,20.275,1440.0,3554.9049565792043,2.4686839976244475,1440.0,,,,,22359.0,3555.0,24.0
8053475328,22988.0,17.9500007629395,17.9500007629395,0.0,13.1300001144409,1.54999995231628,3.25999999046326,0.0,129.0,33.0,182.0,1096.0,3577.0,2016-04-24,,,,,,,635.0,24.0,22988.0,24.0,,,3577.1870447397214,24.0,22988.0,15.963888888888889,1440.0,635.0,0.4409722222222222,1440.0,29379.0,20.402083333333334,1440.0,3577.187044739719,2.4841576699581385,1440.0,,,,,22988.0,3575.0,24.0
8053475328,20500.0,15.6899995803833,15.6899995803833,0.0,11.3699998855591,0.46000000834465,3.85999989509583,0.0,118.0,9.0,209.0,1104.0,3403.0,2016-04-25,,,,,,,581.0,24.0,20500.0,24.0,,,3403.679040670393,24.0,20500.0,14.23611111111111,1440.0,581.0,0.40347222222222223,1440.0,27954.0,19.4125,1440.0,3403.679040670391,2.363666000465549,1440.0,,,,,20500.0,3402.0,24.0
8053475328,12685.0,9.61999988555908,9.61999988555908,0.0,6.30999994277954,0.200000002980232,3.09999990463257,0.0,68.0,5.0,185.0,1182.0,2846.0,2016-04-26,,,,,,,399.0,24.0,12685.0,24.0,,,2845.0441662073113,24.0,12685.0,8.809027777777779,1440.0,399.0,0.27708333333333335,1440.0,23366.0,16.226388888888888,1440.0,2845.044166207309,1.9757251154217423,1440.0,,,,,12685.0,2846.0,24.0
8053475328,12422.0,9.81999969482422,9.81999969482422,0.0,6.46000003814697,0.430000007152557,2.9300000667572,0.0,60.0,10.0,183.0,1187.0,2852.0,2016-04-27,,,,,,,383.0,24.0,12422.0,24.0,,,2852.593277096746,24.0,12422.0,8.626388888888888,1440.0,383.0,0.2659722222222222,1440.0,23428.0,16.269444444444446,1440.0,2852.593277096744,1.9809675535394053,1440.0,,,,,12422.0,2850.0,24.0
8053475328,15447.0,12.3999996185303,12.3999996185303,0.0,9.67000007629395,0.389999985694885,2.34999990463257,0.0,90.0,9.0,153.0,1188.0,3062.0,2016-04-28,,,,,,,441.0,24.0,15447.0,24.0,,,3062.2639976739856,24.0,15447.0,10.727083333333333,1440.0,441.0,0.30625,1440.0,25150.0,17.46527777777778,1440.0,3062.2639976739833,2.126572220606933,1440.0,,,,,15447.0,3062.0,24.0
8053475328,12315.0,9.64999961853027,9.64999961853027,0.0,6.17000007629395,0.310000002384186,3.17000007629395,0.0,58.0,8.0,159.0,1215.0,2794.0,2016-04-29,,,,,,,349.0,24.0,12315.0,24.0,,,2794.7572779655434,24.0,12315.0,8.552083333333334,1440.0,349.0,0.2423611111111111,1440.0,22953.0,15.939583333333333,1440.0,2794.757277965541,1.940803665253848,1440.0,,,,,12315.0,2793.0,24.0
8053475328,7135.0,5.59000015258789,5.59000015258789,0.0,2.99000000953674,0.0599999986588955,2.53999996185303,0.0,27.0,1.0,131.0,1281.0,2408.0,2016-04-30,,,,,,,214.0,24.0,7135.0,24.0,,,2408.8998329639417,24.0,7135.0,4.954861111111111,1440.0,214.0,0.1486111111111111,1440.0,19784.0,13.738888888888889,1440.0,2408.899832963939,1.6728471062249577,1440.0,,,,,7135.0,2408.0,24.0
8053475328,1170.0,0.850000023841858,0.850000023841858,0.0,0.0,0.0,0.850000023841858,0.0,0.0,0.0,51.0,1389.0,1886.0,2016-05-01,,,,,,,51.0,24.0,1170.0,24.0,,,1886.0623871088005,24.0,1170.0,0.8125,1440.0,51.0,0.035416666666666666,1440.0,15490.0,10.756944444444445,1440.0,1886.0623871087978,1.3097655466033318,1440.0,,,,,1170.0,1885.0,24.0
8053475328,1969.0,1.42999994754791,1.42999994754791,0.0,0.0,0.0,1.42999994754791,0.0,0.0,0.0,95.0,1345.0,1988.0,2016-05-02,,,,,,,95.0,24.0,1969.0,24.0,,,1988.3315775394422,24.0,1969.0,1.367361111111111,1440.0,95.0,0.06597222222222222,1440.0,16377.0,11.372916666666667,1440.0,1988.3315775394406,1.3807858177357226,1440.0,,,,,1969.0,1992.0,24.0
8053475328,15484.0,11.8999996185303,11.8999996185303,0.0,8.39000034332275,0.930000007152557,2.58999991416931,0.0,87.0,22.0,165.0,1166.0,3023.0,2016-05-03,,,,,,,470.0,24.0,15484.0,24.0,,,3023.4732517003995,24.0,15484.0,10.752777777777778,1440.0,470.0,0.3263888888888889,1440.0,24903.0,17.29375,1440.0,3023.473251700398,2.099634202569721,1440.0,,,,,15484.0,3022.0,24.0
8053475328,14581.0,11.1499996185303,11.1499996185303,0.0,8.81999969482422,0.400000005960464,1.9099999666214,0.0,89.0,8.0,123.0,1220.0,2918.0,2016-05-04,,,,,,,406.0,24.0,14563.0,24.0,,,2916.7538523673993,24.0,14563.0,10.113194444444444,1440.0,406.0,0.28194444444444444,1440.0,24024.0,16.683333333333334,1440.0,2916.7538523673975,2.0255235085884706,1440.0,,,,,14563.0,2916.0,24.0
8053475328,14990.0,11.5100002288818,11.5100002288818,0.0,8.85000038146973,0.449999988079071,2.21000003814697,0.0,93.0,9.0,130.0,1208.0,2950.0,2016-05-05,,,,,,,427.0,24.0,14990.0,24.0,,,2950.1416046619397,24.0,14990.0,10.409722222222221,1440.0,427.0,0.2965277777777778,1440.0,24299.0,16.874305555555555,1440.0,2950.1416046619383,2.0487094476819014,1440.0,,,,,14990.0,2954.0,24.0
8053475328,13953.0,11.0,11.0,0.0,9.10000038146973,0.689999997615814,1.21000003814697,0.0,90.0,15.0,90.0,1245.0,2859.0,2016-05-06,,,,,,,390.0,24.0,13953.0,24.0,,,2859.205518126486,24.0,13953.0,9.689583333333333,1440.0,390.0,0.2708333333333333,1440.0,23550.0,16.354166666666668,1440.0,2859.2055181264845,1.9855593875878366,1440.0,,,,,13953.0,2864.0,24.0
8053475328,19769.0,15.6700000762939,15.6700000762939,0.0,12.4399995803833,0.879999995231628,2.34999990463257,0.0,121.0,20.0,148.0,1076.0,3331.0,2016-05-07,74.0,75.0,1.0,,,,551.0,24.0,19769.0,24.0,75.0,1.0,3331.369003295896,24.0,19769.0,13.728472222222223,1440.0,551.0,0.38263888888888886,1440.0,27439.0,19.054861111111112,1440.0,3331.369003295895,2.3134506967332604,1440.0,,,,,19769.0,3332.0,24.0
8053475328,22026.0,17.6499996185303,17.6499996185303,0.0,13.3999996185303,0.589999973773956,3.66000008583069,0.0,125.0,14.0,228.0,1073.0,3589.0,2016-05-08,,,,,,,631.0,24.0,22026.0,24.0,,,3589.4866735935198,24.0,22026.0,15.295833333333333,1440.0,631.0,0.43819444444444444,1440.0,29565.0,20.53125,1440.0,3589.486673593518,2.4926990788843875,1440.0,,,,,22026.0,3591.0,24.0
8053475328,12465.0,9.38000011444092,9.38000011444092,0.0,6.11999988555908,0.569999992847443,2.69000005722046,0.0,66.0,12.0,148.0,1214.0,2765.0,2016-05-09,,,,,,,370.0,24.0,12465.0,24.0,,,2765.2341784238797,24.0,12465.0,8.65625,1440.0,370.0,0.2569444444444444,1440.0,22776.0,15.816666666666666,1440.0,2765.2341784238783,1.92030151279436,1440.0,,,,,12465.0,2767.0,24.0
8053475328,14810.0,11.3599996566772,11.3599996566772,0.0,9.09000015258789,0.419999986886978,1.85000002384186,0.0,96.0,10.0,115.0,1219.0,2926.0,2016-05-10,,,,,,,423.0,24.0,14810.0,24.0,,,2926.102423548697,24.0,14810.0,10.284722222222221,1440.0,423.0,0.29375,1440.0,24101.0,16.736805555555556,1440.0,2926.1024235486952,2.032015571908816,1440.0,,,,,14810.0,2928.0,24.0
8053475328,12209.0,9.39999961853027,9.39999961853027,0.0,6.07999992370605,0.280000001192093,3.03999996185303,0.0,60.0,7.0,184.0,1189.0,2809.0,2016-05-11,,,,,,,378.0,24.0,12209.0,24.0,,,2808.9417777061444,24.0,12209.0,8.478472222222223,1440.0,378.0,0.2625,1440.0,23136.0,16.066666666666666,1440.0,2808.941777706143,1.9506540122959326,1440.0,,,,,12209.0,2811.0,24.0
8053475328,4998.0,3.91000008583069,3.91000008583069,0.0,2.95000004768372,0.200000002980232,0.759999990463257,0.0,28.0,4.0,39.0,839.0,1505.0,2016-05-12,,,,,,,418.0,24.0,15137.0,24.0,,,2992.0280500650388,24.0,4895.0,5.438888888888889,900.0,130.0,0.14444444444444443,900.0,12233.0,13.592222222222222,900.0,1485.2085337638835,1.6502317041820926,900.0,,,,,4895.0,1487.0,15.0
8053475328,,,,,,,,,,,,,,2016-05-13,,,,,,,8.0,8.0,159.0,8.0,,,609.842432379722,8.0,,,,,,,,,,,,,,,,,,,
8253242879,9033.0,7.15999984741211,7.15999984741211,0.0,5.42999982833862,0.140000000596046,1.5900000333786,0.0,40.0,2.0,154.0,1244.0,2044.0,2016-04-12,,,,,,,,,,,,,,,9033.0,6.272916666666666,1440.0,278.0,0.19305555555555556,1440.0,20620.0,14.319444444444445,1440.0,2044.2668011188514,1.4196297229992023,1440.0,,,,,9033.0,2039.0,24.0
8253242879,8053.0,6.09999990463257,6.09999990463257,0.0,4.17000007629395,0.629999995231628,1.30999994277954,0.0,35.0,11.0,96.0,1298.0,1935.0,2016-04-13,,,,,,,223.0,24.0,8053.0,24.0,,,1935.1136665344243,24.0,8053.0,5.592361111111111,1440.0,223.0,0.15486111111111112,1440.0,19519.0,13.55486111111111,1440.0,1935.1136665344245,1.3438289350933503,1440.0,,,,,8053.0,1930.0,24.0
8253242879,5234.0,3.46000003814697,3.46000003814697,0.0,1.92999994754791,0.990000009536743,0.540000021457672,0.0,29.0,16.0,33.0,1362.0,1705.0,2016-04-14,,,,,,,152.0,24.0,5234.0,24.0,,,1705.6045646667483,24.0,5234.0,3.6347222222222224,1440.0,152.0,0.10555555555555556,1440.0,17204.0,11.947222222222223,1440.0,1705.6045646667487,1.184447614351909,1440.0,,,,,5234.0,1695.0,24.0
8253242879,2672.0,1.76999998092651,1.76999998092651,0.0,0.0,0.0,1.75999999046326,0.0,0.0,0.0,105.0,1335.0,1632.0,2016-04-15,,,,,,,105.0,24.0,2672.0,24.0,,,1632.0426852703097,24.0,2672.0,1.8555555555555556,1440.0,105.0,0.07291666666666667,1440.0,16462.0,11.431944444444444,1440.0,1632.0426852703101,1.1333629758821597,1440.0,,,,,2672.0,1626.0,24.0
8253242879,9256.0,6.1399998664856,6.1399998664856,0.0,0.430000007152557,3.26999998092651,2.45000004768372,0.0,6.0,51.0,115.0,1268.0,1880.0,2016-04-16,,,,,,,235.0,24.0,9256.0,24.0,,,1880.9832231998446,24.0,9256.0,6.427777777777778,1440.0,235.0,0.16319444444444445,1440.0,18973.0,13.175694444444444,1440.0,1880.983223199845,1.3062383494443368,1440.0,,,,,9256.0,1876.0,24.0
8253242879,10204.0,7.90999984741211,7.90999984741211,0.0,5.42999982833862,0.150000005960464,2.32999992370605,0.0,41.0,5.0,157.0,1237.0,2112.0,2016-04-17,,,,,,,290.0,24.0,10204.0,24.0,,,2112.078562259674,24.0,10204.0,7.086111111111111,1440.0,290.0,0.2013888888888889,1440.0,21304.0,14.794444444444444,1440.0,2112.0785622596745,1.4667212237914407,1440.0,,,,,10204.0,2108.0,24.0
8253242879,5151.0,3.48000001907349,3.48000001907349,0.0,1.03999996185303,0.629999995231628,1.79999995231628,0.0,16.0,16.0,130.0,1278.0,1829.0,2016-04-18,,,,,,,210.0,24.0,5151.0,24.0,,,1829.0338659286501,24.0,5151.0,3.5770833333333334,1440.0,210.0,0.14583333333333334,1440.0,18449.0,12.811805555555555,1440.0,1829.0338659286504,1.270162406894896,1440.0,,,,,5151.0,1824.0,24.0
8253242879,4212.0,2.77999997138977,2.77999997138977,0.0,0.0,0.0,2.77999997138977,0.0,0.0,0.0,164.0,1276.0,1763.0,2016-04-19,,,,,,,164.0,24.0,4212.0,24.0,,,1763.502323150635,24.0,4212.0,2.925,1440.0,164.0,0.11388888888888889,1440.0,17788.0,12.352777777777778,1440.0,1763.5023231506354,1.2246543910768302,1440.0,,,,,4212.0,1760.0,24.0
8253242879,6466.0,4.26999998092651,4.26999998092651,0.0,0.330000013113022,0.819999992847443,3.10999989509583,0.0099999997764825,5.0,18.0,216.0,1201.0,1931.0,2016-04-20,,,,,,,267.0,24.0,6466.0,24.0,,,1931.4454815387728,24.0,6466.0,4.490277777777778,1440.0,267.0,0.18541666666666667,1440.0,19482.0,13.529166666666667,1440.0,1931.4454815387733,1.341281584401926,1440.0,,,,,6466.0,1927.0,24.0
8253242879,11268.0,8.5600004196167,8.5600004196167,0.0,5.88000011444092,0.930000007152557,1.75,0.0,49.0,20.0,172.0,1199.0,2218.0,2016-04-21,,,,,,,359.0,24.0,11268.0,24.0,,,2218.1583600044246,24.0,11268.0,7.825,1440.0,359.0,0.24930555555555556,1440.0,22374.0,15.5375,1440.0,2218.1583600044255,1.5403877500030734,1440.0,,,,,11268.0,2214.0,24.0
8253242879,2824.0,1.87000000476837,1.87000000476837,0.0,0.0,0.0,1.87000000476837,0.0,0.0,0.0,120.0,1320.0,1651.0,2016-04-22,,,,,,,120.0,24.0,2824.0,24.0,,,1651.0775640010836,24.0,2824.0,1.961111111111111,1440.0,120.0,0.08333333333333333,1440.0,16654.0,11.565277777777778,1440.0,1651.077564001084,1.1465816416674195,1440.0,,,,,2824.0,1644.0,24.0
8253242879,9282.0,6.26000022888184,6.26000022888184,0.0,2.08999991416931,1.03999996185303,3.13000011444092,0.0,30.0,26.0,191.0,1193.0,2132.0,2016-04-23,,,,,,,333.0,24.0,9282.0,24.0,,,2132.6005439758305,24.0,9282.0,6.445833333333334,1440.0,333.0,0.23125,1440.0,21511.0,14.938194444444445,1440.0,2132.600543975831,1.480972599983216,1440.0,,,,,9282.0,2129.0,24.0
8253242879,8905.0,7.13000011444092,7.13000011444092,0.0,5.59999990463257,0.189999997615814,1.3400000333786,0.0,41.0,4.0,82.0,1313.0,1976.0,2016-04-24,,,,,,,213.0,24.0,8905.0,24.0,,,1976.2567665576937,24.0,8905.0,6.184027777777778,1440.0,213.0,0.14791666666666667,1440.0,19934.0,13.843055555555555,1440.0,1976.2567665576942,1.372400532331732,1440.0,,,,,8905.0,1972.0,24.0
8253242879,6829.0,4.51000022888184,4.51000022888184,0.0,0.360000014305115,2.39000010490417,1.76999998092651,0.0,7.0,54.0,118.0,1261.0,1909.0,2016-04-25,,,,,,,247.0,24.0,6829.0,24.0,,,1909.0398423671725,24.0,6829.0,4.742361111111111,1440.0,247.0,0.17152777777777778,1440.0,19256.0,13.372222222222222,1440.0,1909.039842367173,1.3257221127549812,1440.0,,,,,6829.0,1903.0,24.0
8253242879,4562.0,3.03999996185303,3.03999996185303,0.0,1.17999994754791,0.490000009536743,1.37000000476837,0.0,19.0,14.0,108.0,1299.0,1813.0,2016-04-26,,,,,,,193.0,24.0,4562.0,24.0,,,1813.3697447776797,24.0,4562.0,3.1680555555555556,1440.0,193.0,0.13402777777777777,1440.0,18291.0,12.702083333333333,1440.0,1813.3697447776801,1.2592845449845,1440.0,,,,,4562.0,1809.0,24.0
8253242879,10232.0,8.18000030517578,8.18000030517578,0.0,6.23999977111816,0.230000004172325,1.70000004768372,0.0,45.0,5.0,104.0,1286.0,2008.0,2016-04-27,,,,,,,249.0,24.0,10232.0,24.0,,,2008.2789802551272,24.0,10232.0,7.105555555555555,1440.0,249.0,0.17291666666666666,1440.0,20257.0,14.067361111111111,1440.0,2008.2789802551276,1.3946381807327275,1440.0,,,,,10232.0,2005.0,24.0
8253242879,2718.0,1.79999995231628,1.79999995231628,0.0,0.670000016689301,0.779999971389771,0.340000003576279,0.0,11.0,16.0,20.0,1393.0,1580.0,2016-04-28,,,,,,,85.0,24.0,2718.0,24.0,,,1580.291604280472,24.0,2718.0,1.8875,1440.0,85.0,0.059027777777777776,1440.0,15940.0,11.069444444444445,1440.0,1580.2916042804725,1.0974247251947726,1440.0,,,,,2718.0,1570.0,24.0
8253242879,6260.0,4.26000022888184,4.26000022888184,0.0,1.28999996185303,0.540000021457672,2.40000009536743,0.0,16.0,14.0,136.0,1257.0,1854.0,2016-04-29,,,,,,,202.0,23.0,5937.0,23.0,,,1786.9985039234164,23.0,5937.0,4.302173913043478,1380.0,202.0,0.1463768115942029,1380.0,18025.0,13.06159420289855,1380.0,1786.9985039234168,1.294926452118418,1380.0,,,,,5937.0,1781.0,23.0
8253242879,0.0,0.0,0.0,0.0,0.0,0.0,0.0,0.0,0.0,0.0,0.0,1440.0,0.0,2016-04-30,,,,,,,,,,,,,,,,,,,,,,,,,,,,,,,,,
8378563200,,,,,,,,,,,,,,2016-04-11,,,,,,,,,,,101.0,1.0,,,,,,,,,,,,,,,,,,,,,
8378563200,7626.0,6.05000019073486,6.05000019073486,2.25308108329773,0.829999983310699,0.709999978542328,4.5,0.0,65.0,15.0,156.0,723.0,3635.0,2016-04-12,338.0,356.0,1.0,,,,,,,,481.0,2.0,,,7626.0,5.295833333333333,1440.0,381.0,0.26458333333333334,1440.0,24210.0,16.8125,1440.0,3635.4700870513902,2.524632004896799,1440.0,,,,,7626.0,3636.0,24.0
8378563200,12386.0,9.81999969482422,9.81999969482422,2.0921471118927,4.96000003814697,0.649999976158142,4.21000003814697,0.0,116.0,14.0,169.0,680.0,4079.0,2016-04-13,447.0,487.0,2.0,,,,545.0,24.0,12386.0,24.0,461.0,3.0,4079.613786101339,24.0,12386.0,8.60138888888889,1440.0,545.0,0.3784722222222222,1440.0,27168.0,18.866666666666667,1440.0,4079.6137861013394,2.8330651292370415,1440.0,,,,,12386.0,4080.0,24.0
8378563200,13318.0,10.5600004196167,10.5600004196167,2.25308108329773,5.61999988555908,1.02999997138977,3.91000008583069,0.0,123.0,21.0,174.0,699.0,4163.0,2016-04-14,424.0,455.0,1.0,,,,585.0,24.0,13318.0,24.0,423.0,2.0,4163.39748883247,24.0,13318.0,9.248611111111112,1440.0,585.0,0.40625,1440.0,27726.0,19.254166666666666,1440.0,4163.397488832471,2.8912482561336605,1440.0,,,,,13318.0,4164.0,24.0
8378563200,14461.0,11.4700002670288,11.4700002670288,0.0,4.90999984741211,1.14999997615814,5.40999984741211,0.0,60.0,23.0,190.0,729.0,3666.0,2016-04-15,513.0,533.0,1.0,,,,416.0,24.0,14461.0,24.0,438.0,2.0,3655.8522144556046,24.0,14461.0,10.042361111111111,1440.0,416.0,0.28888888888888886,1440.0,24348.0,16.908333333333335,1440.0,3655.8522144556055,2.538786260038615,1440.0,,,,,14461.0,3655.0,24.0
8378563200,11207.0,8.89000034332275,8.89000034332275,0.0,5.36999988555908,1.07000005245209,2.44000005722046,0.0,64.0,21.0,142.0,563.0,3363.0,2016-04-16,611.0,689.0,2.0,,,,376.0,24.0,11196.0,24.0,650.0,3.0,3363.0597089529037,24.0,11196.0,7.775,1440.0,376.0,0.2611111111111111,1440.0,22398.0,15.554166666666667,1440.0,3363.059708952905,2.3354581312172953,1440.0,,,,,11196.0,3362.0,24.0
8378563200,2132.0,1.69000005722046,1.69000005722046,0.0,0.0,0.0,1.69000005722046,0.0,0.0,0.0,93.0,599.0,2572.0,2016-04-17,525.0,591.0,2.0,,,,93.0,24.0,2132.0,24.0,748.0,3.0,2572.0695079565057,24.0,2132.0,1.4805555555555556,1440.0,93.0,0.06458333333333334,1440.0,17130.0,11.895833333333334,1440.0,2572.0695079565066,1.7861593805253517,1440.0,,,,,2132.0,2571.0,24.0
8378563200,13630.0,10.8100004196167,10.8100004196167,2.0921471118927,5.05000019073486,0.560000002384186,5.19999980926514,0.0,117.0,10.0,174.0,720.0,4157.0,2016-04-18,398.0,451.0,1.0,,,,545.0,24.0,13630.0,24.0,419.0,2.0,4157.992094159124,24.0,13630.0,9.465277777777779,1440.0,545.0,0.3784722222222222,1440.0,27690.0,19.229166666666668,1440.0,4157.9920941591245,2.887494509832725,1440.0,,,,,13630.0,4159.0,24.0
8378563200,13070.0,10.3599996566772,10.3599996566772,2.25308108329773,5.30000019073486,0.879999995231628,4.17999982833862,0.0,120.0,19.0,154.0,737.0,4092.0,2016-04-19,387.0,421.0,1.0,,,,552.0,24.0,13070.0,24.0,410.0,2.0,4092.2263972759224,24.0,13070.0,9.07638888888889,1440.0,552.0,0.38333333333333336,1440.0,27252.0,18.925,1440.0,4092.226397275923,2.841823886997169,1440.0,,,,,13070.0,4091.0,24.0
8378563200,9388.0,7.44000005722046,7.44000005722046,2.0921471118927,2.23000001907349,0.439999997615814,4.78000020980835,0.0,82.0,8.0,169.0,763.0,3787.0,2016-04-20,381.0,409.0,1.0,,,,431.0,24.0,9388.0,24.0,418.0,2.0,3787.121586561201,24.0,9388.0,6.519444444444445,1440.0,431.0,0.29930555555555555,1440.0,25220.0,17.51388888888889,1440.0,3787.1215865612016,2.6299455462230568,1440.0,,,,,9388.0,3787.0,24.0
8378563200,15148.0,12.0100002288818,12.0100002288818,2.25308108329773,6.90000009536743,0.819999992847443,4.28999996185303,0.0,137.0,16.0,145.0,677.0,4236.0,2016-04-21,396.0,417.0,1.0,,,,588.0,24.0,15148.0,24.0,465.0,2.0,4236.070090174671,24.0,15148.0,10.519444444444444,1440.0,588.0,0.4083333333333333,1440.0,28210.0,19.59027777777778,1440.0,4236.070090174672,2.941715340399078,1440.0,,,,,15148.0,4238.0,24.0
8378563200,12200.0,9.67000007629395,9.67000007629395,2.0921471118927,4.90999984741211,0.589999973773956,4.17999982833862,0.0,113.0,12.0,159.0,769.0,4044.0,2016-04-22,441.0,469.0,1.0,,,,522.0,24.0,12200.0,24.0,387.0,2.0,4044.7789832353556,24.0,12200.0,8.472222222222221,1440.0,522.0,0.3625,1440.0,26936.0,18.705555555555556,1440.0,4044.7789832353565,2.808874293913442,1440.0,,,,,12200.0,4046.0,24.0
8378563200,5709.0,4.53000020980835,4.53000020980835,0.0,1.51999998092651,0.519999980926514,2.48000001907349,0.0,19.0,10.0,136.0,740.0,2908.0,2016-04-23,565.0,591.0,1.0,,,,213.0,24.0,5709.0,24.0,535.0,2.0,2908.7058079242715,24.0,5709.0,3.964583333333333,1440.0,213.0,0.14791666666666667,1440.0,19372.0,13.452777777777778,1440.0,2908.7058079242724,2.0199345888363003,1440.0,,,,,5709.0,2910.0,24.0
8378563200,3703.0,2.94000005722046,2.94000005722046,0.0,0.0,0.0,2.94000005722046,0.0,0.0,0.0,135.0,734.0,2741.0,2016-04-24,458.0,492.0,1.0,,,,135.0,24.0,3703.0,24.0,571.0,2.0,2741.438706755639,24.0,3703.0,2.571527777777778,1440.0,135.0,0.09375,1440.0,18258.0,12.679166666666667,1440.0,2741.43870675564,1.9037768796914167,1440.0,,,,,3703.0,2743.0,24.0
8378563200,12405.0,9.84000015258789,9.84000015258789,2.0921471118927,5.05000019073486,0.870000004768372,3.92000007629395,0.0,117.0,16.0,141.0,692.0,4005.0,2016-04-25,388.0,402.0,1.0,,,,524.0,24.0,12405.0,24.0,473.0,2.0,4005.4396892786003,24.0,12405.0,8.614583333333334,1440.0,524.0,0.3638888888888889,1440.0,26674.0,18.523611111111112,1440.0,4005.4396892786012,2.7815553397768062,1440.0,,,,,12405.0,4009.0,24.0
8378563200,16208.0,12.8500003814697,12.8500003814697,0.0,7.51000022888184,0.920000016689301,4.42000007629395,0.0,90.0,18.0,161.0,593.0,3763.0,2016-04-26,550.0,584.0,1.0,,,,467.0,24.0,16208.0,24.0,578.0,2.0,3763.359616041182,24.0,16208.0,11.255555555555556,1440.0,467.0,0.32430555555555557,1440.0,25064.0,17.405555555555555,1440.0,3763.359616041183,2.613444177806377,1440.0,,,,,16208.0,3765.0,24.0
8378563200,7359.0,5.84000015258789,5.84000015258789,0.0,0.330000013113022,0.180000007152557,5.32999992370605,0.0,4.0,4.0,192.0,676.0,3061.0,2016-04-27,531.0,600.0,1.0,,,,212.0,24.0,7359.0,24.0,564.0,2.0,3061.558504700661,24.0,7359.0,5.110416666666667,1440.0,212.0,0.14722222222222223,1440.0,20390.0,14.159722222222221,1440.0,3061.558504700662,2.1260822949310154,1440.0,,,,,7359.0,3061.0,24.0
8378563200,5417.0,4.30000019073486,4.30000019073486,0.0,0.899999976158142,0.490000009536743,2.91000008583069,0.0,11.0,10.0,139.0,711.0,2884.0,2016-04-28,506.0,556.0,1.0,,,,192.0,24.0,5417.0,24.0,569.0,2.0,2884.9821081161504,24.0,5417.0,3.7618055555555556,1440.0,192.0,0.13333333333333333,1440.0,19214.0,13.343055555555555,1440.0,2884.9821081161517,2.003459797302883,1440.0,,,,,5417.0,2884.0,24.0
8378563200,6175.0,4.90000009536743,4.90000009536743,0.0,0.25,0.360000014305115,4.26999998092651,0.0,3.0,7.0,172.0,767.0,2982.0,2016-04-29,527.0,562.0,1.0,,,,195.0,24.0,6147.0,24.0,491.0,2.0,2982.8799071311955,24.0,6147.0,4.26875,1440.0,195.0,0.13541666666666666,1440.0,19866.0,13.795833333333333,1440.0,2982.8799071311964,2.0714443799522195,1440.0,,,,,6147.0,2982.0,24.0
8378563200,2946.0,2.33999991416931,2.33999991416931,0.0,0.0,0.0,2.33999991416931,0.0,0.0,0.0,121.0,780.0,2660.0,2016-04-30,468.0,555.0,1.0,,,,121.0,24.0,2946.0,24.0,539.0,2.0,2660.357706308366,24.0,2946.0,2.0458333333333334,1440.0,121.0,0.08402777777777778,1440.0,17718.0,12.304166666666667,1440.0,2660.3577063083667,1.8474706293808103,1440.0,,,,,2946.0,2660.0,24.0
8378563200,11419.0,9.0600004196167,9.0600004196167,0.0,6.03000020980835,0.560000002384186,2.47000002861023,0.0,71.0,10.0,127.0,669.0,3369.0,2016-05-01,475.0,539.0,1.0,,,,360.0,24.0,11419.0,24.0,562.0,2.0,3369.966604709625,24.0,11419.0,7.929861111111111,1440.0,360.0,0.25,1440.0,22444.0,15.58611111111111,1440.0,3369.966604709626,2.340254586603907,1440.0,,,,,11419.0,3370.0,24.0
8378563200,6064.0,4.80999994277954,4.80999994277954,2.0921471118927,0.629999995231628,0.170000001788139,4.01000022888184,0.0,63.0,4.0,142.0,802.0,3491.0,2016-05-02,351.0,385.0,1.0,,,,339.0,24.0,6064.0,24.0,429.0,2.0,3491.3260905742627,24.0,6064.0,4.211111111111111,1440.0,339.0,0.23541666666666666,1440.0,23250.0,16.145833333333332,1440.0,3491.3260905742636,2.4245320073432386,1440.0,,,,,6064.0,3491.0,24.0
8378563200,8712.0,6.90999984741211,6.90999984741211,2.25308108329773,1.3400000333786,1.05999994277954,4.5,0.0,71.0,20.0,195.0,822.0,3784.0,2016-05-03,405.0,429.0,1.0,,,,448.0,24.0,8712.0,24.0,332.0,2.0,3784.7191860675794,24.0,8712.0,6.05,1440.0,448.0,0.3111111111111111,1440.0,25204.0,17.502777777777776,1440.0,3784.71918606758,2.6282772125469305,1440.0,,,,,8712.0,3786.0,24.0
8378563200,7875.0,6.23999977111816,6.23999977111816,0.0,1.55999994277954,0.490000009536743,4.19999980926514,0.0,19.0,10.0,167.0,680.0,3110.0,2016-05-04,441.0,477.0,1.0,,,,244.0,24.0,7875.0,24.0,564.0,2.0,3109.906805634499,24.0,7875.0,5.46875,1440.0,244.0,0.16944444444444445,1440.0,20712.0,14.383333333333333,1440.0,3109.9068056345,2.159657503912847,1440.0,,,,,7875.0,3109.0,24.0
8378563200,8567.0,6.78999996185303,6.78999996185303,2.25308108329773,0.889999985694885,0.159999996423721,5.73999977111816,0.0,66.0,3.0,214.0,764.0,3783.0,2016-05-05,381.0,417.0,1.0,,,,418.0,24.0,8567.0,24.0,393.0,2.0,3783.818287253378,24.0,8567.0,5.949305555555555,1440.0,418.0,0.2902777777777778,1440.0,25198.0,17.49861111111111,1440.0,3783.818287253379,2.627651588370402,1440.0,,,,,8567.0,3785.0,24.0
8378563200,7045.0,5.59000015258789,5.59000015258789,2.0921471118927,1.54999995231628,0.25,3.77999997138977,0.0,74.0,5.0,166.0,831.0,3644.0,2016-05-06,323.0,355.0,1.0,,,,398.0,24.0,7045.0,24.0,364.0,2.0,3644.7793874740582,24.0,7045.0,4.892361111111111,1440.0,398.0,0.2763888888888889,1440.0,24272.0,16.855555555555554,1440.0,3644.7793874740587,2.531096796856985,1440.0,,,,,7045.0,3645.0,24.0
8378563200,4468.0,3.53999996185303,3.53999996185303,0.0,0.0,0.0,3.53999996185303,0.0,0.0,0.0,158.0,851.0,2799.0,2016-05-07,459.0,513.0,2.0,,,,158.0,24.0,4468.0,24.0,431.0,3.0,2799.3966064453134,24.0,4468.0,3.102777777777778,1440.0,158.0,0.10972222222222222,1440.0,18644.0,12.947222222222223,1440.0,2799.3966064453143,1.9440254211425794,1440.0,,,,,4468.0,2800.0,24.0
8378563200,2943.0,2.32999992370605,2.32999992370605,0.0,0.0,0.0,2.32999992370605,0.0,0.0,0.0,139.0,621.0,2685.0,2016-05-08,545.0,606.0,1.0,,,,139.0,24.0,2943.0,24.0,680.0,2.0,2685.8832068443307,24.0,2943.0,2.04375,1440.0,139.0,0.09652777777777778,1440.0,17888.0,12.422222222222222,1440.0,2685.883206844332,1.865196671419675,1440.0,,,,,2943.0,2684.0,24.0
8378563200,8382.0,6.65000009536743,6.65000009536743,2.0921471118927,1.26999998092651,0.660000026226044,4.71999979019165,0.0,71.0,13.0,171.0,772.0,3721.0,2016-05-09,359.0,399.0,1.0,,,,410.0,24.0,8382.0,24.0,412.0,2.0,3721.656184434889,24.0,8382.0,5.820833333333334,1440.0,410.0,0.2847222222222222,1440.0,24784.0,17.211111111111112,1440.0,3721.6561844348894,2.5844834614131176,1440.0,,,,,8382.0,3721.0,24.0
8378563200,6582.0,5.21999979019165,5.21999979019165,2.25308108329773,0.660000026226044,0.639999985694885,3.92000007629395,0.0,63.0,13.0,152.0,840.0,3586.0,2016-05-10,342.0,391.0,1.0,,,,367.0,24.0,6582.0,24.0,371.0,2.0,3586.521189570425,24.0,6582.0,4.570833333333334,1440.0,367.0,0.2548611111111111,1440.0,23884.0,16.586111111111112,1440.0,3586.5211895704256,2.490639714979462,1440.0,,,,,6582.0,3588.0,24.0
8378563200,9143.0,7.25,7.25,2.0921471118927,1.38999998569489,0.589999973773956,5.26999998092651,0.0,72.0,10.0,184.0,763.0,3788.0,2016-05-11,368.0,387.0,1.0,,,,420.0,24.0,9143.0,24.0,410.0,2.0,3788.32278716564,24.0,9143.0,6.3493055555555555,1440.0,420.0,0.2916666666666667,1440.0,25228.0,17.519444444444446,1440.0,3788.3227871656404,2.6307797133094724,1440.0,,,,,9143.0,3788.0,24.0
8378563200,4561.0,3.61999988555908,3.61999988555908,0.0,0.649999976158142,0.270000010728836,2.69000005722046,0.0,8.0,6.0,102.0,433.0,1976.0,2016-05-12,496.0,546.0,1.0,,,,186.0,24.0,6291.0,24.0,395.0,1.0,2946.8439075946812,24.0,3574.0,4.582051282051282,780.0,113.0,0.14487179487179488,780.0,10704.0,13.723076923076922,780.0,1607.2056041955957,2.0605200053789687,780.0,,,,,4056.0,1857.0,15.0
8378563200,,,,,,,,,,,,,,2016-05-13,,,,,,,183.0,7.0,487.0,7.0,,,1278.7156858444196,7.0,,,,,,,,,,,,,,,,,,,
8583815059,5014.0,3.91000008583069,3.91000008583069,0.0,0.0,0.330000013113022,3.57999992370605,0.0,0.0,7.0,196.0,1237.0,2650.0,2016-04-12,,,,,,,,,,,,,,,5014.0,3.4819444444444443,1440.0,210.0,0.14583333333333334,1440.0,18896.0,13.122222222222222,1440.0,2650.1640347242333,1.8403916907807176,1440.0,,,,,5014.0,2650.0,24.0
8583815059,5571.0,4.34999990463257,4.34999990463257,0.0,0.150000005960464,0.970000028610229,3.23000001907349,0.0,2.0,23.0,163.0,1252.0,2654.0,2016-04-13,,,,,,,215.0,24.0,5571.0,24.0,,,2654.231284379958,24.0,5571.0,3.86875,1440.0,215.0,0.14930555555555555,1440.0,18925.0,13.14236111111111,1440.0,2654.231284379957,1.8432161697083034,1440.0,,,,,5571.0,2653.0,24.0
8583815059,3135.0,2.45000004768372,2.45000004768372,0.0,0.0,0.0,2.4300000667572,0.0,0.0,0.0,134.0,1306.0,2443.0,2016-04-14,,,,,,,134.0,24.0,3118.0,24.0,,,2442.4537861347185,24.0,3118.0,2.165277777777778,1440.0,134.0,0.09305555555555556,1440.0,17415.0,12.09375,1440.0,2442.4537861347176,1.696148462593554,1440.0,,,,,3118.0,2442.0,24.0
8583815059,3430.0,2.6800000667572,2.6800000667572,0.0,0.0,0.0,0.899999976158142,0.0,0.0,0.0,65.0,1375.0,2505.0,2016-04-15,,,,,,,65.0,24.0,1158.0,24.0,,,2207.815542101859,24.0,1158.0,0.8041666666666667,1440.0,65.0,0.04513888888888889,1440.0,15742.0,10.931944444444444,1440.0,2207.8155421018582,1.5332052375707348,1440.0,,,,,1158.0,2207.0,24.0
8583815059,5319.0,4.15000009536743,4.15000009536743,0.0,0.0,0.0,0.0,0.0,0.0,0.0,0.0,1440.0,2693.0,2016-04-16,,,,,,,0.0,24.0,0.0,24.0,,,2019.6000480651849,24.0,0.0,0.0,1440.0,0.0,0.0,1440.0,14400.0,10.0,1440.0,2019.600048065184,1.4025000333786,1440.0,,,,,0.0,2016.0,24.0
8583815059,3008.0,2.34999990463257,2.34999990463257,0.0,0.0,0.0,0.0,0.0,0.0,0.0,0.0,1440.0,2439.0,2016-04-17,,,,,,,0.0,24.0,0.0,24.0,,,2019.6000480651849,24.0,0.0,0.0,1440.0,0.0,0.0,1440.0,14400.0,10.0,1440.0,2019.600048065184,1.4025000333786,1440.0,,,,,0.0,2016.0,24.0
8583815059,3864.0,3.00999999046326,3.00999999046326,0.0,0.310000002384186,1.05999994277954,1.35000002384186,0.0,4.0,22.0,105.0,1309.0,2536.0,2016-04-18,,,,,,,161.0,24.0,3481.0,24.0,,,2498.694029688833,24.0,3481.0,2.417361111111111,1440.0,161.0,0.11180555555555556,1440.0,17816.0,12.372222222222222,1440.0,2498.694029688832,1.735204187283911,1440.0,,,,,3481.0,2496.0,24.0
8583815059,5697.0,4.44000005722046,4.44000005722046,0.0,0.529999971389771,0.479999989271164,3.44000005722046,0.0,7.0,10.0,166.0,1257.0,2668.0,2016-04-19,,,,,,,207.0,24.0,5697.0,24.0,,,2668.8172823190675,24.0,5697.0,3.95625,1440.0,207.0,0.14375,1440.0,19029.0,13.214583333333334,1440.0,2668.8172823190666,1.8533453349437963,1440.0,,,,,5697.0,2668.0,24.0
8583815059,5273.0,4.1100001335144,4.1100001335144,0.0,0.0,1.03999996185303,3.0699999332428,0.0,0.0,27.0,167.0,1246.0,2647.0,2016-04-20,,,,,,,221.0,24.0,5273.0,24.0,,,2647.639531850814,24.0,5273.0,3.6618055555555555,1440.0,221.0,0.15347222222222223,1440.0,18878.0,13.109722222222222,1440.0,2647.6395318508125,1.8386385637852865,1440.0,,,,,5273.0,2647.0,24.0
8583815059,8538.0,6.65999984741211,6.65999984741211,0.0,2.63000011444092,1.01999998092651,3.00999999046326,0.0,35.0,18.0,158.0,1229.0,2883.0,2016-04-21,,,,,,,299.0,24.0,8538.0,24.0,,,2883.119280695914,24.0,8538.0,5.929166666666666,1440.0,299.0,0.2076388888888889,1440.0,20557.0,14.275694444444444,1440.0,2883.119280695913,2.0021661671499396,1440.0,,,,,8538.0,2883.0,24.0
8583815059,8687.0,6.78000020980835,6.78000020980835,0.0,0.28999999165535,2.41000008583069,4.07999992370605,0.0,4.0,54.0,212.0,1170.0,2944.0,2016-04-22,,,,,,,332.0,24.0,8687.0,24.0,,,2944.408533334731,24.0,8687.0,6.032638888888889,1440.0,332.0,0.23055555555555557,1440.0,20994.0,14.579166666666667,1440.0,2944.40853333473,2.044728148149118,1440.0,,,,,8687.0,2944.0,24.0
8583815059,9423.0,7.34999990463257,7.34999990463257,0.0,0.529999971389771,2.02999997138977,4.75,0.0,7.0,44.0,238.0,1151.0,3012.0,2016-04-23,,,,,,,347.0,24.0,9381.0,24.0,,,3011.448033452033,24.0,9381.0,6.514583333333333,1440.0,347.0,0.24097222222222223,1440.0,21472.0,14.911111111111111,1440.0,3011.448033452032,2.091283356563911,1440.0,,,,,9381.0,3011.0,24.0
8583815059,8286.0,6.46000003814697,6.46000003814697,0.0,0.150000005960464,2.04999995231628,4.26999998092651,0.0,2.0,44.0,206.0,1188.0,2889.0,2016-04-24,,,,,,,300.0,24.0,8286.0,24.0,,,2889.4305300712576,24.0,8286.0,5.754166666666666,1440.0,300.0,0.20833333333333334,1440.0,20602.0,14.306944444444444,1440.0,2889.4305300712567,2.0065489792161504,1440.0,,,,,8286.0,2887.0,24.0
8583815059,4503.0,3.50999999046326,3.50999999046326,0.0,1.47000002861023,0.239999994635582,1.80999994277954,0.0,18.0,6.0,122.0,1294.0,2547.0,2016-04-25,,,,,,,188.0,24.0,4503.0,24.0,,,2547.7815368175493,24.0,4503.0,3.127083333333333,1440.0,188.0,0.13055555555555556,1440.0,18166.0,12.615277777777777,1440.0,2547.7815368175484,1.7692927339010753,1440.0,,,,,4503.0,2547.0,24.0
8583815059,10499.0,8.1899995803833,8.1899995803833,0.0,0.0700000002980232,4.21999979019165,3.89000010490417,0.0,1.0,91.0,214.0,1134.0,3093.0,2016-04-26,,,,,,,399.0,24.0,10499.0,24.0,,,3093.7747843265524,24.0,10499.0,7.290972222222222,1440.0,399.0,0.27708333333333335,1440.0,22059.0,15.31875,1440.0,3093.7747843265515,2.148454711337883,1440.0,,,,,10499.0,3092.0,24.0
8583815059,12474.0,9.72999954223633,9.72999954223633,0.0,6.59999990463257,0.270000010728836,2.86999988555908,0.0,77.0,5.0,129.0,1229.0,3142.0,2016-04-27,,,,,,,370.0,24.0,12474.0,24.0,,,3142.722025752066,24.0,12474.0,8.6625,1440.0,370.0,0.2569444444444444,1440.0,22408.0,15.561111111111112,1440.0,3142.7220257520653,2.182445851216712,1440.0,,,,,12474.0,3140.0,24.0
8583815059,6174.0,4.82000017166138,4.82000017166138,0.0,0.0,1.20000004768372,3.60999989509583,0.0,0.0,28.0,203.0,1209.0,2757.0,2016-04-28,,,,,,,259.0,24.0,6174.0,24.0,,,2757.3150333166113,24.0,6174.0,4.2875,1440.0,259.0,0.1798611111111111,1440.0,19660.0,13.652777777777779,1440.0,2757.31503331661,1.914802106469868,1440.0,,,,,6174.0,2756.0,24.0
8583815059,15168.0,11.8299999237061,11.8299999237061,0.0,3.90000009536743,3.0,4.92000007629395,0.0,46.0,67.0,258.0,1069.0,3513.0,2016-04-29,,,,,,,530.0,24.0,15156.0,24.0,,,3509.896529078482,24.0,15156.0,10.525,1440.0,530.0,0.3680555555555556,1440.0,25026.0,17.379166666666666,1440.0,3509.896529078481,2.4374281451933895,1440.0,,,,,15156.0,3508.0,24.0
8583815059,10085.0,7.86999988555908,7.86999988555908,0.0,0.150000005960464,1.27999997138977,6.42999982833862,0.0,2.0,28.0,317.0,1093.0,3164.0,2016-04-30,,,,,,,379.0,24.0,10085.0,24.0,,,3164.601026892661,24.0,10085.0,7.003472222222222,1440.0,379.0,0.26319444444444445,1440.0,22564.0,15.669444444444444,1440.0,3164.60102689266,2.1976396020087914,1440.0,,,,,10085.0,3163.0,24.0
8583815059,4512.0,3.51999998092651,3.51999998092651,0.0,0.779999971389771,0.119999997317791,2.03999996185303,0.0,10.0,2.0,117.0,1311.0,2596.0,2016-05-01,,,,,,,151.0,24.0,3773.0,24.0,,,2462.7900375127783,24.0,3773.0,2.620138888888889,1440.0,151.0,0.10486111111111111,1440.0,17560.0,12.194444444444445,1440.0,2462.7900375127774,1.7102708593838731,1440.0,,,,,3773.0,2463.0,24.0
8583815059,8469.0,6.6100001335144,6.6100001335144,0.0,0.0,0.0,0.0,0.0,0.0,0.0,0.0,1440.0,2894.0,2016-05-02,,,,,,,0.0,24.0,0.0,24.0,,,2019.6000480651849,24.0,0.0,0.0,1440.0,0.0,0.0,1440.0,14400.0,10.0,1440.0,2019.600048065184,1.4025000333786,1440.0,,,,,0.0,2016.0,24.0
8583815059,12015.0,9.36999988555908,9.36999988555908,0.0,0.0,0.0,0.0,0.0,0.0,0.0,0.0,1440.0,3212.0,2016-05-03,,,,,,,0.0,24.0,0.0,24.0,,,2019.6000480651849,24.0,0.0,0.0,1440.0,0.0,0.0,1440.0,14400.0,10.0,1440.0,2019.600048065184,1.4025000333786,1440.0,,,,,0.0,2016.0,24.0
8583815059,3588.0,2.79999995231628,2.79999995231628,0.0,0.0,0.0,0.0,0.0,0.0,0.0,0.0,1440.0,2516.0,2016-05-04,,,,,,,0.0,24.0,0.0,24.0,,,2019.6000480651849,24.0,0.0,0.0,1440.0,0.0,0.0,1440.0,14400.0,10.0,1440.0,2019.600048065184,1.4025000333786,1440.0,,,,,0.0,2016.0,24.0
8583815059,12427.0,9.6899995803833,9.6899995803833,0.0,0.0,0.0,1.17999994754791,0.0,0.0,0.0,70.0,1370.0,3266.0,2016-05-05,,,,,,,70.0,24.0,1507.0,24.0,,,2233.6215426921835,24.0,1507.0,1.0465277777777777,1440.0,70.0,0.04861111111111111,1440.0,15926.0,11.059722222222222,1440.0,2233.6215426921826,1.5511260713140158,1440.0,,,,,1507.0,2230.0,24.0
8583815059,5843.0,4.55999994277954,4.55999994277954,0.0,0.140000000596046,1.19000005722046,3.23000001907349,0.0,2.0,22.0,166.0,1250.0,2683.0,2016-05-06,,,,,,,216.0,24.0,5843.0,24.0,,,2682.5617845058428,24.0,5843.0,4.057638888888889,1440.0,216.0,0.15,1440.0,19127.0,13.282638888888888,1440.0,2682.561784505842,1.8628901281290569,1440.0,,,,,5843.0,2681.0,24.0
8583815059,6117.0,4.76999998092651,4.76999998092651,0.0,0.0,0.0,4.76999998092651,0.0,0.0,0.0,250.0,1190.0,2810.0,2016-05-07,,,,,,,250.0,24.0,6117.0,24.0,,,2810.750275611876,24.0,6117.0,4.247916666666667,1440.0,250.0,0.1736111111111111,1440.0,20041.0,13.917361111111111,1440.0,2810.750275611875,1.9519099136193578,1440.0,,,,,6117.0,2809.0,24.0
8583815059,9217.0,7.19000005722046,7.19000005722046,0.0,0.219999998807907,3.30999994277954,3.66000008583069,0.0,3.0,72.0,182.0,1183.0,2940.0,2016-05-08,,,,,,,335.0,24.0,9217.0,24.0,,,2940.2010332345953,24.0,9217.0,6.4006944444444445,1440.0,335.0,0.2326388888888889,1440.0,20964.0,14.558333333333334,1440.0,2940.2010332345944,2.0418062730795796,1440.0,,,,,9217.0,2939.0,24.0
8583815059,9877.0,7.69999980926514,7.69999980926514,0.0,5.76000022888184,0.170000001788139,1.73000001907349,0.0,66.0,4.0,110.0,1260.0,2947.0,2016-05-09,,,,,,,316.0,24.0,9834.0,24.0,,,2940.0607838630663,24.0,9834.0,6.829166666666667,1440.0,316.0,0.21944444444444444,1440.0,20963.0,14.557638888888889,1440.0,2940.0607838630654,2.041708877682684,1440.0,,,,,9834.0,2938.0,24.0
8583815059,8240.0,6.42999982833862,6.42999982833862,0.0,0.689999997615814,2.00999999046326,3.72000002861023,0.0,9.0,43.0,162.0,1226.0,2846.0,2016-05-10,,,,,,,275.0,24.0,8217.0,24.0,,,2842.3065328598013,24.0,8217.0,5.70625,1440.0,275.0,0.1909722222222222,1440.0,20266.0,14.073611111111111,1440.0,2842.3065328598004,1.9738239811526392,1440.0,,,,,8217.0,2839.0,24.0
8583815059,8701.0,6.78999996185303,6.78999996185303,0.0,0.370000004768372,3.24000000953674,3.17000007629395,0.0,5.0,71.0,177.0,1106.0,2804.0,2016-05-11,,,,,,,327.0,22.0,8597.0,22.0,,,2730.5272805690756,22.0,8597.0,6.512878787878788,1320.0,327.0,0.24772727272727274,1320.0,19469.0,14.749242424242425,1320.0,2730.5272805690747,2.06858127315839,1320.0,,,,,8597.0,2729.0,22.0
8583815059,0.0,0.0,0.0,0.0,0.0,0.0,0.0,0.0,0.0,0.0,0.0,1440.0,0.0,2016-05-12,,,,,,,,,,,,,,,,,,,,,,,,,,,,,,,,,
8792009665,2564.0,1.63999998569489,1.63999998569489,0.0,0.0,0.0,1.63999998569489,0.0,0.0,0.0,116.0,831.0,2044.0,2016-04-12,458.0,493.0,1.0,,,,,,,,493.0,1.0,,,2556.0,1.775,1440.0,116.0,0.08055555555555556,1440.0,17433.0,12.10625,1440.0,2044.367979049682,1.419699985451168,1440.0,68.92157638065112,48.0,135.0,7587.0,2556.0,2040.0,24.0
8792009665,1320.0,0.839999973773956,0.839999973773956,0.0,0.0,0.0,0.839999973773956,0.0,0.0,0.0,82.0,806.0,1934.0,2016-04-13,531.0,552.0,1.0,,,,82.0,24.0,1320.0,24.0,552.0,1.0,1934.8377964496613,24.0,1320.0,0.9166666666666666,1440.0,82.0,0.05694444444444444,1440.0,16499.0,11.457638888888889,1440.0,1934.8377964496606,1.3436373586455976,1440.0,68.50609149676778,43.0,121.0,8044.0,1320.0,1936.0,24.0
8792009665,1219.0,0.779999971389771,0.779999971389771,0.0,0.0,0.0,0.779999971389771,0.0,0.0,0.0,84.0,853.0,1963.0,2016-04-14,486.0,503.0,1.0,,,,84.0,24.0,1219.0,24.0,503.0,1.0,1963.2171385288236,24.0,1219.0,0.8465277777777778,1440.0,84.0,0.058333333333333334,1440.0,16741.0,11.625694444444445,1440.0,1963.2171385288232,1.3633452350894606,1440.0,69.08939820399411,46.0,124.0,7461.0,1219.0,1960.0,24.0
8792009665,2483.0,1.5900000333786,1.5900000333786,0.0,0.0,0.0,1.5900000333786,0.0,0.0,0.0,126.0,937.0,2009.0,2016-04-15,363.0,377.0,1.0,,,,126.0,24.0,2483.0,24.0,377.0,1.0,2009.6560578346252,24.0,2483.0,1.7243055555555555,1440.0,126.0,0.0875,1440.0,17137.0,11.900694444444444,1440.0,2009.6560578346246,1.3955944846073782,1440.0,66.8635228848821,49.0,116.0,3605.0,2483.0,2008.0,24.0
8792009665,244.0,0.159999996423721,0.159999996423721,0.0,0.0,0.0,0.159999996423721,0.0,0.0,0.0,12.0,1428.0,1721.0,2016-04-16,,,,,,,12.0,24.0,244.0,24.0,,,1721.4063980579374,24.0,244.0,0.16944444444444445,1440.0,12.0,0.008333333333333333,1440.0,14679.0,10.19375,1440.0,1721.4063980579365,1.1954211097624559,1440.0,,,,,244.0,1713.0,24.0
8792009665,0.0,0.0,0.0,0.0,0.0,0.0,0.0,0.0,0.0,0.0,0.0,1440.0,1688.0,2016-04-17,,,,,,,0.0,24.0,0.0,24.0,,,1688.6880683898921,24.0,0.0,0.0,1440.0,0.0,0.0,1440.0,14400.0,10.0,1440.0,1688.6880683898912,1.17270004749298,1440.0,,,,,0.0,1680.0,24.0
8792009665,0.0,0.0,0.0,0.0,0.0,0.0,0.0,0.0,0.0,0.0,0.0,1440.0,1688.0,2016-04-18,,,,,,,0.0,24.0,0.0,24.0,,,1688.6880683898921,24.0,0.0,0.0,1440.0,0.0,0.0,1440.0,14400.0,10.0,1440.0,1688.6880683898912,1.17270004749298,1440.0,,,,,0.0,1680.0,24.0
8792009665,0.0,0.0,0.0,0.0,0.0,0.0,0.0,0.0,0.0,0.0,0.0,1440.0,1688.0,2016-04-19,,,,,,,0.0,24.0,0.0,24.0,,,1688.6880683898921,24.0,0.0,0.0,1440.0,0.0,0.0,1440.0,14400.0,10.0,1440.0,1688.6880683898912,1.17270004749298,1440.0,,,,,0.0,1680.0,24.0
8792009665,3147.0,2.00999999046326,2.00999999046326,0.0,0.0,0.280000001192093,1.74000000953674,0.0,0.0,10.0,139.0,744.0,2188.0,2016-04-20,528.0,547.0,1.0,,,,159.0,24.0,3147.0,24.0,547.0,1.0,2188.7273498773575,24.0,3147.0,2.185416666666667,1440.0,159.0,0.11041666666666666,1440.0,18664.0,12.96111111111111,1440.0,2188.727349877357,1.5199495485259424,1440.0,69.61815840309079,44.0,120.0,7765.0,3147.0,2189.0,24.0
8792009665,144.0,0.0900000035762787,0.0900000035762787,0.0,0.0,0.0,0.0900000035762787,0.0,0.0,0.0,9.0,1431.0,1720.0,2016-04-21,,,,,,,9.0,24.0,144.0,24.0,,,1720.5855089426038,24.0,144.0,0.1,1440.0,9.0,0.00625,1440.0,14672.0,10.188888888888888,1440.0,1720.5855089426027,1.1948510478768075,1440.0,80.80434782608695,66.0,108.0,184.0,144.0,1712.0,24.0
8792009665,4068.0,2.59999990463257,2.59999990463257,0.0,0.0500000007450581,0.280000001192093,2.26999998092651,0.0,1.0,20.0,195.0,817.0,2419.0,2016-04-22,391.0,407.0,1.0,,,,238.0,24.0,4068.0,24.0,407.0,1.0,2419.7492542266846,24.0,4068.0,2.825,1440.0,238.0,0.16527777777777777,1440.0,20634.0,14.329166666666667,1440.0,2419.749254226684,1.6803814265463084,1440.0,70.26147822992051,44.0,131.0,8429.0,4068.0,2420.0,24.0
8792009665,5245.0,3.35999989509583,3.35999989509583,0.0,0.159999996423721,0.439999997615814,2.75,0.0,8.0,45.0,232.0,795.0,2748.0,2016-04-23,339.0,360.0,1.0,,,,346.0,24.0,5245.0,24.0,360.0,1.0,2748.105258822441,24.0,5245.0,3.642361111111111,1440.0,346.0,0.24027777777777778,1440.0,23434.0,16.273611111111112,1440.0,2748.105258822441,1.9084064297378063,1440.0,77.82583837273226,48.0,141.0,9095.0,5245.0,2746.0,24.0
8792009665,400.0,0.259999990463257,0.259999990463257,0.0,0.0399999991059303,0.0500000007450581,0.159999996423721,0.0,3.0,8.0,19.0,1410.0,1799.0,2016-04-24,,,,,,,44.0,24.0,400.0,24.0,,,1799.9772992134092,24.0,400.0,0.2777777777777778,1440.0,44.0,0.030555555555555555,1440.0,15349.0,10.659027777777778,1440.0,1799.9772992134083,1.249984235564867,1440.0,76.03863298662705,55.0,120.0,673.0,400.0,1792.0,24.0
8792009665,0.0,0.0,0.0,0.0,0.0,0.0,0.0,0.0,0.0,0.0,0.0,1440.0,1688.0,2016-04-25,,,,,,,0.0,24.0,0.0,24.0,,,1688.6880683898921,24.0,0.0,0.0,1440.0,0.0,0.0,1440.0,14400.0,10.0,1440.0,1688.6880683898912,1.17270004749298,1440.0,,,,,0.0,1680.0,24.0
8792009665,1321.0,0.850000023841858,0.850000023841858,0.0,0.0,0.0,0.850000023841858,0.0,0.0,0.0,80.0,1360.0,1928.0,2016-04-26,,,,,,,80.0,24.0,1321.0,24.0,,,1928.2706763744352,24.0,1321.0,0.9173611111111111,1440.0,80.0,0.05555555555555555,1440.0,16443.0,11.41875,1440.0,1928.2706763744347,1.3390768585933575,1440.0,69.84311892296185,54.0,114.0,5348.0,1321.0,1922.0,24.0
8792009665,1758.0,1.12999999523163,1.12999999523163,0.0,0.0,0.0,1.12999999523163,0.0,0.0,0.0,112.0,900.0,2067.0,2016-04-27,423.0,428.0,1.0,,,,112.0,24.0,1758.0,24.0,428.0,1.0,2066.2974677085876,24.0,1758.0,1.2208333333333334,1440.0,112.0,0.07777777777777778,1440.0,17620.0,12.23611111111111,1440.0,2066.297467708587,1.4349287970198523,1440.0,68.79205329526529,43.0,132.0,8406.0,1758.0,2066.0,24.0
8792009665,6157.0,3.94000005722046,3.94000005722046,0.0,0.0,0.0,3.94000005722046,0.0,0.0,0.0,310.0,714.0,2780.0,2016-04-28,402.0,416.0,1.0,,,,310.0,24.0,6157.0,24.0,416.0,1.0,2780.3545072078705,24.0,6157.0,4.2756944444444445,1440.0,310.0,0.2152777777777778,1440.0,23709.0,16.464583333333334,1440.0,2780.3545072078705,1.9308017411165768,1440.0,76.701621506294,44.0,134.0,9374.0,6157.0,2780.0,24.0
8792009665,8360.0,5.34999990463257,5.34999990463257,0.0,0.140000000596046,0.280000001192093,4.92999982833862,0.0,6.0,14.0,380.0,634.0,3101.0,2016-04-29,398.0,406.0,1.0,,,,426.0,24.0,8360.0,24.0,406.0,1.0,3101.6743166446686,24.0,8360.0,5.805555555555555,1440.0,426.0,0.29583333333333334,1440.0,26449.0,18.367361111111112,1440.0,3101.6743166446686,2.153940497669909,1440.0,80.91153025710116,48.0,158.0,8907.0,8360.0,3100.0,24.0
8792009665,7174.0,4.59000015258789,4.59000015258789,0.0,0.330000013113022,0.360000014305115,3.91000008583069,0.0,10.0,20.0,301.0,749.0,2896.0,2016-04-30,343.0,360.0,1.0,,,,371.0,24.0,7174.0,24.0,360.0,1.0,2896.920885682106,24.0,7174.0,4.981944444444444,1440.0,371.0,0.25763888888888886,1440.0,24703.0,17.15486111111111,1440.0,2896.920885682106,2.011750615057018,1440.0,81.46464198625581,48.0,132.0,9022.0,7174.0,2897.0,24.0
8792009665,1619.0,1.03999996185303,1.03999996185303,0.0,0.0,0.0,1.03999996185303,0.0,0.0,0.0,79.0,834.0,1962.0,2016-05-01,503.0,527.0,1.0,,,,79.0,24.0,1619.0,24.0,527.0,1.0,1962.7480577230453,24.0,1619.0,1.1243055555555554,1440.0,79.0,0.05486111111111111,1440.0,16737.0,11.622916666666667,1440.0,1962.7480577230447,1.3630194845298922,1440.0,67.81017067223964,43.0,123.0,8613.0,1619.0,1963.0,24.0
8792009665,1831.0,1.16999995708466,1.16999995708466,0.0,0.0,0.0,1.16999995708466,0.0,0.0,0.0,101.0,916.0,2015.0,2016-05-02,415.0,423.0,1.0,,,,101.0,24.0,1831.0,24.0,423.0,1.0,2013.8777762651443,24.0,1831.0,1.2715277777777778,1440.0,101.0,0.07013888888888889,1440.0,17173.0,11.925694444444444,1440.0,2013.8777762651437,1.3985262335174609,1440.0,67.40391870512353,45.0,129.0,8217.0,1831.0,2013.0,24.0
8792009665,2421.0,1.54999995231628,1.54999995231628,0.0,0.0,0.0,1.54999995231628,0.0,0.0,0.0,156.0,739.0,2297.0,2016-05-03,516.0,545.0,1.0,,,,156.0,24.0,2421.0,24.0,545.0,1.0,2297.7884452342987,24.0,2421.0,1.68125,1440.0,156.0,0.10833333333333334,1440.0,19594.0,13.606944444444444,1440.0,2297.7884452342987,1.5956864203015964,1440.0,74.37193973634652,45.0,119.0,8496.0,2421.0,2298.0,24.0
8792009665,2283.0,1.46000003814697,1.46000003814697,0.0,0.0,0.0,1.46000003814697,0.0,0.0,0.0,129.0,848.0,2067.0,2016-05-04,439.0,463.0,1.0,,,,129.0,24.0,2283.0,24.0,463.0,1.0,2067.2356268167496,24.0,2283.0,1.5854166666666667,1440.0,129.0,0.08958333333333333,1440.0,17628.0,12.241666666666667,1440.0,2067.235626816749,1.4355802964005202,1440.0,74.97814661134163,51.0,114.0,3615.0,2283.0,2065.0,24.0
8792009665,0.0,0.0,0.0,0.0,0.0,0.0,0.0,0.0,0.0,0.0,0.0,1440.0,1688.0,2016-05-05,,,,,,,0.0,24.0,0.0,24.0,,,1688.8053383827205,24.0,0.0,0.0,1440.0,0.0,0.0,1440.0,14401.0,10.000694444444445,1440.0,1688.8053383827196,1.1727814849879996,1440.0,,,,,0.0,1680.0,24.0
8792009665,0.0,0.0,0.0,0.0,0.0,0.0,0.0,0.0,0.0,0.0,0.0,1440.0,1688.0,2016-05-06,,,,,,,0.0,24.0,0.0,24.0,,,1688.6880683898921,24.0,0.0,0.0,1440.0,0.0,0.0,1440.0,14400.0,10.0,1440.0,1688.6880683898912,1.17270004749298,1440.0,,,,,0.0,1680.0,24.0
8792009665,0.0,0.0,0.0,0.0,0.0,0.0,0.0,0.0,0.0,0.0,0.0,1440.0,1688.0,2016-05-07,,,,,,,0.0,24.0,0.0,24.0,,,1688.6880683898921,24.0,0.0,0.0,1440.0,0.0,0.0,1440.0,14400.0,10.0,1440.0,1688.6880683898912,1.17270004749298,1440.0,,,,,0.0,1680.0,24.0
8792009665,0.0,0.0,0.0,0.0,0.0,0.0,0.0,0.0,0.0,0.0,0.0,1440.0,1688.0,2016-05-08,,,,,,,0.0,24.0,0.0,24.0,,,1688.6880683898921,24.0,0.0,0.0,1440.0,0.0,0.0,1440.0,14400.0,10.0,1440.0,1688.6880683898912,1.17270004749298,1440.0,,,,,0.0,1680.0,24.0
8792009665,0.0,0.0,0.0,0.0,0.0,0.0,0.0,0.0,0.0,0.0,0.0,1440.0,1688.0,2016-05-09,,,,,,,0.0,24.0,0.0,24.0,,,1688.6880683898921,24.0,0.0,0.0,1440.0,0.0,0.0,1440.0,14400.0,10.0,1440.0,1688.6880683898912,1.17270004749298,1440.0,,,,,0.0,1680.0,24.0
8792009665,0.0,0.0,0.0,0.0,0.0,0.0,0.0,0.0,0.0,0.0,0.0,48.0,57.0,2016-05-10,,,,,,,,,,,,,,,,,,,,,,,,,,,,,,,,,
8877689391,23186.0,20.3999996185303,20.3999996185303,0.0,12.2200002670288,0.340000003576279,7.82000017166138,0.0,85.0,7.0,312.0,1036.0,3921.0,2016-04-12,,,,85.8000030517578,25.6800003051758,1.0,,,,,,,,,23186.0,16.101388888888888,1440.0,581.0,0.40347222222222223,1440.0,32010.0,22.229166666666668,1440.0,3920.584774971006,2.7226283159520874,1440.0,86.54770531400966,47.0,164.0,8280.0,23186.0,3916.0,24.0
8877689391,15337.0,9.57999992370605,9.57999992370605,0.0,3.54999995231628,0.379999995231628,5.6399998664856,0.0,108.0,18.0,216.0,1098.0,3566.0,2016-04-13,,,,84.9000015258789,25.4099998474121,1.0,576.0,24.0,15337.0,24.0,,,3566.1839969158164,24.0,15337.0,10.650694444444444,1440.0,576.0,0.4,1440.0,29267.0,20.324305555555554,1440.0,3566.1839969158154,2.4765166645248717,1440.0,84.74373324006062,50.0,160.0,8577.0,15337.0,3565.0,24.0
8877689391,21129.0,18.9799995422363,18.9799995422363,0.0,10.5500001907349,0.589999973773956,7.75,0.0199999995529652,68.0,13.0,298.0,1061.0,3793.0,2016-04-14,,,,84.5,25.3099994659424,1.0,528.0,24.0,21071.0,24.0,,,3789.3826550245276,24.0,21071.0,14.63263888888889,1440.0,528.0,0.36666666666666664,1440.0,31155.0,21.635416666666668,1440.0,3789.382655024527,2.6315157326559215,1440.0,85.32065217391305,50.0,169.0,8096.0,21071.0,3790.0,24.0
8877689391,13422.0,7.17000007629395,7.17000007629395,0.0,0.0500000007450581,0.0500000007450581,7.01000022888184,0.0099999997764825,106.0,1.0,281.0,1052.0,3934.0,2016-04-15,,,,,,,601.0,24.0,13375.0,24.0,,,3918.553701877594,24.0,13375.0,9.288194444444445,1440.0,601.0,0.4173611111111111,1440.0,32217.0,22.372916666666665,1440.0,3918.5537018775926,2.721217848526106,1440.0,91.9323616955763,48.0,165.0,9743.0,13375.0,3920.0,24.0
8877689391,29326.0,25.2900009155273,25.2900009155273,0.0,13.2399997711182,1.21000003814697,10.710000038147,0.0,94.0,29.0,429.0,888.0,4547.0,2016-04-16,,,,85.5,25.5900001525879,1.0,769.0,24.0,29204.0,24.0,,,4537.924420833588,24.0,29204.0,20.280555555555555,1440.0,769.0,0.5340277777777778,1440.0,37117.0,25.775694444444444,1440.0,4537.924420833588,3.151336403356658,1440.0,92.05598386905469,54.0,172.0,8431.0,29204.0,4534.0,24.0
8877689391,15118.0,8.86999988555908,8.86999988555908,0.0,0.0,0.0700000002980232,8.78999996185303,0.0,58.0,15.0,307.0,1060.0,3545.0,2016-04-17,,,,,,,511.0,24.0,15118.0,24.0,,,3540.527326107025,24.0,15118.0,10.498611111111112,1440.0,511.0,0.3548611111111111,1440.0,28959.0,20.110416666666666,1440.0,3540.5273261070247,2.458699532018767,1440.0,87.87448891091563,51.0,167.0,8071.0,15118.0,3538.0,24.0
8877689391,11423.0,8.67000007629395,8.67000007629395,0.0,2.44000005722046,0.270000010728836,5.94000005722046,0.0,29.0,5.0,191.0,1215.0,2761.0,2016-04-18,,,,85.8000030517578,25.6800003051758,1.0,288.0,24.0,11409.0,24.0,,,2759.2294263839717,24.0,11409.0,7.922916666666667,1440.0,288.0,0.2,1440.0,22528.0,15.644444444444444,1440.0,2759.229426383971,1.9161315460999797,1440.0,66.03913176398655,48.0,139.0,6542.0,11409.0,2757.0,24.0
8877689391,18785.0,17.3999996185303,17.3999996185303,0.0,12.1499996185303,0.180000007152557,5.03000020980835,0.0,82.0,13.0,214.0,1131.0,3676.0,2016-04-19,,,,85.3000030517578,25.5300006866455,1.0,486.0,24.0,18748.0,24.0,,,3671.1619896888715,24.0,18748.0,13.019444444444444,1440.0,486.0,0.3375,1440.0,30057.0,20.872916666666665,1440.0,3671.161989688872,2.54941804839505,1440.0,86.588675891837,49.0,178.0,7877.0,18748.0,3670.0,24.0
8877689391,19948.0,18.1100006103516,18.1100006103516,0.0,11.0200004577637,0.689999997615814,6.34000015258789,0.0,73.0,19.0,225.0,1123.0,3679.0,2016-04-20,,,,84.9000015258789,25.4099998474121,1.0,482.0,24.0,19881.0,24.0,,,3673.046441078185,24.0,19881.0,13.80625,1440.0,482.0,0.3347222222222222,1440.0,30144.0,20.933333333333334,1440.0,3673.046441078184,2.5507266951931835,1440.0,85.49429998719098,51.0,173.0,7807.0,19881.0,3671.0,24.0
8877689391,19377.0,17.6200008392334,17.6200008392334,0.0,12.289999961853,0.419999986886978,4.8899998664856,0.0,82.0,13.0,226.0,1119.0,3659.0,2016-04-21,,,,84.5,25.2900009155273,1.0,498.0,24.0,19377.0,24.0,,,3659.378590703009,24.0,19377.0,13.45625,1440.0,498.0,0.3458333333333333,1440.0,30101.0,20.903472222222224,1440.0,3659.3785907030083,2.5412351324326448,1440.0,87.1338696913743,53.0,170.0,7582.0,19377.0,3661.0,24.0
8877689391,18258.0,16.3099994659424,16.3099994659424,0.0,10.2299995422363,0.0299999993294477,5.96999979019165,0.0500000007450581,61.0,2.0,236.0,1141.0,3427.0,2016-04-22,,,,,,,423.0,24.0,18225.0,24.0,,,3412.8346343040457,24.0,18225.0,12.65625,1440.0,423.0,0.29375,1440.0,28073.0,19.49513888888889,1440.0,3412.834634304045,2.3700240516000313,1440.0,82.80519974635384,47.0,163.0,7885.0,18225.0,3414.0,24.0
8877689391,11200.0,7.42999982833862,7.42999982833862,0.0,0.0,0.0,7.40000009536743,0.0099999997764825,102.0,6.0,300.0,1032.0,3891.0,2016-04-23,,,,85.5,25.5900001525879,1.0,618.0,24.0,11191.0,24.0,,,3888.9683328866968,24.0,11191.0,7.771527777777778,1440.0,618.0,0.42916666666666664,1440.0,31809.0,22.089583333333334,1440.0,3888.9683328866968,2.7006724533935396,1440.0,93.94363143631436,53.0,165.0,9225.0,11191.0,3886.0,24.0
8877689391,16674.0,15.7399997711182,15.7399997711182,0.0,11.0100002288818,0.0099999997764825,4.69000005722046,0.0,64.0,1.0,227.0,1148.0,3455.0,2016-04-24,,,,85.5,25.5900001525879,1.0,421.0,24.0,16660.0,24.0,,,3452.866915225982,24.0,16660.0,11.569444444444445,1440.0,421.0,0.2923611111111111,1440.0,28242.0,19.6125,1440.0,3452.866915225982,2.39782424668471,1440.0,87.28239436619718,51.0,171.0,7100.0,16660.0,3449.0,24.0
8877689391,12986.0,8.73999977111816,8.73999977111816,0.0,2.36999988555908,0.0700000002980232,6.26999998092651,0.0099999997764825,113.0,8.0,218.0,1101.0,3802.0,2016-04-25,,,,85.4000015258789,25.5599994659424,1.0,573.0,24.0,12957.0,24.0,,,3799.320221900939,24.0,12957.0,8.997916666666667,1440.0,573.0,0.39791666666666664,1440.0,31091.0,21.590972222222224,1440.0,3799.3202219009377,2.63841682076454,1440.0,89.80294243986255,49.0,176.0,9312.0,12957.0,3798.0,24.0
8877689391,11101.0,8.43000030517578,8.43000030517578,0.0,1.75999999046326,0.129999995231628,6.5,0.0,22.0,3.0,258.0,1157.0,2860.0,2016-04-26,,,,85.0999984741211,25.4899997711182,1.0,330.0,24.0,11070.0,24.0,,,2855.369861960411,24.0,11070.0,7.6875,1440.0,330.0,0.22916666666666666,1440.0,23397.0,16.247916666666665,1440.0,2855.3698619604106,1.9828957374725074,1440.0,67.56028870648174,49.0,125.0,7066.0,11070.0,2854.0,24.0
8877689391,23629.0,20.6499996185303,20.6499996185303,0.0,13.0699996948242,0.439999997615814,7.09999990463257,0.0,93.0,8.0,235.0,1104.0,3808.0,2016-04-27,,,,85.4000015258789,25.5599994659424,1.0,530.0,24.0,23603.0,24.0,,,3803.8416162729245,24.0,23603.0,16.39097222222222,1440.0,530.0,0.3680555555555556,1440.0,31128.0,21.616666666666667,1440.0,3803.8416162729236,2.641556677967308,1440.0,84.78037792516581,46.0,163.0,7991.0,23603.0,3800.0,24.0
8877689391,14890.0,11.3000001907349,11.3000001907349,0.0,4.92999982833862,0.379999995231628,5.96999979019165,0.0,58.0,8.0,231.0,1143.0,3060.0,2016-04-28,,,,85.0999984741211,25.4899997711182,1.0,421.0,24.0,14885.0,24.0,,,3058.9325764179225,24.0,14885.0,10.336805555555555,1440.0,421.0,0.2923611111111111,1440.0,25065.0,17.40625,1440.0,3058.932576417922,2.1242587336235568,1440.0,66.80925952972105,47.0,153.0,6847.0,14885.0,3058.0,24.0
8877689391,9733.0,7.3899998664856,7.3899998664856,0.0,1.37999999523163,0.170000001788139,5.78999996185303,0.0,18.0,5.0,210.0,1207.0,2698.0,2016-04-29,,,,84.9000015258789,25.4099998474121,1.0,274.0,24.0,9700.0,24.0,,,2695.3220430612555,24.0,9700.0,6.736111111111111,1440.0,274.0,0.19027777777777777,1440.0,22120.0,15.36111111111111,1440.0,2695.322043061254,1.8717514187925377,1440.0,64.45597935187841,47.0,131.0,6974.0,9700.0,2694.0,24.0
8877689391,27745.0,26.7199993133545,26.7199993133545,0.0,21.6599998474121,0.0799999982118607,4.92999982833862,0.0,124.0,4.0,223.0,1089.0,4398.0,2016-04-30,,,,85.5,25.5900001525879,1.0,603.0,24.0,27710.0,24.0,,,4393.168580532073,24.0,27710.0,19.243055555555557,1440.0,603.0,0.41875,1440.0,35933.0,24.95347222222222,1440.0,4393.168580532074,3.0508115142583847,1440.0,102.18001487726258,49.0,170.0,8066.0,27710.0,4388.0,24.0
8877689391,10930.0,8.31999969482422,8.31999969482422,0.0,3.13000011444092,0.569999992847443,4.57000017166138,0.0,36.0,12.0,166.0,1226.0,2786.0,2016-05-01,,,,85.3000030517578,25.5300006866455,1.0,298.0,24.0,10890.0,24.0,,,2783.0820684432947,24.0,10890.0,7.5625,1440.0,298.0,0.20694444444444443,1440.0,22786.0,15.823611111111111,1440.0,2783.082068443296,1.9326958808634,1440.0,70.71352164465986,48.0,145.0,5983.0,10890.0,2780.0,24.0
8877689391,4790.0,3.64000010490417,3.64000010490417,0.0,0.0,0.0,3.55999994277954,0.0,0.0,0.0,105.0,1335.0,2189.0,2016-05-02,,,,,,,105.0,24.0,4699.0,24.0,,,2183.9853665828655,24.0,4699.0,3.2631944444444443,1440.0,105.0,0.07291666666666667,1440.0,17881.0,12.417361111111111,1440.0,2183.9853665828664,1.516656504571435,1440.0,65.86236338797814,47.0,108.0,2928.0,4699.0,2181.0,24.0
8877689391,10818.0,8.21000003814697,8.21000003814697,0.0,1.38999998569489,0.100000001490116,6.67000007629395,0.0099999997764825,19.0,3.0,229.0,1189.0,2817.0,2016-05-03,,,,84.9000015258789,25.4099998474121,1.0,292.0,24.0,10791.0,24.0,,,2813.394687652587,24.0,10791.0,7.49375,1440.0,292.0,0.20277777777777778,1440.0,23089.0,16.034027777777776,1440.0,2813.3946876525856,1.9537463108698512,1440.0,67.47034908173279,48.0,150.0,7133.0,10791.0,2813.0,24.0
8877689391,18193.0,16.2999992370605,16.2999992370605,0.0,10.4200000762939,0.310000002384186,5.53000020980835,0.0,66.0,8.0,212.0,1154.0,3477.0,2016-05-04,,,,84.4000015258789,25.2600002288818,1.0,426.0,24.0,18165.0,24.0,,,3472.3913116455055,24.0,18165.0,12.614583333333334,1440.0,426.0,0.29583333333333334,1440.0,28577.0,19.84513888888889,1440.0,3472.3913116455064,2.4113828553093795,1440.0,88.3719927687387,56.0,168.0,7191.0,18165.0,3472.0,24.0
8877689391,14055.0,10.6700000762939,10.6700000762939,0.0,5.46000003814697,0.819999992847443,4.36999988555908,0.0,67.0,15.0,188.0,1170.0,3052.0,2016-05-05,,,,,,,419.0,24.0,14055.0,24.0,,,3047.8353668451286,24.0,14055.0,9.760416666666666,1440.0,419.0,0.29097222222222224,1440.0,25083.0,17.41875,1440.0,3047.835366845129,2.1165523380868954,1440.0,72.85128036769534,53.0,142.0,6092.0,14055.0,3050.0,24.0
8877689391,21727.0,19.3400001525879,19.3400001525879,0.0,12.789999961853,0.28999999165535,6.15999984741211,0.0,96.0,17.0,232.0,1095.0,4015.0,2016-05-06,,,,85.0,25.4400005340576,1.0,554.0,24.0,21622.0,24.0,,,4003.0367588996887,24.0,21622.0,15.015277777777778,1440.0,554.0,0.38472222222222224,1440.0,32836.0,22.802777777777777,1440.0,4003.0367588996883,2.7798866381247835,1440.0,92.84012007308797,47.0,177.0,7662.0,21622.0,4003.0,24.0
8877689391,12332.0,8.13000011444092,8.13000011444092,0.0,0.0799999982118607,0.959999978542328,6.98999977111816,0.0,105.0,28.0,271.0,1036.0,4142.0,2016-05-07,,,,,,,642.0,24.0,12212.0,24.0,,,4127.628772854805,24.0,12212.0,8.480555555555556,1440.0,642.0,0.44583333333333336,1440.0,33858.0,23.5125,1440.0,4127.628772854804,2.8664088700380583,1440.0,100.99724106219105,56.0,166.0,8699.0,12212.0,4125.0,24.0
8877689391,10686.0,8.10999965667725,8.10999965667725,0.0,1.08000004291534,0.200000002980232,6.80000019073486,0.0,17.0,4.0,245.0,1174.0,2847.0,2016-05-08,,,,85.4000015258789,25.5599994659424,1.0,304.0,24.0,10665.0,24.0,,,2843.5940147638307,24.0,10665.0,7.40625,1440.0,304.0,0.2111111111111111,1440.0,23270.0,16.15972222222222,1440.0,2843.5940147638303,1.9747180658082155,1440.0,72.55052319225364,54.0,137.0,6403.0,10665.0,2840.0,24.0
8877689391,20226.0,18.25,18.25,0.0,11.1000003814697,0.800000011920929,6.23999977111816,0.0500000007450581,73.0,19.0,217.0,1131.0,3710.0,2016-05-09,,,,85.5,25.6100006103516,1.0,474.0,24.0,20156.0,24.0,,,3700.1799838542943,24.0,20156.0,13.997222222222222,1440.0,474.0,0.32916666666666666,1440.0,30250.0,21.006944444444443,1440.0,3700.1799838542943,2.569569433232149,1440.0,89.61573830793483,51.0,176.0,7612.0,20156.0,3695.0,24.0
8877689391,10733.0,8.14999961853027,8.14999961853027,0.0,1.35000002384186,0.46000000834465,6.28000020980835,0.0,18.0,11.0,224.0,1187.0,2832.0,2016-05-10,,,,,,,300.0,24.0,10693.0,24.0,,,2829.9954936504364,24.0,10693.0,7.425694444444445,1440.0,300.0,0.20833333333333334,1440.0,23136.0,16.066666666666666,1440.0,2829.995493650436,1.9652746483683583,1440.0,71.54437680230696,50.0,141.0,6242.0,10693.0,2826.0,24.0
8877689391,21420.0,19.5599994659424,19.5599994659424,0.0,13.2200002670288,0.409999996423721,5.8899998664856,0.0,88.0,12.0,213.0,1127.0,3832.0,2016-05-11,,,,85.4000015258789,25.5599994659424,1.0,501.0,24.0,21391.0,24.0,,,3828.0371979475003,24.0,21391.0,14.854861111111111,1440.0,501.0,0.34791666666666665,1440.0,31326.0,21.754166666666666,1440.0,3828.0371979474994,2.658359165241319,1440.0,89.14912169847086,48.0,180.0,7913.0,21391.0,3827.0,24.0
8877689391,8064.0,6.11999988555908,6.11999988555908,0.0,1.82000005245209,0.0399999991059303,4.25,0.0,23.0,1.0,137.0,770.0,1849.0,2016-05-12,,,,84.0,25.1399993896484,1.0,613.0,24.0,16530.0,24.0,,,3729.277194738391,24.0,7120.0,8.476190476190476,840.0,188.0,0.22380952380952382,840.0,13673.0,16.277380952380952,840.0,1657.577746510508,1.973306841083938,840.0,71.08743947593278,53.0,122.0,3511.0,7577.0,1771.0,15.0
8877689391,,,,,,,,,,,,,,2016-05-13,,,,,,,31.0,8.0,1148.0,8.0,,,701.6005045175532,8.0,,,,,,,,,,,,,,,,,,,
