Id,TotalSteps,TotalDistance,TrackerDistance,LoggedActivitiesDistance,VeryActiveDistance,ModeratelyActiveDistance,LightActiveDistance,SedentaryActiveDistance,VeryActiveMinutes,FairlyActiveMinutes,LightlyActiveMinutes,SedentaryMinutes,Calories,date,sleep_minutes,time_in_bed_minutes,sleep_records,weight_kg,bmi,weight_logs,active_minutes,recorded_minutes,sleep_efficiency_pct,hr_mean_bpm,hr_samples,mets_raw_mean,minuteStepsNarrow_total,minuteStepsNarrow_minutes,minuteCaloriesNarrow_total,minuteCaloriesNarrow_minutes,minuteIntensitiesNarrow_mean,minuteIntensitiesNarrow_minutes,minuteStepsWide_total,minuteStepsWide_hours,minuteCaloriesWide_total,minuteCaloriesWide_hours,minuteIntensitiesWide_total,minuteIntensitiesWide_hours,sleep_minute_records,sleep_logs
1503960366,13162,8.5,8.5,0.0,1.87999999523163,0.550000011920929,6.05999994277954,0.0,25,13,328,728,1985,2016-04-12,327.0,346.0,1.0,,,,366,1094,94.50867052023122,,,17.528472222222224,13158.0,1440.0,1985.2045922279358,1440.0,0.29791666666666666,1440.0,,,,,,,346.0,1.0
1503960366,10735,6.96999979019165,6.96999979019165,0.0,1.57000005245209,0.689999997615814,4.71000003814697,0.0,21,19,217,776,1797,2016-04-13,384.0,407.0,2.0,,,,257,1033,94.34889434889435,,,15.874305555555555,10735.0,1440.0,1797.8602986335752,1440.0,0.22083333333333333,1440.0,10735.0,24.0,1797.8602986335754,24.0,318.0,24.0,407.0,2.0
1503960366,10460,6.73999977111816,6.73999977111816,0.0,2.44000005722046,0.400000005960464,3.91000008583069,0.0,30,11,181,1218,1776,2016-04-14,,,,,,,222,1440,,,,15.686805555555555,10460.0,1440.0,1776.624798297882,1440.0,0.20347222222222222,1440.0,10460.0,24.0,1776.624798297882,24.0,293.0,24.0,,
1503960366,9762,6.28000020980835,6.28000020980835,0.0,2.14000010490417,1.25999999046326,2.82999992370605,0.0,29,34,209,726,1745,2016-04-15,412.0,442.0,1.0,,,,272,998,93.21266968325791,,,15.409722222222221,9685.0,1440.0,1745.2434492111204,1440.0,0.25277777777777777,1440.0,9685.0,24.0,1745.2434492111206,24.0,364.0,24.0,442.0,1.0
1503960366,12669,8.15999984741211,8.15999984741211,0.0,2.71000003814697,0.409999996423721,5.03999996185303,0.0,36,10,221,773,1863,2016-04-16,340.0,367.0,2.0,,,,267,1040,92.64305177111717,,,16.454166666666666,12669.0,1440.0,1863.5330462455747,1440.0,0.2423611111111111,1440.0,12669.0,24.0,1863.533046245575,24.0,349.0,24.0,400.0,3.0
1503960366,9705,6.48000001907349,6.48000001907349,0.0,3.19000005722046,0.779999971389771,2.50999999046326,0.0,38,20,164,539,1728,2016-04-17,700.0,712.0,1.0,,,,222,761,98.31460674157303,,,15.258333333333333,9705.0,1440.0,1728.0977497100828,1440.0,0.22083333333333333,1440.0,9705.0,24.0,1728.097749710083,24.0,318.0,24.0,679.0,1.0
1503960366,13019,8.59000015258789,8.59000015258789,0.0,3.25,0.639999985694885,4.71000003814697,0.0,42,16,233,1149,1921,2016-04-18,,,,,,,291,1440,,,,16.96736111111111,13019.0,1440.0,1921.6553945541382,1440.0,0.27152777777777776,1440.0,13019.0,24.0,1921.6553945541382,24.0,391.0,24.0,,
1503960366,15506,9.88000011444092,9.88000011444092,0.0,3.52999997138977,1.32000005245209,5.03000020980835,0.0,50,31,264,775,2035,2016-04-19,304.0,320.0,1.0,,,,345,1120,95.0,,,17.974305555555556,15506.0,1440.0,2035.6978917121885,1440.0,0.33055555555555555,1440.0,15506.0,24.0,2035.6978917121887,24.0,476.0,24.0,320.0,1.0
1503960366,10544,6.67999982833862,6.67999982833862,0.0,1.96000003814697,0.479999989271164,4.23999977111816,0.0,28,12,205,818,1786,2016-04-20,360.0,377.0,1.0,,,,245,1063,95.49071618037135,,,15.775,10544.0,1440.0,1786.6133480072021,1440.0,0.21736111111111112,1440.0,10544.0,24.0,1786.6133480072024,24.0,313.0,24.0,377.0,1.0
1503960366,9819,6.34000015258789,6.34000015258789,0.0,1.3400000333786,0.349999994039536,4.65000009536743,0.0,19,8,211,838,1775,2016-04-21,325.0,364.0,1.0,,,,238,1076,89.28571428571429,,,15.678472222222222,9819.0,1440.0,1775.680998802185,1440.0,0.19722222222222222,1440.0,9819.0,24.0,1775.680998802185,24.0,284.0,24.0,364.0,1.0
1503960366,12764,8.13000011444092,8.13000011444092,0.0,4.76000022888184,1.12000000476837,2.24000000953674,0.0,66,27,130,1217,1827,2016-04-22,,,,,,,223,1440,,,,16.14027777777778,12764.0,1440.0,1827.9832468032835,1440.0,0.2652777777777778,1440.0,12764.0,24.0,1827.9832468032837,24.0,382.0,24.0,,
1503960366,14371,9.03999996185303,9.03999996185303,0.0,2.80999994277954,0.870000004768372,5.3600001335144,0.0,41,21,262,732,1949,2016-04-23,361.0,384.0,1.0,,,,324,1056,94.01041666666667,,,17.2125,14371.0,1440.0,1949.418843269348,1440.0,0.2965277777777778,1440.0,14371.0,24.0,1949.4188432693481,24.0,427.0,24.0,384.0,1.0
1503960366,10039,6.40999984741211,6.40999984741211,0.0,2.92000007629395,0.209999993443489,3.27999997138977,0.0,39,5,238,709,1788,2016-04-24,430.0,449.0,1.0,,,,282,991,95.7683741648107,,,15.795833333333333,10039.0,1440.0,1788.9728479385374,1440.0,0.2534722222222222,1440.0,10039.0,24.0,1788.9728479385376,24.0,365.0,24.0,449.0,1.0
1503960366,15355,9.80000019073486,9.80000019073486,0.0,5.28999996185303,0.569999992847443,3.94000005722046,0.0,73,14,216,814,2013,2016-04-25,277.0,323.0,1.0,,,,303,1117,85.75851393188854,,,17.775,15355.0,1440.0,2013.1253414154053,1440.0,0.3215277777777778,1440.0,15355.0,24.0,2013.1253414154053,24.0,463.0,24.0,323.0,1.0
1503960366,13755,8.78999996185303,8.78999996185303,0.0,2.32999992370605,0.920000016689301,5.53999996185303,0.0,31,23,279,833,1970,2016-04-26,245.0,274.0,1.0,,,,333,1166,89.41605839416059,,,17.4,13755.0,1440.0,1970.6543426513672,1440.0,0.2902777777777778,1440.0,13755.0,24.0,1970.6543426513674,24.0,418.0,24.0,274.0,1.0
1503960366,18134,12.210000038147,12.210000038147,0.0,6.40000009536743,0.409999996423721,5.40999984741211,0.0,78,11,243,1108,2159,2016-04-27,,,,,,,332,1440,,,,19.063194444444445,18125.0,1440.0,2159.021087169647,1440.0,0.34652777777777777,1440.0,18125.0,24.0,2159.021087169647,24.0,499.0,24.0,,
1503960366,13154,8.52999973297119,8.52999973297119,0.0,3.53999996185303,1.1599999666214,3.78999996185303,0.0,48,28,189,782,1898,2016-04-28,366.0,393.0,1.0,,,,265,1047,93.12977099236642,,,16.764583333333334,13091.0,1440.0,1898.6895952224731,1440.0,0.2701388888888889,1440.0,13091.0,24.0,1898.6895952224731,24.0,389.0,24.0,393.0,1.0
1503960366,11181,7.15000009536743,7.15000009536743,0.0,1.05999994277954,0.5,5.57999992370605,0.0,16,12,243,815,1837,2016-04-29,341.0,354.0,1.0,,,,271,1086,96.32768361581921,,,16.225694444444443,11181.0,1440.0,1837.657196521759,1440.0,0.21875,1440.0,11181.0,24.0,1837.657196521759,24.0,315.0,24.0,354.0,1.0
1503960366,14673,9.25,9.25,0.0,3.55999994277954,1.41999995708466,4.26999998092651,0.0,52,34,217,712,1947,2016-04-30,404.0,425.0,1.0,,,,303,1015,95.05882352941177,,,17.196527777777778,14673.0,1440.0,1947.6098933219907,1440.0,0.30625,1440.0,14673.0,24.0,1947.609893321991,24.0,441.0,24.0,425.0,1.0
1503960366,10602,6.80999994277954,6.80999994277954,0.0,2.28999996185303,1.60000002384186,2.92000007629395,0.0,33,35,246,730,1820,2016-05-01,369.0,396.0,1.0,,,,314,1044,93.18181818181819,,,16.168055555555554,10602.0,1440.0,1831.129246711731,1440.0,0.2881944444444444,1440.0,10602.0,24.0,1831.1292467117312,24.0,415.0,24.0,396.0,1.0
1503960366,14727,9.71000003814697,9.71000003814697,0.0,3.21000003814697,0.569999992847443,5.92000007629395,0.0,41,15,277,798,2004,2016-05-02,277.0,309.0,1.0,52.5999984741211,22.6499996185303,1.0,333,1131,89.64401294498381,,,17.81597222222222,14710.0,1440.0,2017.7656922340393,1440.0,0.2986111111111111,1440.0,14710.0,24.0,2017.7656922340393,24.0,430.0,24.0,309.0,1.0
1503960366,15103,9.65999984741211,9.65999984741211,0.0,3.73000001907349,1.04999995231628,4.88000011444092,0.0,50,24,254,816,1990,2016-05-03,273.0,296.0,1.0,52.5999984741211,22.6499996185303,1.0,328,1144,92.22972972972973,,,17.69236111111111,15103.0,1440.0,1990.7728084325795,1440.0,0.3138888888888889,1440.0,15103.0,24.0,1990.772808432579,24.0,452.0,24.0,296.0,1.0
1503960366,11100,7.15000009536743,7.15000009536743,0.0,2.46000003814697,0.870000004768372,3.8199999332428,0.0,36,22,203,1179,1819,2016-05-04,,,,,,,261,1440,,,,16.17152777777778,11100.0,1440.0,1819.6462056040768,1440.0,0.2465277777777778,1440.0,11100.0,24.0,1819.6462056040764,24.0,355.0,24.0,,
1503960366,14070,8.89999961853027,8.89999961853027,0.0,2.92000007629395,1.08000004291534,4.88000011444092,0.0,45,24,250,857,1959,2016-05-05,247.0,264.0,1.0,,,,319,1176,93.56060606060606,,,17.418055555555554,14047.0,1440.0,1959.9075015187266,1440.0,0.30069444444444443,1440.0,14047.0,24.0,1959.9075015187263,24.0,433.0,24.0,264.0,1.0
1503960366,12159,8.02999973297119,8.02999973297119,0.0,1.97000002861023,0.25,5.80999994277954,0.0,24,6,289,754,1896,2016-05-06,334.0,367.0,1.0,,,,319,1073,91.00817438692098,,,16.855555555555554,12159.0,1440.0,1896.6141029596333,1440.0,0.2590277777777778,1440.0,12159.0,24.0,1896.6141029596329,24.0,373.0,24.0,367.0,1.0
1503960366,11992,7.71000003814697,7.71000003814697,0.0,2.46000003814697,2.11999988555908,3.13000011444092,0.0,37,46,175,833,1821,2016-05-07,331.0,349.0,1.0,,,,258,1091,94.84240687679083,,,16.188194444444445,11992.0,1440.0,1821.5215634107594,1440.0,0.2625,1440.0,11992.0,24.0,1821.521563410759,24.0,378.0,24.0,349.0,1.0
1503960366,10060,6.57999992370605,6.57999992370605,0.0,3.52999997138977,0.319999992847443,2.73000001907349,0.0,44,8,203,574,1740,2016-05-08,594.0,611.0,1.0,,,,255,829,97.2176759410802,,,15.46875,10060.0,1440.0,1740.5685304403307,1440.0,0.24375,1440.0,10060.0,24.0,1740.5685304403305,24.0,351.0,24.0,611.0,1.0
1503960366,12022,7.71999979019165,7.71999979019165,0.0,3.45000004768372,0.529999971389771,3.74000000953674,0.0,46,11,206,835,1819,2016-05-09,338.0,342.0,1.0,,,,263,1098,98.83040935672514,,,16.172916666666666,12022.0,1440.0,1819.8024897575383,1440.0,0.25416666666666665,1440.0,12022.0,24.0,1819.8024897575378,24.0,366.0,24.0,342.0,1.0
1503960366,12207,7.76999998092651,7.76999998092651,0.0,3.34999990463257,1.1599999666214,3.25999999046326,0.0,46,31,214,746,1859,2016-05-10,383.0,403.0,1.0,,,,291,1037,95.03722084367246,,,16.52638888888889,12207.0,1440.0,1859.5757474899297,1440.0,0.2875,1440.0,12207.0,24.0,1859.5757474899294,24.0,414.0,24.0,403.0,1.0
1503960366,12770,8.13000011444092,8.13000011444092,0.0,2.55999994277954,1.00999999046326,4.55000019073486,0.0,36,23,251,669,1783,2016-05-11,285.0,306.0,1.0,,,,310,979,93.13725490196079,,,17.502380952380953,11890.0,1260.0,1723.2214440107348,1260.0,0.3119047619047619,1260.0,12804.0,24.0,1908.1788284778595,24.0,407.0,24.0,306.0,1.0
1503960366,0,0.0,0.0,0.0,0.0,0.0,0.0,0.0,0,0,0,1440,0,2016-05-12,,,,,,,0,1440,,,,,,,,,,,6787.0,23.0,1405.7386322021487,23.0,170.0,23.0,,
1624580081,8163,5.30999994277954,5.30999994277954,0.0,0.0,0.0,5.30999994277954,0.0,0,0,146,1294,1432,2016-04-12,,,,,,,146,1440,,,,11.968055555555555,8163.0,1440.0,1432.1453657150264,1440.0,0.10138888888888889,1440.0,,,,,,,,
1624580081,7007,4.55000019073486,4.55000019073486,0.0,0.0,0.0,4.55000019073486,0.0,0,0,148,1292,1411,2016-04-13,,,,,,,148,1440,,,,11.79861111111111,7007.0,1440.0,1411.8689649105067,1440.0,0.10277777777777777,1440.0,7007.0,24.0,1411.868964910507,24.0,148.0,24.0,,
1624580081,9107,5.92000007629395,5.92000007629395,0.0,0.0,0.0,5.90999984741211,0.0099999997764825,0,0,236,1204,1572,2016-04-14,,,,,,,236,1440,,,,13.1375,9107.0,1440.0,1572.0857732295985,1440.0,0.1638888888888889,1440.0,9107.0,24.0,1572.0857732295988,24.0,236.0,24.0,,
1624580081,1510,0.980000019073486,0.980000019073486,0.0,0.0,0.0,0.970000028610229,0.0,0,0,96,1344,1344,2016-04-15,,,,,,,96,1440,,,,11.231944444444444,1490.0,1440.0,1344.0593616962428,1440.0,0.06666666666666667,1440.0,1490.0,24.0,1344.059361696243,24.0,96.0,24.0,,
1624580081,5370,3.49000000953674,3.49000000953674,0.0,0.0,0.0,3.49000000953674,0.0,0,0,176,1264,1463,2016-04-16,,,,,,,176,1440,,,,12.231944444444444,5370.0,1440.0,1463.7233664989467,1440.0,0.12222222222222222,1440.0,5370.0,24.0,1463.723366498947,24.0,176.0,24.0,,
1624580081,6175,4.05999994277954,4.05999994277954,0.0,1.02999997138977,1.51999998092651,1.49000000953674,0.0099999997764825,15,22,127,1276,1554,2016-04-17,,,,,,,164,1440,,,,12.990277777777777,6150.0,1440.0,1554.4685666561122,1440.0,0.15,1440.0,6150.0,24.0,1554.4685666561124,24.0,216.0,24.0,,
1624580081,10536,7.40999984741211,7.40999984741211,0.0,2.15000009536743,0.620000004768372,4.61999988555908,0.0099999997764825,17,7,202,1214,1604,2016-04-18,,,,,,,226,1440,,,,13.408333333333333,10536.0,1440.0,1604.4947700500484,1440.0,0.18541666666666667,1440.0,10536.0,24.0,1604.4947700500486,24.0,267.0,24.0,,
1624580081,2916,1.89999997615814,1.89999997615814,0.0,0.0,0.0,1.89999997615814,0.0,0,0,141,1299,1435,2016-04-19,,,,,,,141,1440,,,,11.995833333333334,2916.0,1440.0,1435.4693642854686,1440.0,0.09791666666666667,1440.0,2916.0,24.0,1435.4693642854688,24.0,141.0,24.0,,
1624580081,4974,3.23000001907349,3.23000001907349,0.0,0.0,0.0,3.23000001907349,0.0,0,0,151,1289,1446,2016-04-20,,,,,,,151,1440,,,,12.084722222222222,4974.0,1440.0,1446.1061633825298,1440.0,0.10486111111111111,1440.0,4974.0,24.0,1446.10616338253,24.0,151.0,24.0,,
1624580081,6349,4.13000011444092,4.13000011444092,0.0,0.0,0.0,4.1100001335144,0.0199999995529652,0,0,186,1254,1467,2016-04-21,,,,,,,186,1440,,,,12.256944444444445,6349.0,1440.0,1466.7149659395213,1440.0,0.12916666666666668,1440.0,6349.0,24.0,1466.7149659395216,24.0,186.0,24.0,,
1624580081,4026,2.61999988555908,2.61999988555908,0.0,0.0,0.0,2.59999990463257,0.0,0,0,199,1241,1470,2016-04-22,,,,,,,199,1440,,,,12.291666666666666,4002.0,1440.0,1470.8699649572368,1440.0,0.13819444444444445,1440.0,4002.0,24.0,1470.869964957237,24.0,199.0,24.0,,
1624580081,8538,5.55000019073486,5.55000019073486,0.0,0.0,0.0,5.53999996185303,0.0099999997764825,0,0,227,1213,1562,2016-04-23,,,,,,,227,1440,,,,13.061111111111112,8538.0,1440.0,1562.9447706937785,1440.0,0.15763888888888888,1440.0,8538.0,24.0,1562.9447706937788,24.0,227.0,24.0,,
1624580081,6076,3.95000004768372,3.95000004768372,0.0,1.14999997615814,0.910000026226044,1.88999998569489,0.0,16,18,185,1221,1617,2016-04-24,,,,,,,219,1440,,,,13.51388888888889,6076.0,1440.0,1617.1259678602214,1440.0,0.18680555555555556,1440.0,6076.0,24.0,1617.1259678602216,24.0,269.0,24.0,,
1624580081,6497,4.21999979019165,4.21999979019165,0.0,0.0,0.0,4.19999980926514,0.0199999995529652,0,0,202,1238,1492,2016-04-25,,,,,,,202,1440,,,,12.472222222222221,6487.0,1440.0,1492.475966930389,1440.0,0.14027777777777778,1440.0,6487.0,24.0,1492.4759669303892,24.0,202.0,24.0,,
1624580081,2826,1.8400000333786,1.8400000333786,0.0,0.0,0.0,1.83000004291534,0.0099999997764825,0,0,140,1300,1402,2016-04-26,,,,,,,140,1440,,,,11.718055555555555,2826.0,1440.0,1402.2293632030483,1440.0,0.09722222222222222,1440.0,2826.0,24.0,1402.2293632030485,24.0,140.0,24.0,,
1624580081,8367,5.44000005722046,5.44000005722046,0.0,1.11000001430511,1.87000000476837,2.46000003814697,0.0,17,36,154,1233,1670,2016-04-27,,,,,,,207,1440,,,,13.956944444444444,8367.0,1440.0,1670.1437696218486,1440.0,0.19236111111111112,1440.0,8367.0,24.0,1670.1437696218488,24.0,277.0,24.0,,
1624580081,2759,1.78999996185303,1.78999996185303,0.0,0.0,0.200000002980232,1.60000002384186,0.0,0,5,115,1320,1401,2016-04-28,,,,,,,120,1440,,,,11.715277777777779,2759.0,1440.0,1401.8969624042509,1440.0,0.08680555555555555,1440.0,2759.0,24.0,1401.8969624042509,24.0,125.0,24.0,,
1624580081,2390,1.54999995231628,1.54999995231628,0.0,0.0,0.0,1.54999995231628,0.0,0,0,150,1290,1404,2016-04-29,,,,,,,150,1440,,,,11.73611111111111,2390.0,1440.0,1404.3899624347682,1440.0,0.10416666666666667,1440.0,2390.0,24.0,1404.3899624347684,24.0,150.0,24.0,,
1624580081,6474,4.30000019073486,4.30000019073486,0.0,0.899999976158142,1.27999997138977,2.11999988555908,0.0099999997764825,11,23,224,1182,1655,2016-04-30,,,,,,,258,1440,,,,13.834722222222222,6474.0,1440.0,1655.5181689262383,1440.0,0.21041666666666667,1440.0,6474.0,24.0,1655.5181689262388,24.0,303.0,24.0,,
1624580081,36019,28.0300006866455,28.0300006866455,0.0,21.9200000762939,4.19000005722046,1.9099999666214,0.0199999995529652,186,63,171,1020,2690,2016-05-01,,,,,,,420,1440,,,,22.48611111111111,36019.0,1440.0,2690.77797627449,1440.0,0.59375,1440.0,36019.0,24.0,2690.7779762744904,24.0,855.0,24.0,,
1624580081,7155,4.92999982833862,4.92999982833862,0.0,0.860000014305115,0.589999973773956,3.47000002861023,0.0,7,6,166,1261,1497,2016-05-02,,,,,,,179,1440,,,,12.511111111111111,7155.0,1440.0,1497.1295648813243,1440.0,0.13819444444444445,1440.0,7155.0,24.0,1497.1295648813245,24.0,199.0,24.0,,
1624580081,2100,1.37000000476837,1.37000000476837,0.0,0.0,0.0,1.3400000333786,0.0199999995529652,0,0,96,1344,1334,2016-05-03,,,,,,,96,1440,,,,11.15,2100.0,1440.0,1334.253561019897,1440.0,0.06666666666666667,1440.0,2100.0,24.0,1334.2535610198972,24.0,96.0,24.0,,
1624580081,2193,1.42999994754791,1.42999994754791,0.0,0.0,0.0,1.41999995708466,0.0,0,0,118,1322,1368,2016-05-04,,,,,,,118,1440,,,,11.438888888888888,2193.0,1440.0,1368.823162078857,1440.0,0.08194444444444444,1440.0,2193.0,24.0,1368.8231620788572,24.0,118.0,24.0,,
1624580081,2470,1.61000001430511,1.61000001430511,0.0,0.0,0.0,1.58000004291534,0.0199999995529652,0,0,117,1323,1370,2016-05-05,,,,,,,117,1440,,,,11.455555555555556,2470.0,1440.0,1370.8175617456432,1440.0,0.08125,1440.0,2470.0,24.0,1370.8175617456434,24.0,117.0,24.0,,
1624580081,1727,1.12000000476837,1.12000000476837,0.0,0.0,0.0,1.12000000476837,0.0099999997764825,0,0,102,1338,1341,2016-05-06,,,,,,,102,1440,,,,11.208333333333334,1727.0,1440.0,1341.2339613437648,1440.0,0.07083333333333333,1440.0,1727.0,24.0,1341.233961343765,24.0,102.0,24.0,,
1624580081,2104,1.37000000476837,1.37000000476837,0.0,0.0,0.0,1.37000000476837,0.0,0,0,182,1258,1474,2016-05-07,,,,,,,182,1440,,,,12.318055555555556,2104.0,1440.0,1474.0277647972102,1440.0,0.12638888888888888,1440.0,2104.0,24.0,1474.0277647972105,24.0,182.0,24.0,,
1624580081,3427,2.23000001907349,2.23000001907349,0.0,0.0,0.0,2.22000002861023,0.0,0,0,152,1288,1427,2016-05-08,,,,,,,152,1440,,,,11.927777777777777,3427.0,1440.0,1427.3255646228786,1440.0,0.10555555555555556,1440.0,3427.0,24.0,1427.3255646228788,24.0,152.0,24.0,,
1624580081,1732,1.12999999523163,1.12999999523163,0.0,0.0,0.0,1.12999999523163,0.0,0,0,91,1349,1328,2016-05-09,,,,,,,91,1440,,,,11.102777777777778,1732.0,1440.0,1328.6027604341502,1440.0,0.06319444444444444,1440.0,1732.0,24.0,1328.6027604341505,24.0,91.0,24.0,,
1624580081,2969,1.92999994754791,1.92999994754791,0.0,0.0,0.0,1.91999995708466,0.0099999997764825,0,0,139,1301,1393,2016-05-10,,,,,,,139,1440,,,,11.643055555555556,2969.0,1440.0,1393.2545646429057,1440.0,0.09652777777777778,1440.0,2969.0,24.0,1393.254564642906,24.0,139.0,24.0,,
1624580081,3134,2.03999996185303,2.03999996185303,0.0,0.0,0.0,2.03999996185303,0.0,0,0,112,1328,1359,2016-05-11,,,,,,,112,1440,,,,11.356944444444444,3134.0,1440.0,1359.0173621177669,1440.0,0.07777777777777778,1440.0,3134.0,24.0,1359.017362117767,24.0,112.0,24.0,,
1624580081,2971,1.92999994754791,1.92999994754791,0.0,0.0,0.0,1.91999995708466,0.0099999997764825,0,0,107,890,1002,2016-05-12,,,,,,,107,997,,,,12.008333333333333,2739.0,960.0,957.9767762422559,960.0,0.103125,960.0,7008.0,24.0,1527.3779656887052,24.0,204.0,24.0,,
1644430081,10694,7.76999998092651,7.76999998092651,0.0,0.140000000596046,2.29999995231628,5.32999992370605,0.0,2,51,256,1131,3199,2016-04-12,,,,,,,309,1440,,,,15.811111111111112,10694.0,1440.0,3199.5870572328586,1440.0,0.25277777777777777,1440.0,,,,,,,,
1644430081,8001,5.82000017166138,5.82000017166138,0.0,2.27999997138977,0.899999976158142,2.64000010490417,0.0,30,16,135,1259,2902,2016-04-13,,,,,,,181,1440,,,,14.344444444444445,8001.0,1440.0,2902.7876976728458,1440.0,0.17847222222222223,1440.0,8001.0,24.0,2902.7876976728453,24.0,257.0,24.0,,
1644430081,11037,8.02000045776367,8.02000045776367,0.0,0.360000014305115,2.55999994277954,5.09999990463257,0.0,5,58,252,1125,3226,2016-04-14,,,,,,,315,1440,,,,15.944444444444445,11037.0,1440.0,3226.568817257883,1440.0,0.2659722222222222,1440.0,11037.0,24.0,3226.5688172578825,24.0,383.0,24.0,,
1644430081,5263,3.82999992370605,3.82999992370605,0.0,0.219999998807907,0.150000005960464,3.45000004768372,0.0,3,4,170,1263,2750,2016-04-15,,,,,,,177,1440,,,,13.591666666666667,5263.0,1440.0,2750.4531756639503,1440.0,0.12986111111111112,1440.0,5263.0,24.0,2750.45317566395,24.0,187.0,24.0,,
1644430081,15300,11.1199998855591,11.1199998855591,0.0,4.09999990463257,1.87999999523163,5.09000015258789,0.0,51,42,212,1135,3493,2016-04-16,,,,,,,305,1440,,,,17.26388888888889,15223.0,1440.0,3493.5758222341556,1440.0,0.31180555555555556,1440.0,15223.0,24.0,3493.5758222341547,24.0,449.0,24.0,,
1644430081,8757,6.36999988555908,6.36999988555908,0.0,2.25,0.569999992847443,3.54999995231628,0.0,29,13,186,1212,3011,2016-04-17,,,,,,,228,1440,,,,14.879166666666666,8757.0,1440.0,3010.995795726778,1440.0,0.2076388888888889,1440.0,8757.0,24.0,3010.995795726777,24.0,299.0,24.0,,
1644430081,7132,5.19000005722046,5.19000005722046,0.0,1.07000005245209,1.66999995708466,2.45000004768372,0.0,15,33,121,1271,2806,2016-04-18,,,,,,,169,1440,,,,13.869444444444444,7132.0,1440.0,2806.6651765108127,1440.0,0.16111111111111112,1440.0,7132.0,24.0,2806.665176510812,24.0,232.0,24.0,,
1644430081,11256,8.18000030517578,8.18000030517578,0.0,0.360000014305115,2.52999997138977,5.30000019073486,0.0,5,58,278,1099,3300,2016-04-19,,,,,,,341,1440,,,,16.081944444444446,11231.0,1440.0,3254.3937538862247,1440.0,0.2673611111111111,1440.0,11231.0,24.0,3254.3937538862237,24.0,385.0,24.0,,
1644430081,2436,1.76999998092651,1.76999998092651,0.0,0.0,0.0,1.75999999046326,0.0099999997764825,0,0,125,1315,2430,2016-04-20,,,,,,,125,1440,,,,12.009722222222223,2436.0,1440.0,2430.325844407083,1440.0,0.08680555555555555,1440.0,2436.0,24.0,2430.3258444070825,24.0,125.0,24.0,,
1644430081,1223,0.889999985694885,0.889999985694885,0.0,0.0,0.0,0.879999995231628,0.0099999997764825,0,0,38,1402,2140,2016-04-21,,,,,,,38,1440,,,,10.577777777777778,1223.0,1440.0,2140.5529892444615,1440.0,0.02638888888888889,1440.0,1223.0,24.0,2140.5529892444615,24.0,38.0,24.0,,
1644430081,3673,2.67000007629395,2.67000007629395,0.0,0.0,0.0,2.66000008583069,0.0099999997764825,0,0,86,1354,2344,2016-04-22,,,,,,,86,1440,,,,11.584722222222222,3673.0,1440.0,2344.3214883804326,1440.0,0.059722222222222225,1440.0,3673.0,24.0,2344.321488380432,24.0,86.0,24.0,,
1644430081,6637,4.82999992370605,4.82999992370605,0.0,0.0,0.579999983310699,4.25,0.0,0,15,160,1265,2677,2016-04-23,,,,,,,175,1440,,,,13.230555555555556,6637.0,1440.0,2677.377585291863,1440.0,0.13194444444444445,1440.0,6637.0,24.0,2677.377585291863,24.0,190.0,24.0,,
1644430081,3321,2.41000008583069,2.41000008583069,0.0,0.0,0.0,2.41000008583069,0.0,0,0,89,1351,2413,2016-04-24,,,,,,,89,1440,,,,11.927777777777777,3321.0,1440.0,2413.743304371835,1440.0,0.06180555555555556,1440.0,3321.0,24.0,2413.7433043718347,24.0,89.0,24.0,,
1644430081,3580,2.59999990463257,2.59999990463257,0.0,0.589999973773956,0.0599999986588955,1.95000004768372,0.0,8,1,94,1337,2497,2016-04-25,,,,,,,103,1440,,,,12.341666666666667,3580.0,1440.0,2497.4991830587405,1440.0,0.08333333333333333,1440.0,3580.0,24.0,2497.49918305874,24.0,120.0,24.0,,
1644430081,9919,7.21000003814697,7.21000003814697,0.0,0.800000011920929,1.72000002861023,4.69000005722046,0.0,11,41,223,1165,3123,2016-04-26,,,,,,,275,1440,,,,15.433333333333334,9919.0,1440.0,3123.1387368440646,1440.0,0.23472222222222222,1440.0,9919.0,24.0,3123.138736844064,24.0,338.0,24.0,,
1644430081,3032,2.20000004768372,2.20000004768372,0.0,0.0,0.0,2.20000004768372,0.0,0,0,118,1322,2489,2016-04-27,,,,,,,118,1440,,,,12.302777777777777,3032.0,1440.0,2489.6294989585895,1440.0,0.08194444444444444,1440.0,3032.0,24.0,2489.629498958589,24.0,118.0,24.0,,
1644430081,9405,6.84000015258789,6.84000015258789,0.0,0.200000002980232,2.3199999332428,4.30999994277954,0.0,3,53,227,1157,3108,2016-04-28,,,,,,,283,1440,,,,15.3625,9405.0,1440.0,3108.8046721220035,1440.0,0.2375,1440.0,9405.0,24.0,3108.8046721220026,24.0,342.0,24.0,,
1644430081,3176,2.30999994277954,2.30999994277954,0.0,0.0,0.0,2.30999994277954,0.0,0,0,120,1193,2498,2016-04-29,119.0,127.0,1.0,,,,120,1313,93.7007874015748,,,12.344444444444445,3176.0,1440.0,2498.0613009929675,1440.0,0.08333333333333333,1440.0,3176.0,24.0,2498.061300992967,24.0,120.0,24.0,127.0,1.0
1644430081,18213,13.2399997711182,13.2399997711182,0.0,0.629999995231628,3.14000010490417,9.46000003814697,0.0,9,71,402,816,3846,2016-04-30,124.0,142.0,1.0,,,,482,1298,87.32394366197182,,,19.006944444444443,18213.0,1440.0,3846.3061187267317,1440.0,0.39652777777777776,1440.0,18213.0,24.0,3846.306118726731,24.0,571.0,24.0,142.0,1.0
1644430081,6132,4.46000003814697,4.46000003814697,0.0,0.239999994635582,0.990000009536743,3.23000001907349,0.0,3,24,146,908,2696,2016-05-01,,,,,,,173,1081,,,,13.323611111111111,6132.0,1440.0,2696.208602547647,1440.0,0.14097222222222222,1440.0,6132.0,24.0,2696.2086025476465,24.0,203.0,24.0,359.0,1.0
1644430081,3758,2.73000001907349,2.73000001907349,0.0,0.0700000002980232,0.310000002384186,2.34999990463257,0.0,1,7,148,682,2580,2016-05-02,796.0,961.0,1.0,,,,156,838,82.83038501560874,,,12.533333333333333,3728.0,1440.0,2536.285462737085,1440.0,0.09861111111111111,1440.0,3728.0,24.0,2536.2854627370843,24.0,142.0,24.0,602.0,1.0
1644430081,12850,9.34000015258789,9.34000015258789,0.0,0.720000028610229,4.09000015258789,4.53999996185303,0.0,10,94,221,1115,3324,2016-05-03,,,,,,,325,1440,,,,16.41111111111111,12789.0,1440.0,3321.004976272585,1440.0,0.30277777777777776,1440.0,12789.0,24.0,3321.004976272584,24.0,436.0,24.0,,
1644430081,2309,1.67999994754791,1.67999994754791,0.0,0.0,0.0,1.6599999666214,0.0199999995529652,0,0,52,1388,2222,2016-05-04,,,,,,,52,1440,,,,10.984722222222222,2309.0,1440.0,2222.903569936753,1440.0,0.03611111111111111,1440.0,2309.0,24.0,2222.903569936753,24.0,52.0,24.0,,
1644430081,4363,3.19000005722046,3.19000005722046,0.0,0.519999980926514,0.540000021457672,2.13000011444092,0.0099999997764825,6,12,81,1341,2463,2016-05-05,,,,,,,99,1440,,,,12.175694444444444,4363.0,1440.0,2463.912514567376,1440.0,0.08541666666666667,1440.0,4363.0,24.0,2463.9125145673756,24.0,123.0,24.0,,
1644430081,9787,7.11999988555908,7.11999988555908,0.0,0.819999992847443,0.270000010728836,6.01000022888184,0.0199999995529652,11,6,369,1054,3328,2016-05-06,,,,,,,386,1440,,,,16.72361111111111,9758.0,1440.0,3384.2434737682365,1440.0,0.29444444444444445,1440.0,9758.0,24.0,3384.2434737682356,24.0,424.0,24.0,,
1644430081,13372,9.72000026702881,9.72000026702881,0.0,3.25999999046326,0.790000021457672,5.67000007629395,0.0099999997764825,41,17,243,1139,3404,2016-05-07,,,,,,,301,1440,,,,16.821527777777778,13372.0,1440.0,3404.0582065582294,1440.0,0.2777777777777778,1440.0,13372.0,24.0,3404.058206558229,24.0,400.0,24.0,,
1644430081,6724,4.8899998664856,4.8899998664856,0.0,0.0,0.0,4.88000011444092,0.0,0,0,295,991,2987,2016-05-08,137.0,154.0,1.0,,,,295,1286,88.96103896103897,,,14.765277777777778,6724.0,1440.0,2987.948878586294,1440.0,0.2048611111111111,1440.0,6724.0,24.0,2987.948878586293,24.0,295.0,24.0,154.0,1.0
1644430081,6643,4.82999992370605,4.82999992370605,0.0,2.39000010490417,0.349999994039536,2.08999991416931,0.0099999997764825,32,6,303,1099,3008,2016-05-09,,,,,,,341,1440,,,,14.866666666666667,6643.0,1440.0,3008.466261744499,1440.0,0.28541666666666665,1440.0,6643.0,24.0,3008.466261744499,24.0,411.0,24.0,,
1644430081,9167,6.65999984741211,6.65999984741211,0.0,0.879999995231628,0.810000002384186,4.96999979019165,0.0099999997764825,12,19,155,1254,2799,2016-05-10,,,,,,,186,1440,,,,13.83611111111111,9167.0,1440.0,2799.919747114182,1440.0,0.15902777777777777,1440.0,9167.0,24.0,2799.919747114182,24.0,229.0,24.0,,
1644430081,1329,0.970000028610229,0.970000028610229,0.0,0.0,0.0,0.949999988079071,0.0099999997764825,0,0,49,713,1276,2016-05-11,,,,,,,49,762,,,,11.652777777777779,989.0,720.0,1179.0467112064368,720.0,0.05555555555555555,720.0,989.0,12.0,1179.0467112064366,12.0,40.0,12.0,,
1844505072,6697,4.42999982833862,4.42999982833862,0.0,0.0,0.0,4.42999982833862,0.0,0,0,339,1101,2030,2016-04-12,,,,,,,339,1440,,,,15.072222222222223,6697.0,1440.0,2030.8433204293258,1440.0,0.23541666666666666,1440.0,,,,,,,,
1844505072,4929,3.25999999046326,3.25999999046326,0.0,0.0,0.0,3.25999999046326,0.0,0,0,248,1192,1860,2016-04-13,,,,,,,248,1440,,,,13.805555555555555,4929.0,1440.0,1860.1716321110732,1440.0,0.17222222222222222,1440.0,4929.0,24.0,1860.171632111073,24.0,248.0,24.0,,
1844505072,7937,5.25,5.25,0.0,0.0,0.0,5.23000001907349,0.0,0,0,373,843,2130,2016-04-14,,,,,,,373,1216,,,,15.813888888888888,7905.0,1440.0,2130.7760875225076,1440.0,0.2590277777777778,1440.0,7905.0,24.0,2130.776087522507,24.0,373.0,24.0,224.0,1.0
1844505072,3844,2.53999996185303,2.53999996185303,0.0,0.0,0.0,2.53999996185303,0.0,0,0,176,527,1725,2016-04-15,644.0,961.0,1.0,,,,176,703,67.01352757544225,,,12.809722222222222,3844.0,1440.0,1725.9922431707387,1440.0,0.12222222222222222,1440.0,3844.0,24.0,1725.9922431707384,24.0,176.0,24.0,737.0,1.0
1844505072,3414,2.25999999046326,2.25999999046326,0.0,0.0,0.0,2.25999999046326,0.0,0,0,147,1293,1657,2016-04-16,,,,,,,147,1440,,,,12.302777777777777,3414.0,1440.0,1657.686136245728,1440.0,0.10208333333333333,1440.0,3414.0,24.0,1657.6861362457278,24.0,147.0,24.0,,
1844505072,4525,2.99000000953674,2.99000000953674,0.0,0.140000000596046,0.259999990463257,2.58999991416931,0.0,2,8,199,1231,1793,2016-04-17,,,,,,,209,1440,,,,13.313888888888888,4525.0,1440.0,1793.924066841603,1440.0,0.15347222222222223,1440.0,4525.0,24.0,1793.9240668416028,24.0,221.0,24.0,,
1844505072,4597,3.03999996185303,3.03999996185303,0.0,0.0,0.479999989271164,2.55999994277954,0.0,0,12,217,1211,1814,2016-04-18,,,,,,,229,1440,,,,13.46111111111111,4597.0,1440.0,1813.7609074115758,1440.0,0.1673611111111111,1440.0,4597.0,24.0,1813.7609074115758,24.0,241.0,24.0,,
1844505072,197,0.129999995231628,0.129999995231628,0.0,0.0,0.0,0.129999995231628,0.0,0,0,10,1430,1366,2016-04-19,,,,,,,10,1440,,,,10.141666666666667,197.0,1440.0,1366.496280014515,1440.0,0.006944444444444444,1440.0,197.0,24.0,1366.496280014515,24.0,10.0,24.0,,
1844505072,8,0.0099999997764825,0.0099999997764825,0.0,0.0,0.0,0.0099999997764825,0.0,0,0,1,1439,1349,2016-04-20,,,,,,,1,1440,,,,10.015277777777778,8.0,1440.0,1349.4665392637253,1440.0,0.0006944444444444445,1440.0,8.0,24.0,1349.4665392637253,24.0,1.0,24.0,,
1844505072,8054,5.32000017166138,5.32000017166138,0.0,0.119999997317791,0.519999980926514,4.67999982833862,0.0,2,13,308,1117,2062,2016-04-21,,,,,,,323,1440,,,,15.309722222222222,8054.0,1440.0,2062.844261229039,1440.0,0.2361111111111111,1440.0,8054.0,24.0,2062.8442612290387,24.0,340.0,24.0,,
1844505072,5372,3.54999995231628,3.54999995231628,0.0,0.0,0.0,3.54999995231628,0.0,0,0,220,1220,1827,2016-04-22,,,,,,,220,1440,,,,13.566666666666666,5372.0,1440.0,1827.9835464358334,1440.0,0.1527777777777778,1440.0,5372.0,24.0,1827.9835464358332,24.0,220.0,24.0,,
1844505072,3570,2.35999989509583,2.35999989509583,0.0,0.0,0.0,2.35999989509583,0.0,0,0,139,1301,1645,2016-04-23,,,,,,,139,1440,,,,12.209722222222222,3570.0,1440.0,1645.1477532386782,1440.0,0.09652777777777778,1440.0,3570.0,24.0,1645.1477532386782,24.0,139.0,24.0,,
1844505072,0,0.0,0.0,0.0,0.0,0.0,0.0,0.0,0,0,0,1440,1347,2016-04-24,,,,,,,0,1440,,,,10.0,0.0,1440.0,1347.4079990386963,1440.0,0.0,1440.0,0.0,24.0,1347.4079990386963,24.0,0.0,24.0,,
1844505072,0,0.0,0.0,0.0,0.0,0.0,0.0,0.0,0,0,0,1440,1347,2016-04-25,,,,,,,0,1440,,,,10.0,0.0,1440.0,1347.4079990386963,1440.0,0.0,1440.0,0.0,24.0,1347.4079990386963,24.0,0.0,24.0,,
1844505072,0,0.0,0.0,0.0,0.0,0.0,0.0,0.0,0,0,0,1440,1347,2016-04-26,,,,,,,0,1440,,,,10.0,0.0,1440.0,1347.4079990386963,1440.0,0.0,1440.0,0.0,24.0,1347.4079990386963,24.0,0.0,24.0,,
1844505072,4,0.0,0.0,0.0,0.0,0.0,0.0,0.0,0,0,1,1439,1348,2016-04-27,,,,,,,1,1440,,,,10.011111111111111,4.0,1440.0,1348.9051191806793,1440.0,0.0006944444444444445,1440.0,4.0,24.0,1348.9051191806793,24.0,1.0,24.0,,
1844505072,6907,4.57000017166138,4.57000017166138,0.0,0.0,0.0,4.55999994277954,0.0,0,0,302,1138,1992,2016-04-28,,,,,,,302,1440,,,,14.7875,6899.0,1440.0,1992.4796163439757,1440.0,0.20972222222222223,1440.0,6899.0,24.0,1992.4796163439755,24.0,302.0,24.0,,
1844505072,4920,3.25,3.25,0.0,0.0,0.0,3.25,0.0,0,0,247,1082,1856,2016-04-29,,,,,,,247,1329,,,,13.777777777777779,4920.0,1440.0,1856.4288311600692,1440.0,0.17152777777777778,1440.0,4920.0,24.0,1856.428831160069,24.0,247.0,24.0,111.0,1.0
1844505072,4014,2.67000007629395,2.67000007629395,0.0,0.0,0.0,2.65000009536743,0.0,0,0,184,218,1763,2016-04-30,722.0,961.0,1.0,,,,184,402,75.13007284079085,,,13.08611111111111,4014.0,1440.0,1763.2331088781361,1440.0,0.12777777777777777,1440.0,4014.0,24.0,1763.2331088781361,24.0,184.0,24.0,1038.0,2.0
1844505072,2573,1.70000004768372,1.70000004768372,0.0,0.0,0.259999990463257,1.45000004768372,0.0,0,7,75,585,1541,2016-05-01,590.0,961.0,1.0,,,,82,667,61.39438085327784,,,11.441666666666666,2573.0,1440.0,1541.6593274474146,1440.0,0.06180555555555556,1440.0,2573.0,24.0,1541.6593274474144,24.0,89.0,24.0,773.0,1.0
1844505072,0,0.0,0.0,0.0,0.0,0.0,0.0,0.0,0,0,0,1440,1348,2016-05-02,,,,,,,0,1440,,,,10.005555555555556,0.0,1440.0,1348.156559228897,1440.0,0.0,1440.0,0.0,24.0,1348.156559228897,24.0,0.0,24.0,,
1844505072,4059,2.6800000667572,2.6800000667572,0.0,0.0,0.0,2.6800000667572,0.0,0,0,184,1256,1742,2016-05-03,,,,,,,184,1440,,,,12.934722222222222,4059.0,1440.0,1742.8348437547688,1440.0,0.12777777777777777,1440.0,4059.0,24.0,1742.8348437547686,24.0,184.0,24.0,,
1844505072,2080,1.37000000476837,1.37000000476837,0.0,0.0,0.0,1.37000000476837,0.0,0,0,87,1353,1549,2016-05-04,,,,,,,87,1440,,,,11.501388888888888,2080.0,1440.0,1549.7063531279566,1440.0,0.06041666666666667,1440.0,2080.0,24.0,1549.7063531279564,24.0,87.0,24.0,,
1844505072,2237,1.48000001907349,1.48000001907349,0.0,0.0,0.0,1.48000001907349,0.0,0,0,120,1320,1589,2016-05-05,,,,,,,120,1440,,,,11.8,2237.0,1440.0,1589.9414545297625,1440.0,0.08333333333333333,1440.0,2237.0,24.0,1589.9414545297625,24.0,120.0,24.0,,
1844505072,44,0.0299999993294477,0.0299999993294477,0.0,0.0,0.0,0.0299999993294477,0.0,0,0,2,1438,1351,2016-05-06,,,,,,,2,1440,,,,10.029166666666667,44.0,1440.0,1351.3379392027855,1440.0,0.001388888888888889,1440.0,44.0,24.0,1351.3379392027855,24.0,2.0,24.0,,
1844505072,0,0.0,0.0,0.0,0.0,0.0,0.0,0.0,0,0,0,1440,1347,2016-05-07,,,,,,,0,1440,,,,10.001388888888888,0.0,1440.0,1347.5951390862465,1440.0,0.0,1440.0,0.0,24.0,1347.5951390862465,24.0,0.0,24.0,,
1844505072,0,0.0,0.0,0.0,0.0,0.0,0.0,0.0,0,0,0,1440,1347,2016-05-08,,,,,,,0,1440,,,,10.001388888888888,0.0,1440.0,1347.5951390862465,1440.0,0.0,1440.0,0.0,24.0,1347.5951390862465,24.0,0.0,24.0,,
1844505072,0,0.0,0.0,0.0,0.0,0.0,0.0,0.0,0,0,0,1440,1347,2016-05-09,,,,,,,0,1440,,,,10.0,0.0,1440.0,1347.4079990386963,1440.0,0.0,1440.0,0.0,24.0,1347.4079990386963,24.0,0.0,24.0,,
1844505072,0,0.0,0.0,0.0,0.0,0.0,0.0,0.0,0,0,0,1440,1347,2016-05-10,,,,,,,0,1440,,,,10.0,0.0,1440.0,1347.4079990386963,1440.0,0.0,1440.0,0.0,24.0,1347.4079990386963,24.0,0.0,24.0,,
1844505072,0,0.0,0.0,0.0,0.0,0.0,0.0,0.0,0,0,0,1440,1347,2016-05-11,,,,,,,0,1440,,,,10.0,0.0,1440.0,1347.4079990386963,1440.0,0.0,1440.0,0.0,24.0,1347.4079990386963,24.0,0.0,24.0,,
1844505072,0,0.0,0.0,0.0,0.0,0.0,0.0,0.0,0,0,0,711,665,2016-05-12,,,,,,,0,711,,,,10.0,0.0,660.0,617.5619995594025,660.0,0.0,660.0,0.0,24.0,1347.4079990386963,24.0,0.0,24.0,,
1927972279,678,0.469999998807907,0.469999998807907,0.0,0.0,0.0,0.469999998807907,0.0,0,0,55,734,2220,2016-04-12,750.0,775.0,3.0,,,,55,789,96.7741935483871,,,10.832638888888889,678.0,1440.0,2193.2194148302065,1440.0,0.03819444444444445,1440.0,,,,,,,651.0,3.0
1927972279,356,0.25,0.25,0.0,0.0,0.0,0.25,0.0,0,0,32,986,2151,2016-04-13,398.0,422.0,1.0,133.5,47.5400009155273,1.0,32,1018,94.31279620853081,,,10.426388888888889,356.0,1440.0,2151.0558328628567,1440.0,0.022222222222222223,1440.0,356.0,24.0,2151.0558328628554,24.0,32.0,24.0,422.0,1.0
1927972279,2163,1.5,1.5,0.0,0.0,0.400000005960464,1.10000002384186,0.0,0,9,88,1292,2383,2016-04-14,,,,,,,97,1389,,,,11.550694444444444,2163.0,1440.0,2383.009962677958,1440.0,0.07361111111111111,1440.0,2163.0,24.0,2383.009962677957,24.0,106.0,24.0,51.0,1.0
1927972279,980,0.680000007152557,0.680000007152557,0.0,0.0,0.0,0.680000007152557,0.0,0,0,51,941,2221,2016-04-15,475.0,499.0,2.0,,,,51,992,95.19038076152304,,,10.769444444444444,980.0,1440.0,2221.831213355067,1440.0,0.035416666666666666,1440.0,980.0,24.0,2221.8312133550658,24.0,51.0,24.0,448.0,2.0
1927972279,0,0.0,0.0,0.0,0.0,0.0,0.0,0.0,0,0,0,1440,2064,2016-04-16,,,,,,,0,1440,,,,10.0,0.0,1440.0,2063.0880546569856,1440.0,0.0,1440.0,0.0,24.0,2063.0880546569842,24.0,0.0,24.0,,
1927972279,0,0.0,0.0,0.0,0.0,0.0,0.0,0.0,0,0,0,1440,2063,2016-04-17,,,,,,,0,1440,,,,10.001388888888888,0.0,1440.0,2063.3745946884187,1440.0,0.0,1440.0,0.0,24.0,2063.3745946884173,24.0,0.0,24.0,,
1927972279,244,0.170000001788139,0.170000001788139,0.0,0.0,0.0,0.170000001788139,0.0,0,0,17,1423,2111,2016-04-18,,,,,,,17,1440,,,,10.233333333333333,244.0,1440.0,2111.2267738580736,1440.0,0.011805555555555555,1440.0,244.0,24.0,2111.2267738580717,24.0,17.0,24.0,,
1927972279,0,0.0,0.0,0.0,0.0,0.0,0.0,0.0,0,0,0,1440,2063,2016-04-19,,,,,,,0,1440,,,,10.0,0.0,1440.0,2063.0880546569856,1440.0,0.0,1440.0,0.0,24.0,2063.0880546569842,24.0,0.0,24.0,,
1927972279,0,0.0,0.0,0.0,0.0,0.0,0.0,0.0,0,0,0,1440,2063,2016-04-20,,,,,,,0,1440,,,,10.0,0.0,1440.0,2063.0880546569856,1440.0,0.0,1440.0,0.0,24.0,2063.0880546569842,24.0,0.0,24.0,,
1927972279,0,0.0,0.0,0.0,0.0,0.0,0.0,0.0,0,0,0,1440,2064,2016-04-21,,,,,,,0,1440,,,,10.004861111111111,0.0,1440.0,2064.0909444093736,1440.0,0.0,1440.0,0.0,24.0,2064.0909444093722,24.0,0.0,24.0,,
1927972279,149,0.100000001490116,0.100000001490116,0.0,0.0,0.0,0.100000001490116,0.0,0,0,10,1430,2093,2016-04-22,,,,,,,10,1440,,,,10.147222222222222,149.0,1440.0,2093.461294412616,1440.0,0.006944444444444444,1440.0,149.0,24.0,2093.4612944126147,24.0,10.0,24.0,,
1927972279,2945,2.03999996185303,2.03999996185303,0.0,0.0,0.0,2.03999996185303,0.0,0,0,145,1295,2499,2016-04-23,,,,,,,145,1440,,,,12.113888888888889,2945.0,1440.0,2499.201929688456,1440.0,0.10069444444444445,1440.0,2945.0,24.0,2499.201929688455,24.0,145.0,24.0,,
1927972279,2090,1.45000004768372,1.45000004768372,0.0,0.0700000002980232,0.239999994635582,1.13999998569489,0.0,1,6,75,1358,2324,2016-04-24,,,,,,,82,1440,,,,11.26875,2090.0,1440.0,2324.842341184619,1440.0,0.0625,1440.0,2090.0,24.0,2324.8423411846175,24.0,90.0,24.0,,
1927972279,152,0.109999999403954,0.109999999403954,0.0,0.0,0.0,0.109999999403954,0.0,0,0,12,1303,2100,2016-04-25,,,,,,,12,1315,,,,10.17361111111111,152.0,1440.0,2098.9055542945894,1440.0,0.008333333333333333,1440.0,152.0,24.0,2098.905554294588,24.0,12.0,24.0,125.0,1.0
1927972279,3761,2.59999990463257,2.59999990463257,0.0,0.0,0.0,2.59999990463257,0.0,0,0,192,1058,2638,2016-04-26,296.0,315.0,1.0,,,,192,1250,93.96825396825396,,,12.78888888888889,3761.0,1440.0,2638.4603676795978,1440.0,0.13333333333333333,1440.0,3761.0,24.0,2638.460367679597,24.0,192.0,24.0,190.0,1.0
1927972279,0,0.0,0.0,0.0,0.0,0.0,0.0,0.0,0,0,0,1440,2063,2016-04-27,,,,,,,0,1440,,,,10.001388888888888,0.0,1440.0,2063.3745946884187,1440.0,0.0,1440.0,0.0,24.0,2063.3745946884173,24.0,0.0,24.0,,
1927972279,1675,1.1599999666214,1.1599999666214,0.0,0.0,0.0,1.1599999666214,0.0,0,0,95,1167,2351,2016-04-28,166.0,178.0,1.0,,,,95,1262,93.25842696629213,,,11.396527777777777,1675.0,1440.0,2351.2040222883247,1440.0,0.06597222222222222,1440.0,1675.0,24.0,2351.2040222883234,24.0,95.0,24.0,178.0,1.0
1927972279,0,0.0,0.0,0.0,0.0,0.0,0.0,0.0,0,0,0,1440,2063,2016-04-29,,,,,,,0,1440,,,,10.0,0.0,1440.0,2063.0880546569856,1440.0,0.0,1440.0,0.0,24.0,2063.0880546569842,24.0,0.0,24.0,,
1927972279,0,0.0,0.0,0.0,0.0,0.0,0.0,0.0,0,0,0,1440,2064,2016-04-30,,,,,,,0,1440,,,,10.0,0.0,1440.0,2063.0880546569856,1440.0,0.0,1440.0,0.0,24.0,2063.0880546569842,24.0,0.0,24.0,,
1927972279,2704,1.87000000476837,1.87000000476837,0.0,1.00999999046326,0.0299999993294477,0.829999983310699,0.0,14,1,70,1355,2411,2016-05-01,,,,,,,85,1440,,,,11.688888888888888,2704.0,1440.0,2411.520695805552,1440.0,0.07916666666666666,1440.0,2704.0,24.0,2411.520695805551,24.0,114.0,24.0,,
1927972279,3790,2.61999988555908,2.61999988555908,0.0,1.1599999666214,0.300000011920929,1.1599999666214,0.0,16,8,94,1322,2505,2016-05-02,,,,,,,118,1440,,,,12.14236111111111,3790.0,1440.0,2505.07600283623,1440.0,0.10972222222222222,1440.0,3790.0,24.0,2505.076002836229,24.0,158.0,24.0,,
1927972279,1326,0.920000016689301,0.920000016689301,0.0,0.730000019073486,0.0,0.180000007152557,0.0,10,0,17,1413,2195,2016-05-03,,,,,,,27,1440,,,,10.64375,1326.0,1440.0,2195.899344801906,1440.0,0.03263888888888889,1440.0,1326.0,24.0,2195.8993448019046,24.0,47.0,24.0,,
1927972279,1786,1.24000000953674,1.24000000953674,0.0,0.0,0.0,1.24000000953674,0.0,0,0,87,1353,2338,2016-05-04,,,,,,,87,1440,,,,11.33611111111111,1786.0,1440.0,2338.7395328283333,1440.0,0.06041666666666667,1440.0,1786.0,24.0,2338.7395328283324,24.0,87.0,24.0,,
1927972279,0,0.0,0.0,0.0,0.0,0.0,0.0,0.0,0,0,0,1440,2063,2016-05-05,,,,,,,0,1440,,,,10.0,0.0,1440.0,2063.0880546569856,1440.0,0.0,1440.0,0.0,24.0,2063.0880546569842,24.0,0.0,24.0,,
1927972279,2091,1.45000004768372,1.45000004768372,0.0,0.0,0.0,1.45000004768372,0.0,0,0,108,1332,2383,2016-05-06,,,,,,,108,1440,,,,11.550694444444444,2091.0,1440.0,2383.009961128237,1440.0,0.075,1440.0,2091.0,24.0,2383.0099611282362,24.0,108.0,24.0,,
1927972279,1510,1.03999996185303,1.03999996185303,0.0,0.0,0.0,1.03999996185303,0.0,0,0,48,1392,2229,2016-05-07,,,,,,,48,1440,,,,10.809027777777779,1510.0,1440.0,2229.9976034164456,1440.0,0.03333333333333333,1440.0,1510.0,24.0,2229.9976034164442,24.0,48.0,24.0,,
1927972279,0,0.0,0.0,0.0,0.0,0.0,0.0,0.0,0,0,0,1440,2063,2016-05-08,,,,,,,0,1440,,,,10.000694444444445,0.0,1440.0,2063.231324672702,1440.0,0.0,1440.0,0.0,24.0,2063.231324672701,24.0,0.0,24.0,,
1927972279,0,0.0,0.0,0.0,0.0,0.0,0.0,0.0,0,0,0,1440,2063,2016-05-09,,,,,,,0,1440,,,,10.0,0.0,1440.0,2063.0880546569856,1440.0,0.0,1440.0,0.0,24.0,2063.0880546569842,24.0,0.0,24.0,,
1927972279,0,0.0,0.0,0.0,0.0,0.0,0.0,0.0,0,0,0,1440,2063,2016-05-10,,,,,,,0,1440,,,,10.0,0.0,1440.0,2063.0880546569856,1440.0,0.0,1440.0,0.0,24.0,2063.0880546569842,24.0,0.0,24.0,,
1927972279,0,0.0,0.0,0.0,0.0,0.0,0.0,0.0,0,0,0,1440,2063,2016-05-11,,,,,,,0,1440,,,,10.0,0.0,1440.0,2063.0880546569856,1440.0,0.0,1440.0,0.0,24.0,2063.0880546569842,24.0,0.0,24.0,,
1927972279,0,0.0,0.0,0.0,0.0,0.0,0.0,0.0,0,0,0,966,1383,2016-05-12,,,,,,,0,966,,,,10.0,0.0,960.0,1375.3920364379903,960.0,0.0,960.0,0.0,24.0,2063.231324672701,24.0,0.0,24.0,,
2022484408,11875,8.34000015258789,8.34000015258789,0.0,3.30999994277954,0.769999980926514,4.26000022888184,0.0,42,14,227,1157,2390,2016-04-12,,,,,,,283,1440,,75.80417700578991,4836.0,15.996527777777779,11875.0,1440.0,2390.341976642606,1440.0,0.26458333333333334,1440.0,,,,,,,,
2022484408,12024,8.5,8.5,0.0,2.99000000953674,0.100000001490116,5.40999984741211,0.0,43,5,292,1100,2601,2016-04-13,,,,,,,340,1440,,80.33758439609902,5332.0,17.4125,12024.0,1440.0,2601.9290115833255,1440.0,0.29930555555555555,1440.0,12024.0,24.0,2601.9290115833246,24.0,431.0,24.0,,
2022484408,10690,7.5,7.5,0.0,2.48000001907349,0.209999993443489,4.82000017166138,0.0,32,3,257,1148,2312,2016-04-14,,,,,,,292,1440,,72.62859712230215,5560.0,15.478472222222223,10690.0,1440.0,2312.9295618534065,1440.0,0.24930555555555556,1440.0,10690.0,24.0,2312.9295618534056,24.0,359.0,24.0,,
2022484408,11034,8.02999973297119,8.02999973297119,0.0,1.94000005722046,0.310000002384186,5.78000020980835,0.0,27,9,282,1122,2525,2016-04-15,,,,,,,318,1440,,80.43738211995473,5302.0,16.904166666666665,11034.0,1440.0,2525.9693710803963,1440.0,0.26458333333333334,1440.0,11034.0,24.0,2525.9693710803954,24.0,381.0,24.0,,
2022484408,10100,7.09000015258789,7.09000015258789,0.0,3.15000009536743,0.550000011920929,3.39000010490417,0.0,41,11,151,1237,2177,2016-04-16,,,,,,,203,1440,,75.96054724785238,3143.0,14.572222222222223,10100.0,1440.0,2177.5097349882085,1440.0,0.20555555555555555,1440.0,10100.0,24.0,2177.5097349882076,24.0,296.0,24.0,,
2022484408,15112,11.3999996185303,11.3999996185303,0.0,3.86999988555908,0.660000026226044,6.88000011444092,0.0,28,29,331,1052,2782,2016-04-17,,,,,,,388,1440,,83.9171382376718,4948.0,18.620833333333334,15112.0,1440.0,2782.4888144731485,1440.0,0.3284722222222222,1440.0,15112.0,24.0,2782.488814473148,24.0,473.0,24.0,,
2022484408,14131,10.0699996948242,10.0699996948242,0.0,3.64000010490417,0.119999997317791,6.30000019073486,0.0,48,3,311,1078,2770,2016-04-18,,,,,,,362,1440,,82.71282877079979,5589.0,18.543055555555554,14131.0,1440.0,2770.8665678501106,1440.0,0.32013888888888886,1440.0,14131.0,24.0,2770.8665678501097,24.0,461.0,24.0,,
2022484408,11548,8.52999973297119,8.52999973297119,0.0,3.28999996185303,0.239999994635582,5.0,0.0,31,7,250,1152,2489,2016-04-19,,,,,,,288,1440,,81.954,4500.0,16.65277777777778,11548.0,1440.0,2488.4046367406813,1440.0,0.24791666666666667,1440.0,11548.0,24.0,2488.4046367406804,24.0,357.0,24.0,,
2022484408,15112,10.6700000762939,10.6700000762939,0.0,3.33999991416931,1.92999994754791,5.40000009536743,0.0,48,63,276,1053,2897,2016-04-20,,,,,,,387,1440,,83.44403973509934,6040.0,19.38888888888889,15112.0,1440.0,2897.2584198713284,1440.0,0.37916666666666665,1440.0,15112.0,24.0,2897.2584198713275,24.0,546.0,24.0,,
2022484408,12453,8.73999977111816,8.73999977111816,0.0,3.32999992370605,1.11000001430511,4.30999994277954,0.0,104,53,255,1028,3158,2016-04-21,,,,,,,412,1440,,86.37481962481962,5544.0,21.1375,12453.0,1440.0,3158.5512892007805,1440.0,0.4673611111111111,1440.0,12453.0,24.0,3158.5512892007796,24.0,673.0,24.0,,
2022484408,12954,9.32999992370605,9.32999992370605,0.0,4.42999982833862,0.419999986886978,4.46999979019165,0.0,52,10,273,1105,2638,2016-04-22,,,,,,,335,1440,,80.12544357700497,5636.0,17.660416666666666,12954.0,1440.0,2638.974889636038,1440.0,0.31180555555555556,1440.0,12954.0,24.0,2638.974889636037,24.0,449.0,24.0,,
2022484408,6001,4.21000003814697,4.21000003814697,0.0,0.0,0.0,4.21000003814697,0.0,0,0,249,1191,2069,2016-04-23,,,,,,,249,1440,,71.75562470081378,4178.0,13.847222222222221,6001.0,1440.0,2069.1738414764372,1440.0,0.17291666666666666,1440.0,6001.0,24.0,2069.1738414764363,24.0,249.0,24.0,,
2022484408,13481,10.2799997329712,10.2799997329712,0.0,4.55000019073486,1.14999997615814,4.57999992370605,0.0,37,26,216,1161,2529,2016-04-24,,,,,,,279,1440,,82.42124019957234,4209.0,16.929166666666667,13481.0,1440.0,2529.7051029205286,1440.0,0.26319444444444445,1440.0,13481.0,24.0,2529.7051029205277,24.0,379.0,24.0,,
2022484408,11369,8.01000022888184,8.01000022888184,0.0,3.32999992370605,0.219999998807907,4.46000003814697,0.0,44,8,217,1171,2470,2016-04-25,,,,,,,269,1440,,82.59916054564533,3812.0,16.53125,11369.0,1440.0,2470.2448982000315,1440.0,0.2534722222222222,1440.0,11369.0,24.0,2470.244898200031,24.0,365.0,24.0,,
2022484408,10119,7.19000005722046,7.19000005722046,0.0,1.42999994754791,0.660000026226044,5.1100001335144,0.0,55,24,275,1086,2793,2016-04-26,,,,,,,354,1440,,83.27837450769782,5586.0,18.693055555555556,10119.0,1440.0,2793.2808830738045,1440.0,0.3388888888888889,1440.0,10119.0,24.0,2793.2808830738036,24.0,488.0,24.0,,
2022484408,10159,7.13000011444092,7.13000011444092,0.0,1.03999996185303,0.970000028610229,5.11999988555908,0.0,19,20,282,1119,2463,2016-04-27,,,,,,,321,1440,,80.89912181941004,4441.0,16.48402777777778,10159.0,1440.0,2463.188529014584,1440.0,0.26319444444444445,1440.0,10159.0,24.0,2463.1885290145833,24.0,379.0,24.0,,
2022484408,10140,7.11999988555908,7.11999988555908,0.0,0.409999996423721,1.33000004291534,5.3899998664856,0.0,6,20,291,1123,2296,2016-04-28,,,,,,,317,1440,,71.25103398669305,5561.0,15.365277777777777,10140.0,1440.0,2296.0150504112225,1440.0,0.2423611111111111,1440.0,10140.0,24.0,2296.0150504112216,24.0,349.0,24.0,,
2022484408,10245,7.19000005722046,7.19000005722046,0.0,0.479999989271164,1.21000003814697,5.5,0.0,21,40,281,1098,2611,2016-04-29,,,,,,,342,1440,,83.41287251655629,4832.0,17.476388888888888,10245.0,1440.0,2611.475851416585,1440.0,0.29444444444444445,1440.0,10245.0,24.0,2611.475851416584,24.0,424.0,24.0,,
2022484408,18387,12.9099998474121,12.9099998474121,0.0,0.939999997615814,1.39999997615814,10.5699996948242,0.0,13,23,361,1043,2732,2016-04-30,,,,,,,397,1440,,77.54921618665695,5486.0,18.28472222222222,18387.0,1440.0,2732.264126896856,1440.0,0.30972222222222223,1440.0,18387.0,24.0,2732.264126896855,24.0,446.0,24.0,,
2022484408,10538,7.40000009536743,7.40000009536743,0.0,1.94000005722046,0.959999978542328,4.5,0.0,25,28,245,1142,2380,2016-05-01,,,,,,,298,1440,,73.53145917001339,4482.0,15.930555555555555,10538.0,1440.0,2380.4838380813567,1440.0,0.2611111111111111,1440.0,10538.0,24.0,2380.483838081356,24.0,376.0,24.0,,
2022484408,10379,7.28999996185303,7.28999996185303,0.0,2.60999989509583,0.340000003576279,4.32999992370605,0.0,36,8,277,1119,2473,2016-05-02,,,,,,,321,1440,,77.17174302533914,7814.0,16.55625,10379.0,1440.0,2473.9806094169585,1440.0,0.27847222222222223,1440.0,10379.0,24.0,2473.980609416958,24.0,401.0,24.0,,
2022484408,12183,8.73999977111816,8.73999977111816,0.0,3.99000000953674,0.46000000834465,4.28000020980835,0.0,72,14,250,1104,2752,2016-05-03,,,,,,,336,1440,,83.01962158374212,5708.0,18.41875,12183.0,1440.0,2752.291734814642,1440.0,0.34305555555555556,1440.0,12183.0,24.0,2752.2917348146407,24.0,494.0,24.0,,
2022484408,11768,8.28999996185303,8.28999996185303,0.0,2.50999999046326,0.930000007152557,4.84999990463257,0.0,36,27,272,1105,2649,2016-05-04,,,,,,,335,1440,,82.8033734939759,6225.0,17.731944444444444,11768.0,1440.0,2649.6632131338097,1440.0,0.3013888888888889,1440.0,11768.0,24.0,2649.6632131338088,24.0,434.0,24.0,,
2022484408,11895,8.35000038146973,8.35000038146973,0.0,2.78999996185303,0.860000014305115,4.69999980926514,0.0,55,20,253,1112,2609,2016-05-05,,,,,,,328,1440,,80.71003111572085,6749.0,17.461805555555557,11895.0,1440.0,2609.2966905832263,1440.0,0.31805555555555554,1440.0,11895.0,24.0,2609.296690583226,24.0,458.0,24.0,,
2022484408,10227,7.17999982833862,7.17999982833862,0.0,1.87000000476837,0.670000016689301,4.6399998664856,0.0,24,17,295,1104,2498,2016-05-06,,,,,,,336,1440,,81.7220977976857,5358.0,16.721527777777776,10227.0,1440.0,2498.677861213682,1440.0,0.27847222222222223,1440.0,10227.0,24.0,2498.677861213681,24.0,401.0,24.0,,
2022484408,6708,4.71000003814697,4.71000003814697,0.0,1.61000001430511,0.0799999982118607,3.01999998092651,0.0,20,2,149,1269,1995,2016-05-07,,,,,,,171,1440,,76.06818181818181,2596.0,13.355555555555556,6708.0,1440.0,1995.7046965360596,1440.0,0.14791666666666667,1440.0,6708.0,24.0,1995.7046965360585,24.0,213.0,24.0,,
2022484408,3292,2.30999994277954,2.30999994277954,0.0,0.0,0.0,2.30999994277954,0.0,0,0,135,1305,1848,2016-05-08,,,,,,,135,1440,,76.95872093023256,1720.0,12.361805555555556,3292.0,1440.0,1847.2098367214155,1440.0,0.09375,1440.0,3292.0,24.0,1847.2098367214144,24.0,135.0,24.0,,
2022484408,13379,9.39000034332275,9.39000034332275,0.0,2.11999988555908,1.62999999523163,5.6399998664856,0.0,35,47,297,1061,2709,2016-05-09,,,,,,,379,1440,,81.51448231717075,6249.0,18.13125,13379.0,1440.0,2709.3309576511365,1440.0,0.34444444444444444,1440.0,13379.0,24.0,2709.330957651135,24.0,496.0,24.0,,
2022484408,12798,8.97999954223633,8.97999954223633,0.0,2.22000002861023,1.21000003814697,5.55999994277954,0.0,57,28,271,1084,2797,2016-05-10,,,,,,,356,1440,,86.58479771148345,4894.0,18.72013888888889,12798.0,1440.0,2797.3279290199253,1440.0,0.3458333333333333,1440.0,12798.0,24.0,2797.3279290199243,24.0,498.0,24.0,,
2022484408,13272,9.31999969482422,9.31999969482422,0.0,4.17999982833862,1.14999997615814,3.99000000953674,0.0,58,25,224,1133,2544,2016-05-11,,,,,,,307,1440,,83.52272192135625,4247.0,17.029166666666665,13272.0,1440.0,2544.647983551022,1440.0,0.3111111111111111,1440.0,13272.0,24.0,2544.647983551021,24.0,448.0,24.0,,
2022484408,9117,6.40999984741211,6.40999984741211,0.0,1.27999997138977,0.670000016689301,4.44000005722046,0.0,16,16,236,728,1853,2016-05-12,,,,,,,268,996,,81.4136660051035,3527.0,17.377777777777776,7674.0,900.0,1622.9628175497037,900.0,0.29777777777777775,900.0,10528.0,24.0,2493.2818140983554,24.0,380.0,24.0,,
2026352035,4414,2.74000000953674,2.74000000953674,0.0,0.189999997615814,0.349999994039536,2.20000004768372,0.0,3,8,181,706,1459,2016-04-12,503.0,546.0,1.0,,,,192,898,92.12454212454213,,,13.07638888888889,4414.0,1440.0,1459.5132873058324,1440.0,0.14305555555555555,1440.0,,,,,,,542.0,2.0
2026352035,4993,3.09999990463257,3.09999990463257,0.0,0.0,0.0,3.09999990463257,0.0,0,0,238,663,1521,2016-04-13,531.0,565.0,1.0,,,,238,901,93.98230088495575,,,13.636111111111111,4993.0,1440.0,1521.9863462448125,1440.0,0.16527777777777777,1440.0,4993.0,24.0,1521.9863462448125,24.0,238.0,24.0,539.0,2.0
2026352035,3335,2.0699999332428,2.0699999332428,0.0,0.0,0.0,2.04999995231628,0.0,0,0,197,653,1431,2016-04-14,545.0,568.0,1.0,,,,197,850,95.95070422535211,,,12.82013888888889,3305.0,1440.0,1430.9120966196065,1440.0,0.13680555555555557,1440.0,3305.0,24.0,1430.9120966196065,24.0,197.0,24.0,590.0,2.0
2026352035,3821,2.36999988555908,2.36999988555908,0.0,0.0,0.0,2.36999988555908,0.0,0,0,188,687,1444,2016-04-15,523.0,573.0,1.0,,,,188,875,91.2739965095986,,,12.945833333333333,3821.0,1440.0,1444.941407680512,1440.0,0.13055555555555556,1440.0,3821.0,24.0,1444.941407680512,24.0,188.0,24.0,565.0,2.0
2026352035,2547,1.58000004291534,1.58000004291534,0.0,0.0,0.0,1.58000004291534,0.0,0,0,150,728,1373,2016-04-16,524.0,567.0,1.0,,,,150,878,92.41622574955909,,,12.308333333333334,2547.0,1440.0,1373.7872273921969,1440.0,0.10416666666666667,1440.0,2547.0,24.0,1373.7872273921969,24.0,150.0,24.0,562.0,2.0
2026352035,838,0.519999980926514,0.519999980926514,0.0,0.0,0.0,0.519999980926514,0.0,0,0,60,1053,1214,2016-04-17,437.0,498.0,1.0,,,,60,1113,87.75100401606426,68.65625,192.0,10.885416666666666,838.0,1440.0,1214.9692386388779,1440.0,0.041666666666666664,1440.0,838.0,24.0,1214.9692386388779,24.0,60.0,24.0,327.0,1.0
2026352035,3325,2.05999994277954,2.05999994277954,0.0,0.0,0.0,2.05999994277954,0.0,0,0,182,1062,1419,2016-04-18,,,,,,,182,1244,,,,12.713888888888889,3325.0,1440.0,1419.0530667304997,1440.0,0.12638888888888888,1440.0,3325.0,24.0,1419.0530667304997,24.0,182.0,24.0,196.0,1.0
2026352035,2424,1.5,1.5,0.0,0.0,0.0,1.5,0.0,0,0,141,785,1356,2016-04-19,498.0,540.0,1.0,,,,141,926,92.22222222222223,,,12.15,2424.0,1440.0,1356.114947319031,1440.0,0.09791666666666667,1440.0,2424.0,24.0,1356.1149473190312,24.0,141.0,24.0,514.0,2.0
2026352035,7222,4.48000001907349,4.48000001907349,0.0,0.0,0.0,4.48000001907349,0.0,0,0,327,623,1667,2016-04-20,461.0,510.0,1.0,,,,327,950,90.3921568627451,,,14.936805555555555,7222.0,1440.0,1667.1625765562064,1440.0,0.22708333333333333,1440.0,7222.0,24.0,1667.1625765562064,24.0,327.0,24.0,490.0,2.0
2026352035,2467,1.52999997138977,1.52999997138977,0.0,0.0,0.0,1.52999997138977,0.0,0,0,153,749,1370,2016-04-21,477.0,514.0,1.0,,,,153,902,92.80155642023347,,,12.279861111111112,2467.0,1440.0,1370.6093171834948,1440.0,0.10625,1440.0,2467.0,24.0,1370.609317183495,24.0,153.0,24.0,538.0,2.0
2026352035,2915,1.80999994277954,1.80999994277954,0.0,0.0,0.0,1.80999994277954,0.0,0,0,162,712,1399,2016-04-22,520.0,545.0,1.0,,,,162,874,95.41284403669725,,,12.536805555555556,2915.0,1440.0,1399.2880176305775,1440.0,0.1125,1440.0,2915.0,24.0,1399.2880176305775,24.0,162.0,24.0,566.0,2.0
2026352035,12357,7.71000003814697,7.71000003814697,0.0,0.0,0.0,7.71000003814697,0.0,0,0,432,458,1916,2016-04-23,522.0,554.0,1.0,,,,432,890,94.22382671480145,,,17.165277777777778,12357.0,1440.0,1915.8921670913705,1440.0,0.3,1440.0,12357.0,24.0,1915.8921670913703,24.0,432.0,24.0,550.0,2.0
2026352035,3490,2.16000008583069,2.16000008583069,0.0,0.0,0.0,2.16000008583069,0.0,0,0,164,704,1401,2016-04-24,555.0,591.0,1.0,,,,164,868,93.90862944162437,,,12.555555555555555,3490.0,1440.0,1401.3807868957522,1440.0,0.11388888888888889,1440.0,3490.0,24.0,1401.3807868957524,24.0,164.0,24.0,572.0,2.0
2026352035,6017,3.73000001907349,3.73000001907349,0.0,0.0,0.0,3.73000001907349,0.0,0,0,260,821,1576,2016-04-25,506.0,531.0,1.0,,,,260,1081,95.29190207156309,99.50581395348837,516.0,14.128472222222221,6017.0,1440.0,1576.9409376382832,1440.0,0.18055555555555555,1440.0,6017.0,24.0,1576.9409376382832,24.0,260.0,24.0,359.0,1.0
2026352035,5933,3.6800000667572,3.6800000667572,0.0,0.0,0.0,3.6800000667572,0.0,0,0,288,1018,1595,2016-04-26,,,,,,,288,1306,,,,14.293055555555556,5933.0,1440.0,1595.3108055591588,1440.0,0.2,1440.0,5933.0,24.0,1595.3108055591588,24.0,288.0,24.0,134.0,1.0
2026352035,6088,3.76999998092651,3.76999998092651,0.0,0.0,0.0,3.76999998092651,0.0,0,0,286,586,1593,2016-04-27,508.0,545.0,1.0,,,,286,872,93.21100917431193,,,14.276388888888889,6088.0,1440.0,1593.4505655765538,1440.0,0.1986111111111111,1440.0,6088.0,24.0,1593.4505655765538,24.0,286.0,24.0,568.0,2.0
2026352035,6375,3.95000004768372,3.95000004768372,0.0,0.0,0.0,3.95000004768372,0.0,0,0,331,626,1649,2016-04-28,513.0,545.0,1.0,,,,331,957,94.12844036697248,,,14.78125,6375.0,1440.0,1649.8003345727927,1440.0,0.2298611111111111,1440.0,6375.0,24.0,1649.8003345727927,24.0,331.0,24.0,483.0,2.0
2026352035,7604,4.71000003814697,4.71000003814697,0.0,0.0,0.0,4.71000003814697,0.0,0,0,352,492,1692,2016-04-29,490.0,510.0,1.0,,,,352,844,96.07843137254902,,,15.167361111111111,7604.0,1440.0,1692.8958951234824,1440.0,0.24444444444444444,1440.0,7604.0,24.0,1692.8958951234824,24.0,352.0,24.0,596.0,2.0
2026352035,4729,2.9300000667572,2.9300000667572,0.0,0.0,0.0,2.9300000667572,0.0,0,0,233,594,1506,2016-04-30,573.0,607.0,1.0,,,,233,827,94.39868204283361,,,13.496527777777779,4729.0,1440.0,1506.4068363904958,1440.0,0.16180555555555556,1440.0,4729.0,24.0,1506.4068363904958,24.0,233.0,24.0,613.0,2.0
2026352035,3609,2.27999997138977,2.27999997138977,0.0,0.0,0.0,2.27999997138977,0.0,0,0,191,716,1447,2016-05-01,527.0,546.0,1.0,,,,191,907,96.52014652014653,,,12.970138888888888,3609.0,1440.0,1447.6542574167256,1440.0,0.1326388888888889,1440.0,3609.0,24.0,1447.6542574167256,24.0,191.0,24.0,533.0,2.0
2026352035,7018,4.34999990463257,4.34999990463257,0.0,0.0,0.0,4.34999990463257,0.0,0,0,355,716,1690,2016-05-02,511.0,543.0,1.0,,,,355,1071,94.10681399631676,84.13457076566125,431.0,15.144444444444444,7018.0,1440.0,1690.3380646705634,1440.0,0.2465277777777778,1440.0,7018.0,24.0,1690.3380646705634,24.0,355.0,24.0,369.0,1.0
2026352035,5992,3.72000002861023,3.72000002861023,0.0,0.0,0.0,3.72000002861023,0.0,0,0,304,981,1604,2016-05-03,,,,,,,304,1285,,,,14.373611111111112,5992.0,1440.0,1604.301965475083,1440.0,0.2111111111111111,1440.0,5992.0,24.0,1604.3019654750829,24.0,304.0,24.0,155.0,1.0
2026352035,6564,4.07000017166138,4.07000017166138,0.0,0.0,0.0,4.07000017166138,0.0,0,0,345,530,1658,2016-05-04,538.0,560.0,1.0,,,,345,875,96.07142857142857,,,14.858333333333333,6564.0,1440.0,1658.4039447307593,1440.0,0.23958333333333334,1440.0,6564.0,24.0,1658.4039447307593,24.0,345.0,24.0,564.0,2.0
2026352035,12167,7.53999996185303,7.53999996185303,0.0,0.0,0.0,7.53999996185303,0.0,0,0,475,479,1926,2016-05-05,468.0,485.0,1.0,,,,475,954,96.49484536082474,,,17.260416666666668,12167.0,1440.0,1926.5110327005395,1440.0,0.3298611111111111,1440.0,12167.0,24.0,1926.5110327005393,24.0,475.0,24.0,486.0,2.0
2026352035,8198,5.07999992370605,5.07999992370605,0.0,0.0,0.0,5.07999992370605,0.0,0,0,383,511,1736,2016-05-06,524.0,548.0,1.0,,,,383,894,95.62043795620438,,,15.561805555555555,8198.0,1440.0,1736.9215742349631,1440.0,0.2659722222222222,1440.0,8198.0,24.0,1736.9215742349631,24.0,383.0,24.0,546.0,2.0
2026352035,4193,2.59999990463257,2.59999990463257,0.0,0.0,0.0,2.59999990463257,0.0,0,0,229,665,1491,2016-05-07,511.0,521.0,1.0,,,,229,894,98.0806142034549,,,13.361805555555556,4193.0,1440.0,1491.3698960542683,1440.0,0.15902777777777777,1440.0,4193.0,24.0,1491.3698960542686,24.0,229.0,24.0,545.0,2.0
2026352035,5528,3.45000004768372,3.45000004768372,0.0,0.0,0.0,3.45000004768372,0.0,0,0,258,610,1555,2016-05-08,541.0,568.0,1.0,,,,258,868,95.24647887323944,,,13.933333333333334,5528.0,1440.0,1555.1606262922294,1440.0,0.17916666666666667,1440.0,5528.0,24.0,1555.1606262922294,24.0,258.0,24.0,572.0,2.0
2026352035,10685,6.61999988555908,6.61999988555908,0.0,0.0,0.0,6.59999990463257,0.0,0,0,401,543,1869,2016-05-09,531.0,556.0,1.0,,,,401,944,95.50359712230215,98.2339008142117,1351.0,16.720833333333335,10652.0,1440.0,1866.2857642173776,1440.0,0.27847222222222223,1440.0,10652.0,24.0,1866.2857642173774,24.0,401.0,24.0,496.0,2.0
2026352035,254,0.159999996423721,0.159999996423721,0.0,0.0,0.0,0.159999996423721,0.0,0,0,17,1002,1141,2016-05-10,357.0,380.0,1.0,,,,17,1019,93.94736842105263,,,10.22638888888889,254.0,1440.0,1141.4122493267057,1440.0,0.011805555555555555,1440.0,254.0,24.0,1141.412249326706,24.0,17.0,24.0,421.0,2.0
2026352035,8580,5.32000017166138,5.32000017166138,0.0,0.0,0.0,5.32000017166138,0.0,0,0,330,569,1698,2016-05-11,523.0,553.0,1.0,,,,330,899,94.5750452079566,,,15.21875,8580.0,1440.0,1698.6316353082664,1440.0,0.22916666666666666,1440.0,8580.0,24.0,1698.6316353082664,24.0,330.0,24.0,541.0,2.0
2026352035,8891,5.51000022888184,5.51000022888184,0.0,0.0,0.0,5.51000022888184,0.0,0,0,343,330,1364,2016-05-12,456.0,485.0,1.0,,,,343,673,94.02061855670104,,,17.419791666666665,8449.0,960.0,1296.1997183561332,960.0,0.3333333333333333,960.0,13625.0,24.0,2036.0326616764078,24.0,548.0,24.0,330.0,1.0
2320127002,10725,7.48999977111816,7.48999977111816,0.0,1.16999995708466,0.310000002384186,6.01000022888184,0.0,13,9,306,1112,2124,2016-04-12,,,,,,,328,1440,,,,16.03472222222222,10725.0,1440.0,2124.2800059318542,1440.0,0.2520833333333333,1440.0,,,,,,,,
2320127002,7275,4.90000009536743,4.90000009536743,0.0,0.0,0.0,4.90000009536743,0.0,0,0,335,1105,2003,2016-04-13,,,,,,,335,1440,,,,15.126388888888888,7275.0,1440.0,2003.9439977407449,1440.0,0.2326388888888889,1440.0,7275.0,24.0,2003.9439977407444,24.0,335.0,24.0,,
2320127002,3973,2.6800000667572,2.6800000667572,0.0,0.0,0.0,2.6800000667572,0.0,0,0,191,1249,1696,2016-04-14,,,,,,,191,1440,,,,12.802777777777777,3973.0,1440.0,1696.1120111346245,1440.0,0.1326388888888889,1440.0,3973.0,24.0,1696.1120111346243,24.0,191.0,24.0,,
2320127002,5205,3.50999999046326,3.50999999046326,0.0,0.0,0.0,3.50999999046326,0.0,0,0,245,1195,1801,2016-04-15,,,,,,,245,1440,,,,13.60138888888889,5205.0,1440.0,1801.912008702755,1440.0,0.1701388888888889,1440.0,5205.0,24.0,1801.9120087027545,24.0,245.0,24.0,,
2320127002,5057,3.41000008583069,3.41000008583069,0.0,0.0,0.0,3.40000009536743,0.0,0,0,195,1245,1724,2016-04-16,,,,,,,195,1440,,,,13.015277777777778,5044.0,1440.0,1724.264014363289,1440.0,0.13541666666666666,1440.0,5044.0,24.0,1724.2640143632889,24.0,195.0,24.0,,
2320127002,6198,4.17999982833862,4.17999982833862,0.0,0.0,0.0,4.17999982833862,0.0,0,0,249,1191,1852,2016-04-17,,,,,,,249,1440,,,,13.98611111111111,6198.0,1440.0,1852.8800063133235,1440.0,0.17291666666666666,1440.0,6198.0,24.0,1852.8800063133233,24.0,249.0,24.0,,
2320127002,6559,4.42000007629395,4.42000007629395,0.0,0.0,0.259999990463257,4.1399998664856,0.0,0,7,260,1173,1905,2016-04-18,,,,,,,267,1440,,,,14.380555555555556,6538.0,1440.0,1905.1359999775875,1440.0,0.19027777777777777,1440.0,6538.0,24.0,1905.1359999775875,24.0,274.0,24.0,,
2320127002,5997,4.03999996185303,4.03999996185303,0.0,0.0,0.379999995231628,3.66000008583069,0.0,0,11,228,1201,1811,2016-04-19,,,,,,,239,1440,,,,13.675,5997.0,1440.0,1811.6640110611918,1440.0,0.1736111111111111,1440.0,5997.0,24.0,1811.6640110611913,24.0,250.0,24.0,,
2320127002,7192,4.84999990463257,4.84999990463257,0.0,0.0,0.490000009536743,4.34000015258789,0.0,0,11,283,1146,1922,2016-04-20,,,,,,,294,1440,,,,14.5125,7162.0,1440.0,1922.6160064935684,1440.0,0.21180555555555555,1440.0,7162.0,24.0,1922.616006493568,24.0,305.0,24.0,,
2320127002,3404,2.28999996185303,2.28999996185303,0.0,0.0599999986588955,0.419999986886978,1.80999994277954,0.0,1,10,127,1302,1610,2016-04-21,,,,,,,138,1440,,,,12.159722222222221,3404.0,1440.0,1610.9200146794321,1440.0,0.10416666666666667,1440.0,3404.0,24.0,1610.9200146794317,24.0,150.0,24.0,,
2320127002,5583,3.75999999046326,3.75999999046326,0.0,0.0,0.0,3.75999999046326,0.0,0,0,266,1174,1851,2016-04-22,,,,,,,266,1440,,,,13.979166666666666,5583.0,1440.0,1851.960004687309,1440.0,0.18472222222222223,1440.0,5583.0,24.0,1851.9600046873086,24.0,266.0,24.0,,
2320127002,5079,3.42000007629395,3.42000007629395,0.0,0.0,0.0,3.42000007629395,0.0,0,0,242,1129,1804,2016-04-23,61.0,69.0,1.0,,,,242,1371,88.40579710144928,,,13.619444444444444,5079.0,1440.0,1804.304005563259,1440.0,0.16805555555555557,1440.0,5079.0,24.0,1804.3040055632584,24.0,242.0,24.0,69.0,1.0
2320127002,4165,2.80999994277954,2.80999994277954,0.0,0.0,0.0,2.79999995231628,0.0,0,0,204,1236,1725,2016-04-24,,,,,,,204,1440,,,,13.022222222222222,4159.0,1440.0,1725.184008181095,1440.0,0.14166666666666666,1440.0,4159.0,24.0,1725.1840081810947,24.0,204.0,24.0,,
2320127002,3588,2.42000007629395,2.42000007629395,0.0,0.230000004172325,0.200000002980232,1.99000000953674,0.0,3,5,152,1280,1654,2016-04-25,,,,,,,160,1440,,,,12.4875,3588.0,1440.0,1654.344011425972,1440.0,0.11875,1440.0,3588.0,24.0,1654.3440114259715,24.0,171.0,24.0,,
2320127002,3409,2.29999995231628,2.29999995231628,0.0,0.0,0.0,2.29999995231628,0.0,0,0,147,1293,1632,2016-04-26,,,,,,,147,1440,,,,12.325,3409.0,1440.0,1632.8160126805305,1440.0,0.10208333333333333,1440.0,3409.0,24.0,1632.81601268053,24.0,147.0,24.0,,
2320127002,1715,1.1599999666214,1.1599999666214,0.0,0.0,0.0,1.1599999666214,0.0,0,0,82,1358,1481,2016-04-27,,,,,,,82,1440,,,,11.181944444444444,1715.0,1440.0,1481.3840194940572,1440.0,0.05694444444444444,1440.0,1715.0,24.0,1481.3840194940567,24.0,82.0,24.0,,
2320127002,1532,1.02999997138977,1.02999997138977,0.0,0.0,0.0,1.02999997138977,0.0,0,0,76,1364,1473,2016-04-28,,,,,,,76,1440,,,,11.120833333333334,1532.0,1440.0,1473.2880186438565,1440.0,0.05277777777777778,1440.0,1532.0,24.0,1473.288018643856,24.0,76.0,24.0,,
2320127002,924,0.620000004768372,0.620000004768372,0.0,0.0,0.0,0.620000004768372,0.0,0,0,45,1395,1410,2016-04-29,,,,,,,45,1440,,,,10.64861111111111,924.0,1440.0,1410.7280212640767,1440.0,0.03125,1440.0,924.0,24.0,1410.7280212640762,24.0,45.0,24.0,,
2320127002,4571,3.07999992370605,3.07999992370605,0.0,0.0,0.0,3.0699999332428,0.0,0,0,234,1206,1779,2016-04-30,,,,,,,234,1440,,,,13.429166666666667,4558.0,1440.0,1779.0960055589674,1440.0,0.1625,1440.0,4558.0,24.0,1779.096005558967,24.0,234.0,24.0,,
2320127002,772,0.519999980926514,0.519999980926514,0.0,0.0,0.0,0.519999980926514,0.0,0,0,40,1400,1403,2016-05-01,,,,,,,40,1440,,,,10.595833333333333,772.0,1440.0,1403.736020624638,1440.0,0.027777777777777776,1440.0,772.0,24.0,1403.7360206246376,24.0,40.0,24.0,,
2320127002,3634,2.45000004768372,2.45000004768372,0.0,0.360000014305115,0.209999993443489,1.87999999523163,0.0,5,6,123,1306,1613,2016-05-02,,,,,,,134,1440,,,,12.179166666666667,3634.0,1440.0,1613.4960165619852,1440.0,0.10416666666666667,1440.0,3634.0,24.0,1613.496016561985,24.0,150.0,24.0,,
2320127002,7443,5.01999998092651,5.01999998092651,0.0,1.49000000953674,0.370000004768372,3.16000008583069,0.0,20,10,206,1204,1878,2016-05-03,,,,,,,236,1440,,,,14.181944444444444,7443.0,1440.0,1878.8240122795107,1440.0,0.1986111111111111,1440.0,7443.0,24.0,1878.8240122795103,24.0,286.0,24.0,,
2320127002,1201,0.810000002384186,0.810000002384186,0.0,0.0,0.0,0.810000002384186,0.0,0,0,52,1388,1426,2016-05-04,,,,,,,52,1440,,,,10.769444444444444,1201.0,1440.0,1426.736021339894,1440.0,0.03611111111111111,1440.0,1201.0,24.0,1426.7360213398936,24.0,52.0,24.0,,
2320127002,5202,3.50999999046326,3.50999999046326,0.0,0.0,0.389999985694885,3.10999989509583,0.0,0,11,223,1206,1780,2016-05-05,,,,,,,234,1440,,,,13.441666666666666,5202.0,1440.0,1780.7520109415057,1440.0,0.1701388888888889,1440.0,5202.0,24.0,1780.7520109415052,24.0,245.0,24.0,,
2320127002,4878,3.28999996185303,3.28999996185303,0.0,0.0,0.0,3.28999996185303,0.0,0,0,204,1236,1742,2016-05-06,,,,,,,204,1440,,,,13.154166666666667,4878.0,1440.0,1742.6640108823776,1440.0,0.14166666666666666,1440.0,4878.0,24.0,1742.6640108823772,24.0,204.0,24.0,,
2320127002,7379,4.96999979019165,4.96999979019165,0.0,0.0,0.0,4.96999979019165,0.0,0,0,319,1121,1972,2016-05-07,,,,,,,319,1440,,,,14.890277777777778,7379.0,1440.0,1972.6640038490293,1440.0,0.22152777777777777,1440.0,7379.0,24.0,1972.6640038490289,24.0,319.0,24.0,,
2320127002,5161,3.48000001907349,3.48000001907349,0.0,0.0,0.0,3.47000002861023,0.0,0,0,247,1193,1821,2016-05-08,,,,,,,247,1440,,,,13.752777777777778,5153.0,1440.0,1821.9680035114284,1440.0,0.17152777777777778,1440.0,5153.0,24.0,1821.9680035114282,24.0,247.0,24.0,,
2320127002,3090,2.07999992370605,2.07999992370605,0.0,0.0,0.0,2.07999992370605,0.0,0,0,145,1295,1630,2016-05-09,,,,,,,145,1440,,,,12.305555555555555,3090.0,1440.0,1630.2400093674655,1440.0,0.10069444444444445,1440.0,3090.0,24.0,1630.240009367465,24.0,145.0,24.0,,
2320127002,6227,4.19999980926514,4.19999980926514,0.0,0.0,0.0,4.19999980926514,0.0,0,0,290,1150,1899,2016-05-10,,,,,,,290,1440,,,,14.334722222222222,6227.0,1440.0,1899.0640029311176,1440.0,0.2013888888888889,1440.0,6227.0,24.0,1899.0640029311173,24.0,290.0,24.0,,
2320127002,6424,4.32999992370605,4.32999992370605,0.0,0.0,0.0,4.32999992370605,0.0,0,0,300,1140,1903,2016-05-11,,,,,,,300,1440,,,,14.369444444444444,6424.0,1440.0,1903.66400629282,1440.0,0.20833333333333334,1440.0,6424.0,24.0,1903.6640062928195,24.0,300.0,24.0,,
2320127002,2661,1.78999996185303,1.78999996185303,0.0,0.0,0.0,1.78999996185303,0.0,0,0,128,830,1125,2016-05-12,,,,,,,128,958,,,,12.853333333333333,2564.0,900.0,1064.2560077905657,900.0,0.13777777777777778,900.0,5543.0,24.0,1838.5280074477193,24.0,269.0,24.0,,
2347167796,10113,6.82999992370605,6.82999992370605,0.0,2.0,0.620000004768372,4.19999980926514,0.0,28,13,320,964,2344,2016-04-12,,,,,,,361,1325,,86.08233377758033,6753.0,17.308333333333334,10113.0,1440.0,2344.3514176607123,1440.0,0.2986111111111111,1440.0,,,,,,,115.0,1.0
2347167796,10352,7.01000022888184,7.01000022888184,0.0,1.6599999666214,1.94000005722046,3.41000008583069,0.0,19,32,195,676,2038,2016-04-13,467.0,531.0,1.0,,,,246,922,87.94726930320151,73.81290461804058,9268.0,15.052083333333334,10352.0,1440.0,2038.7504801750179,1440.0,0.21944444444444444,1440.0,10352.0,24.0,2038.750480175018,24.0,316.0,24.0,518.0,2.0
2347167796,10129,6.69999980926514,6.69999980926514,0.0,0.0199999995529652,2.74000000953674,3.94000005722046,0.0,1,48,206,705,2010,2016-04-14,445.0,489.0,1.0,,,,255,960,91.00204498977506,72.57948213700426,9153.0,14.844444444444445,10129.0,1440.0,2010.6265425086017,1440.0,0.21180555555555555,1440.0,10129.0,24.0,2010.626542508602,24.0,305.0,24.0,480.0,2.0
2347167796,10465,6.92000007629395,6.92000007629395,0.0,0.0700000002980232,1.41999995708466,5.42999982833862,0.0,1,24,284,720,2133,2016-04-15,452.0,504.0,1.0,,,,309,1029,89.68253968253968,75.68525687977399,9557.0,15.750694444444445,10465.0,1440.0,2133.3748409152026,1440.0,0.2326388888888889,1440.0,10465.0,24.0,2133.3748409152026,24.0,335.0,24.0,411.0,1.0
2347167796,22244,15.0799999237061,15.0799999237061,0.0,5.44999980926514,4.09999990463257,5.53000020980835,0.0,66,72,268,968,2670,2016-04-16,,,,,,,406,1374,,96.62390702822357,9035.0,19.716666666666665,22244.0,1440.0,2670.5514961481085,1440.0,0.4236111111111111,1440.0,22244.0,24.0,2670.551496148109,24.0,610.0,24.0,66.0,1.0
2347167796,5472,3.61999988555908,3.61999988555908,0.0,0.0799999982118607,0.280000001192093,3.25999999046326,0.0,1,7,249,508,1882,2016-04-17,556.0,602.0,1.0,,,,257,765,92.35880398671097,75.36218020022247,8990.0,13.899305555555555,5472.0,1440.0,1882.6108824610703,1440.0,0.18472222222222223,1440.0,5472.0,24.0,1882.6108824610706,24.0,266.0,24.0,675.0,2.0
2347167796,8247,5.44999980926514,5.44999980926514,0.0,0.790000021457672,0.860000014305115,3.78999996185303,0.0,11,16,206,678,1944,2016-04-18,500.0,557.0,1.0,,,,233,911,89.76660682226212,71.23214476924724,9339.0,14.356944444444444,8247.0,1440.0,1944.5964190959926,1440.0,0.18819444444444444,1440.0,8247.0,24.0,1944.5964190959928,24.0,271.0,24.0,529.0,2.0
2347167796,6711,4.44000005722046,4.44000005722046,0.0,0.0,0.0,4.44000005722046,0.0,0,7,382,648,2346,2016-04-19,465.0,514.0,1.0,,,,389,1037,90.46692607003891,81.30099693251533,7824.0,17.320833333333333,6711.0,1440.0,2346.0445030331603,1440.0,0.275,1440.0,6711.0,24.0,2346.0445030331607,24.0,396.0,24.0,403.0,1.0
2347167796,10999,7.26999998092651,7.26999998092651,0.0,0.680000007152557,1.80999994277954,4.78000020980835,0.0,11,43,269,1011,2198,2016-04-20,,,,,,,323,1334,,78.18208496366685,7156.0,16.229861111111113,10999.0,1440.0,2198.276241958141,1440.0,0.26944444444444443,1440.0,10999.0,24.0,2198.276241958141,24.0,388.0,24.0,106.0,1.0
2347167796,10080,6.75,6.75,0.0,1.85000002384186,1.52999997138977,3.38000011444092,0.0,23,26,208,761,2048,2016-04-21,460.0,484.0,1.0,,,,257,1018,95.04132231404958,73.41425341802132,9289.0,15.126388888888888,10080.0,1440.0,2048.8149002790447,1440.0,0.22847222222222222,1440.0,10080.0,24.0,2048.8149002790447,24.0,329.0,24.0,422.0,2.0
2347167796,7804,5.15999984741211,5.15999984741211,0.0,0.560000002384186,1.67999994754791,2.92000007629395,0.0,9,27,206,781,1946,2016-04-22,405.0,461.0,1.0,,,,242,1023,87.85249457700651,71.99640209332752,9172.0,14.36875,7804.0,1440.0,1946.195439100265,1440.0,0.19930555555555557,1440.0,7804.0,24.0,1946.1954391002653,24.0,287.0,24.0,417.0,1.0
2347167796,16901,11.3699998855591,11.3699998855591,0.0,2.77999997138977,1.45000004768372,7.15000009536743,0.0,32,35,360,591,2629,2016-04-23,374.0,386.0,1.0,,,,427,1018,96.89119170984456,83.43309231897726,9543.0,19.411805555555556,16901.0,1440.0,2629.2591620087615,1440.0,0.36527777777777776,1440.0,16901.0,24.0,2629.259162008762,24.0,526.0,24.0,422.0,2.0
2347167796,9471,6.26000022888184,6.26000022888184,0.0,0.0,0.0,6.26000022888184,0.0,0,0,360,584,2187,2016-04-24,442.0,459.0,1.0,,,,360,944,96.29629629629629,77.57597373188406,8832.0,16.14375,9471.0,1440.0,2186.6127979755393,1440.0,0.25,1440.0,9471.0,24.0,2186.6127979755397,24.0,360.0,24.0,496.0,2.0
2347167796,9482,6.38000011444092,6.38000011444092,0.0,1.26999998092651,0.519999980926514,4.59999990463257,0.0,15,11,277,653,2095,2016-04-25,433.0,471.0,1.0,,,,303,956,91.93205944798301,73.86135600335852,9528.0,15.46875,9482.0,1440.0,2095.1864812970157,1440.0,0.2388888888888889,1440.0,9482.0,24.0,2095.1864812970157,24.0,344.0,24.0,484.0,2.0
2347167796,5980,3.95000004768372,3.95000004768372,0.0,0.0,0.0,3.95000004768372,0.0,0,0,227,732,1861,2016-04-26,436.0,490.0,1.0,,,,227,959,88.9795918367347,71.73179652000444,9023.0,13.740972222222222,5980.0,1440.0,1861.1652001142497,1440.0,0.15763888888888888,1440.0,5980.0,24.0,1861.16520011425,24.0,227.0,24.0,480.0,2.0
2347167796,11423,7.57999992370605,7.57999992370605,0.0,1.86000001430511,0.400000005960464,5.32000017166138,0.0,26,9,295,623,2194,2016-04-27,448.0,499.0,1.0,,,,330,953,89.77955911823648,75.19362135263515,8842.0,16.2,11423.0,1440.0,2194.231657981872,1440.0,0.27152777777777776,1440.0,11423.0,24.0,2194.231657981872,24.0,391.0,24.0,487.0,2.0
2347167796,5439,3.59999990463257,3.59999990463257,0.0,0.0,0.0,3.59999990463257,0.0,0,0,229,764,1854,2016-04-28,408.0,450.0,1.0,,,,229,993,90.66666666666667,73.40854132002218,9015.0,13.69375,5439.0,1440.0,1854.7691193222993,1440.0,0.15902777777777777,1440.0,5439.0,24.0,1854.7691193222995,24.0,229.0,24.0,447.0,2.0
2347167796,42,0.0299999993294477,0.0299999993294477,0.0,0.0,0.0,0.0299999993294477,0.0,0,0,4,2,403,2016-04-29,411.0,473.0,1.0,,,,4,6,86.89217758985201,62.86971235194586,2364.0,10.180555555555555,25.0,360.0,344.72989231348026,360.0,0.005555555555555556,360.0,25.0,6.0,344.7298923134803,6.0,2.0,6.0,412.0,1.0
2873212765,8796,5.90999984741211,5.90999984741211,0.0,0.109999999403954,0.930000007152557,4.88000011444092,0.0,2,21,356,1061,1982,2016-04-12,,,,,,,379,1440,,,,15.67361111111111,8796.0,1440.0,1982.3231087327006,1440.0,0.28055555555555556,1440.0,,,,,,,,
2873212765,7618,5.11999988555908,5.11999988555908,0.0,0.0,0.219999998807907,4.88000011444092,0.0199999995529652,0,8,404,1028,2004,2016-04-13,,,,,,,412,1440,,,,15.847222222222221,7618.0,1440.0,2004.2806084156039,1440.0,0.2916666666666667,1440.0,7618.0,24.0,2004.2806084156036,24.0,420.0,24.0,,
2873212765,7910,5.32000017166138,5.32000017166138,0.0,0.0,0.0,5.32000017166138,0.0,0,0,331,1109,1893,2016-04-14,,,,,,,331,1440,,,,14.969444444444445,7910.0,1440.0,1893.263490021229,1440.0,0.2298611111111111,1440.0,7910.0,24.0,1893.2634900212288,24.0,331.0,24.0,,
2873212765,8482,5.69999980926514,5.69999980926514,0.0,0.0,0.0,5.69000005722046,0.0099999997764825,0,0,448,992,2063,2016-04-15,,,,,,,448,1440,,,,16.316666666666666,8482.0,1440.0,2063.6536877155304,1440.0,0.3111111111111111,1440.0,8482.0,24.0,2063.6536877155304,24.0,448.0,24.0,,
2873212765,9685,6.65000009536743,6.65000009536743,0.0,3.10999989509583,0.0199999995529652,3.50999999046326,0.0099999997764825,47,1,305,1087,2148,2016-04-16,,,,,,,353,1440,,,,17.002777777777776,9677.0,1440.0,2148.5712484717374,1440.0,0.3111111111111111,1440.0,9677.0,24.0,2148.571248471737,24.0,448.0,24.0,,
2873212765,2524,1.70000004768372,1.70000004768372,0.0,0.0,0.349999994039536,1.3400000333786,0.0,0,8,160,1272,1529,2016-04-17,,,,,,,168,1440,,,,12.097222222222221,2524.0,1440.0,1529.998613595963,1440.0,0.12222222222222222,1440.0,2524.0,24.0,1529.9986135959625,24.0,176.0,24.0,,
2873212765,7762,5.23999977111816,5.23999977111816,0.0,0.0700000002980232,0.280000001192093,4.8899998664856,0.0,1,6,311,1122,1890,2016-04-18,,,,,,,318,1440,,,,14.94513888888889,7762.0,1440.0,1890.189436078072,1440.0,0.2263888888888889,1440.0,7762.0,24.0,1890.1894360780716,24.0,326.0,24.0,,
2873212765,7948,5.36999988555908,5.36999988555908,0.0,0.0,0.0,5.3600001335144,0.0,0,0,389,1051,1956,2016-04-19,,,,,,,389,1440,,,,15.472916666666666,7948.0,1440.0,1956.9402369856837,1440.0,0.2701388888888889,1440.0,7948.0,24.0,1956.9402369856834,24.0,389.0,24.0,,
2873212765,9202,6.30000019073486,6.30000019073486,0.0,1.50999999046326,0.119999997317791,4.65999984741211,0.0099999997764825,22,5,378,1035,2094,2016-04-20,,,,,,,405,1440,,,,16.625,9202.0,1440.0,2102.7731782794003,1440.0,0.31527777777777777,1440.0,9202.0,24.0,2102.7731782794,24.0,454.0,24.0,,
2873212765,8859,5.98000001907349,5.98000001907349,0.0,0.129999995231628,0.370000004768372,5.46999979019165,0.0099999997764825,2,10,371,1057,1970,2016-04-21,,,,56.7000007629395,21.4500007629395,1.0,383,1440,,,,15.645138888888889,8859.0,1440.0,1970.1610235571857,1440.0,0.27569444444444446,1440.0,8859.0,24.0,1970.161023557186,24.0,397.0,24.0,,
2873212765,7286,4.90000009536743,4.90000009536743,0.0,0.46000000834465,0.0,4.42000007629395,0.0199999995529652,46,0,366,1028,2241,2016-04-22,,,,,,,412,1440,,,,15.488888888888889,7286.0,1440.0,1950.4847713112824,1440.0,0.2701388888888889,1440.0,7286.0,24.0,1950.4847713112829,24.0,389.0,24.0,,
2873212765,9317,6.34999990463257,6.34999990463257,0.0,2.08999991416931,0.230000004172325,4.01999998092651,0.0099999997764825,28,5,330,1077,2021,2016-04-23,,,,,,,363,1440,,,,16.049305555555556,9317.0,1440.0,2021.0569221377368,1440.0,0.29444444444444445,1440.0,9317.0,24.0,2021.056922137737,24.0,424.0,24.0,,
2873212765,6873,4.67999982833862,4.67999982833862,0.0,3.0,0.0599999986588955,1.62000000476837,0.0,46,1,190,1203,1898,2016-04-24,,,,,,,237,1440,,,,15.066666666666666,6873.0,1440.0,1898.1599436402319,1440.0,0.22916666666666666,1440.0,6873.0,24.0,1898.1599436402319,24.0,330.0,24.0,,
2873212765,7373,4.94999980926514,4.94999980926514,0.0,0.0,0.0,4.94999980926514,0.0,0,0,359,1081,1907,2016-04-25,,,,,,,359,1440,,,,15.144444444444444,7373.0,1440.0,1907.1095733046525,1440.0,0.24930555555555556,1440.0,7373.0,24.0,1907.109573304653,24.0,359.0,24.0,,
2873212765,8242,5.53999996185303,5.53999996185303,0.0,0.119999997317791,0.180000007152557,5.23999977111816,0.0,2,5,309,1124,1882,2016-04-26,,,,,,,316,1440,,,,14.952777777777778,8242.0,1440.0,1882.973372936248,1440.0,0.22569444444444445,1440.0,8242.0,24.0,1882.9733729362486,24.0,325.0,24.0,,
2873212765,3516,2.35999989509583,2.35999989509583,0.0,0.0,0.0,2.35999989509583,0.0,46,0,197,1197,1966,2016-04-27,,,,,,,243,1440,,,,15.609722222222222,3516.0,1440.0,1966.5458454489706,1440.0,0.2326388888888889,1440.0,3516.0,24.0,1966.5458454489706,24.0,335.0,24.0,,
2873212765,7913,5.40999984741211,5.40999984741211,0.0,2.16000008583069,0.340000003576279,2.91000008583069,0.0,28,7,213,1192,1835,2016-04-28,,,,,,,248,1440,,,,14.578472222222222,7913.0,1440.0,1835.8378210067744,1440.0,0.21597222222222223,1440.0,7913.0,24.0,1835.8378210067747,24.0,311.0,24.0,,
2873212765,7365,4.94999980926514,4.94999980926514,0.0,1.36000001430511,1.4099999666214,2.1800000667572,0.0,20,23,206,1191,1780,2016-04-29,,,,,,,249,1440,,,,14.13888888888889,7365.0,1440.0,1780.481968939304,1440.0,0.21666666666666667,1440.0,7365.0,24.0,1780.4819689393041,24.0,312.0,24.0,,
2873212765,8452,5.67999982833862,5.67999982833862,0.0,0.330000013113022,1.08000004291534,4.26000022888184,0.0099999997764825,5,20,248,1167,1830,2016-04-30,,,,,,,273,1440,,,,14.5375,8452.0,1440.0,1830.6782708764072,1440.0,0.21041666666666667,1440.0,8452.0,24.0,1830.6782708764074,24.0,303.0,24.0,,
2873212765,7399,4.96999979019165,4.96999979019165,0.0,0.490000009536743,1.03999996185303,3.44000005722046,0.0,7,18,196,1219,1739,2016-05-01,,,,,,,221,1440,,,,13.815277777777778,7399.0,1440.0,1739.7302697300906,1440.0,0.17569444444444443,1440.0,7399.0,24.0,1739.7302697300909,24.0,253.0,24.0,,
2873212765,7525,5.05999994277954,5.05999994277954,0.0,0.0,0.209999993443489,4.82999992370605,0.0199999995529652,0,7,334,1099,1878,2016-05-02,,,,,,,341,1440,,,,14.919444444444444,7525.0,1440.0,1878.7757745385163,1440.0,0.24166666666666667,1440.0,7525.0,24.0,1878.7757745385168,24.0,348.0,24.0,,
2873212765,7412,4.98000001907349,4.98000001907349,0.0,0.0599999986588955,0.25,4.65999984741211,0.0099999997764825,1,6,363,1070,1906,2016-05-03,,,,,,,370,1440,,,,15.136111111111111,7412.0,1440.0,1906.0601750612252,1440.0,0.2625,1440.0,7412.0,24.0,1906.0601750612257,24.0,378.0,24.0,,
2873212765,8278,5.55999994277954,5.55999994277954,0.0,0.0,0.0,5.55999994277954,0.0,0,0,420,1020,2015,2016-05-04,,,,,,,420,1440,,,,16.00138888888889,8278.0,1440.0,2015.0228767395013,1440.0,0.2916666666666667,1440.0,8278.0,24.0,2015.0228767395017,24.0,420.0,24.0,,
2873212765,8314,5.6100001335144,5.6100001335144,0.0,0.779999971389771,0.800000011920929,4.03000020980835,0.0,13,23,311,1093,1971,2016-05-05,,,,,,,347,1440,,,,15.654861111111112,8314.0,1440.0,1971.3853215575214,1440.0,0.275,1440.0,8314.0,24.0,1971.3853215575216,24.0,396.0,24.0,,
2873212765,7063,4.75,4.75,0.0,0.0,0.119999997317791,4.6100001335144,0.0099999997764825,0,5,370,1065,1910,2016-05-06,,,,,,,375,1440,,,,15.17361111111111,7063.0,1440.0,1910.7824737429612,1440.0,0.2638888888888889,1440.0,7063.0,24.0,1910.7824737429617,24.0,380.0,24.0,,
2873212765,4940,3.38000011444092,3.38000011444092,0.0,2.27999997138977,0.550000011920929,0.550000011920929,0.0,75,11,52,1302,1897,2016-05-07,,,,,,,138,1440,,,,15.0625,4940.0,1440.0,1897.6352435350416,1440.0,0.2076388888888889,1440.0,4940.0,24.0,1897.6352435350416,24.0,299.0,24.0,,
2873212765,8168,5.53999996185303,5.53999996185303,0.0,2.90000009536743,0.0,2.64000010490417,0.0,46,0,326,1068,2096,2016-05-08,,,,,,,372,1440,,,,16.643055555555556,8168.0,1440.0,2096.6714491844173,1440.0,0.32222222222222224,1440.0,8168.0,24.0,2096.6714491844177,24.0,464.0,24.0,,
2873212765,7726,5.19000005722046,5.19000005722046,0.0,0.0,0.0,5.19000005722046,0.0,0,0,345,1095,1906,2016-05-09,,,,,,,345,1440,,,,15.143055555555556,7726.0,1440.0,1906.9346743226045,1440.0,0.23958333333333334,1440.0,7726.0,24.0,1906.934674322605,24.0,345.0,24.0,,
2873212765,8275,5.55999994277954,5.55999994277954,0.0,0.0,0.0,5.55000019073486,0.0099999997764825,0,0,373,1067,1962,2016-05-10,,,,,,,373,1440,,,,15.583333333333334,8275.0,1440.0,1962.3779752850526,1440.0,0.2590277777777778,1440.0,8275.0,24.0,1962.377975285053,24.0,373.0,24.0,,
2873212765,6440,4.32999992370605,4.32999992370605,0.0,0.0,0.0,4.32000017166138,0.0099999997764825,0,0,319,1121,1826,2016-05-11,,,,,,,319,1440,,,,14.436111111111112,6440.0,1440.0,1817.9105748534196,1440.0,0.22152777777777777,1440.0,6440.0,24.0,1817.91057485342,24.0,319.0,24.0,,
2873212765,7566,5.1100001335144,5.1100001335144,0.0,0.0,0.0,5.1100001335144,0.0,0,0,268,720,1431,2016-05-12,,,,57.2999992370605,21.6900005340576,1.0,268,988,,,,16.517708333333335,7475.0,960.0,1393.671725451947,960.0,0.26979166666666665,960.0,8768.0,24.0,1979.7222442030911,24.0,367.0,24.0,,
3372868164,4747,3.24000000953674,3.24000000953674,0.0,0.0,0.0,3.23000001907349,0.0099999997764825,0,0,280,1160,1788,2016-04-12,,,,,,,280,1440,,,,13.276388888888889,4747.0,1440.0,1788.1065387725826,1440.0,0.19444444444444445,1440.0,,,,,,,,
3372868164,9715,6.63000011444092,6.63000011444092,0.0,0.990000009536743,0.340000003576279,5.26999998092651,0.0199999995529652,16,8,371,1045,2093,2016-04-13,,,,,,,395,1440,,,,15.541666666666666,9715.0,1440.0,2093.201402544975,1440.0,0.3020833333333333,1440.0,9715.0,24.0,2093.201402544975,24.0,435.0,24.0,,
3372868164,8844,6.03000020980835,6.03000020980835,0.0,0.340000003576279,1.02999997138977,4.65000009536743,0.0099999997764825,6,25,370,1039,2065,2016-04-14,,,,,,,401,1440,,,,15.334722222222222,8844.0,1440.0,2065.3294643163676,1440.0,0.30416666666666664,1440.0,8844.0,24.0,2065.3294643163676,24.0,438.0,24.0,,
3372868164,7451,5.07999992370605,5.07999992370605,0.0,0.0,0.0,5.05999994277954,0.0199999995529652,0,0,335,1105,1908,2016-04-15,,,,,,,335,1440,,,,14.169444444444444,7451.0,1440.0,1908.3861230611794,1440.0,0.2326388888888889,1440.0,7451.0,24.0,1908.38612306118,24.0,335.0,24.0,,
3372868164,6905,4.73000001907349,4.73000001907349,0.0,0.0,0.0,4.69999980926514,0.0299999993294477,0,0,356,1084,1908,2016-04-16,,,,,,,356,1440,,,,14.167361111111111,6905.0,1440.0,1908.1055312156675,1440.0,0.24722222222222223,1440.0,6905.0,24.0,1908.1055312156675,24.0,356.0,24.0,,
3372868164,8199,5.88000011444092,5.88000011444092,0.0,1.4099999666214,0.100000001490116,4.3600001335144,0.0099999997764825,11,2,322,1105,1964,2016-04-17,,,,,,,335,1440,,,,14.585416666666667,8199.0,1440.0,1964.4105905294414,1440.0,0.24930555555555556,1440.0,8199.0,24.0,1964.4105905294414,24.0,359.0,24.0,,
3372868164,6798,4.6399998664856,4.6399998664856,0.0,1.08000004291534,0.200000002980232,3.34999990463257,0.0,20,7,343,1070,2014,2016-04-18,,,,,,,370,1440,,,,14.954166666666667,6798.0,1440.0,2014.075021743774,1440.0,0.28958333333333336,1440.0,6798.0,24.0,2014.075021743774,24.0,417.0,24.0,,
3372868164,7711,5.26000022888184,5.26000022888184,0.0,0.0,0.0,5.23999977111816,0.0199999995529652,0,0,376,1064,1985,2016-04-19,,,,,,,376,1440,,,,14.744444444444444,7711.0,1440.0,1985.8289647102351,1440.0,0.2611111111111111,1440.0,7711.0,24.0,1985.8289647102354,24.0,376.0,24.0,,
3372868164,4880,3.32999992370605,3.32999992370605,0.0,0.839999973773956,0.0900000035762787,2.38000011444092,0.0199999995529652,15,3,274,1148,1867,2016-04-20,,,,,,,292,1440,,,,13.869444444444444,4880.0,1440.0,1867.9811577796931,1440.0,0.22569444444444445,1440.0,4880.0,24.0,1867.9811577796934,24.0,325.0,24.0,,
3372868164,8857,6.07000017166138,6.07000017166138,0.0,1.14999997615814,0.259999990463257,4.6399998664856,0.0099999997764825,18,9,376,1037,2124,2016-04-21,,,,,,,403,1440,,,,15.771527777777777,8857.0,1440.0,2124.159834504127,1440.0,0.3111111111111111,1440.0,8857.0,24.0,2124.159834504127,24.0,448.0,24.0,,
3372868164,3843,2.61999988555908,2.61999988555908,0.0,0.0,0.0,2.60999989509583,0.0099999997764825,0,0,206,1234,1669,2016-04-22,,,,,,,206,1440,,,,12.395833333333334,3843.0,1440.0,1669.5104970932002,1440.0,0.14305555555555555,1440.0,3843.0,24.0,1669.5104970932005,24.0,206.0,24.0,,
3372868164,7396,5.07000017166138,5.07000017166138,0.0,1.39999997615814,0.0799999982118607,3.57999992370605,0.0,20,2,303,1115,1995,2016-04-23,,,,,,,325,1440,,,,14.815972222222221,7396.0,1440.0,1995.462551236152,1440.0,0.2548611111111111,1440.0,7396.0,24.0,1995.4625512361524,24.0,367.0,24.0,,
3372868164,6731,4.59000015258789,4.59000015258789,0.0,0.889999985694885,0.189999997615814,3.49000000953674,0.0199999995529652,14,7,292,1127,1921,2016-04-24,,,,,,,313,1440,,,,14.266666666666667,6731.0,1440.0,1921.480318665504,1440.0,0.24166666666666667,1440.0,6731.0,24.0,1921.4803186655042,24.0,348.0,24.0,,
3372868164,5995,4.09000015258789,4.09000015258789,0.0,0.0,0.0,4.09000015258789,0.0,0,0,416,1024,2010,2016-04-25,,,,,,,416,1440,,,,14.929166666666667,5995.0,1440.0,2010.7079455852502,1440.0,0.28888888888888886,1440.0,5995.0,24.0,2010.7079455852504,24.0,416.0,24.0,,
3372868164,8283,5.78999996185303,5.78999996185303,0.0,1.85000002384186,0.0500000007450581,3.86999988555908,0.0099999997764825,22,2,333,1083,2057,2016-04-26,,,,,,,357,1440,,,,15.272916666666667,8283.0,1440.0,2057.0052925348277,1440.0,0.2798611111111111,1440.0,8283.0,24.0,2057.0052925348277,24.0,403.0,24.0,,
3372868164,7904,5.42000007629395,5.42000007629395,0.0,1.58000004291534,0.629999995231628,3.19000005722046,0.0099999997764825,24,13,346,1057,2095,2016-04-27,,,,,,,383,1440,,,,15.561805555555555,7904.0,1440.0,2095.9137743711467,1440.0,0.30833333333333335,1440.0,7904.0,24.0,2095.9137743711467,24.0,444.0,24.0,,
3372868164,5512,3.75999999046326,3.75999999046326,0.0,0.0,0.0,3.75999999046326,0.0,0,0,385,1055,1972,2016-04-28,,,,,,,385,1440,,,,14.645833333333334,5512.0,1440.0,1972.5477021932597,1440.0,0.2673611111111111,1440.0,5512.0,24.0,1972.5477021932597,24.0,385.0,24.0,,
3372868164,9135,6.23000001907349,6.23000001907349,0.0,0.0,0.0,6.21999979019165,0.0099999997764825,0,0,402,1038,2044,2016-04-29,,,,,,,402,1440,,,,15.183333333333334,9135.0,1440.0,2044.939924716949,1440.0,0.2791666666666667,1440.0,9135.0,24.0,2044.9399247169492,24.0,402.0,24.0,,
3372868164,5250,3.57999992370605,3.57999992370605,0.0,1.05999994277954,0.0900000035762787,2.42000007629395,0.0099999997764825,17,4,300,1119,1946,2016-04-30,,,,,,,321,1440,,,,14.455555555555556,5250.0,1440.0,1946.9204827547067,1440.0,0.24930555555555556,1440.0,5250.0,24.0,1946.9204827547069,24.0,359.0,24.0,,
3372868164,3077,2.09999990463257,2.09999990463257,0.0,0.0,0.0,2.08999991416931,0.0,0,0,172,842,1237,2016-05-01,,,,,,,172,1014,,,,12.991666666666667,2901.0,960.0,1166.5061576366422,960.0,0.16666666666666666,960.0,2901.0,16.0,1166.5061576366422,16.0,160.0,16.0,,
3977333714,8856,5.98000001907349,5.98000001907349,0.0,3.05999994277954,0.910000026226044,2.00999999046326,0.0,44,19,131,777,1450,2016-04-12,274.0,469.0,1.0,,,,194,971,58.42217484008529,,,14.33611111111111,8856.0,1440.0,1450.6539080142968,1440.0,0.20902777777777778,1440.0,,,,,,,469.0,1.0
3977333714,10035,6.71000003814697,6.71000003814697,0.0,2.02999997138977,2.13000011444092,2.54999995231628,0.0,31,46,153,754,1495,2016-04-13,295.0,456.0,2.0,,,,230,984,64.69298245614036,,,14.781944444444445,10035.0,1440.0,1495.767248511314,1440.0,0.23472222222222222,1440.0,10035.0,24.0,1495.7672485113142,24.0,338.0,24.0,456.0,2.0
3977333714,7641,5.1100001335144,5.1100001335144,0.0,0.319999992847443,0.970000028610229,3.8199999332428,0.0,5,23,214,801,1433,2016-04-14,291.0,397.0,1.0,,,,242,1043,73.29974811083123,,,14.164583333333333,7641.0,1440.0,1433.2972202897065,1440.0,0.1909722222222222,1440.0,7641.0,24.0,1433.2972202897067,24.0,275.0,24.0,397.0,1.0
3977333714,9010,6.05999994277954,6.05999994277954,0.0,1.04999995231628,1.75,3.25999999046326,0.0,15,42,183,644,1468,2016-04-15,424.0,556.0,1.0,,,,240,884,76.2589928057554,,,14.513194444444444,9010.0,1440.0,1468.5727581977837,1440.0,0.21666666666666667,1440.0,9010.0,24.0,1468.572758197784,24.0,312.0,24.0,556.0,1.0
3977333714,13459,9.0,9.0,0.0,2.02999997138977,4.0,2.97000002861023,0.0,31,83,153,663,1625,2016-04-16,283.0,510.0,1.0,,,,267,930,55.490196078431374,,,16.059722222222224,13459.0,1440.0,1625.0640509128566,1440.0,0.2861111111111111,1440.0,13459.0,24.0,1625.0640509128566,24.0,412.0,24.0,510.0,1.0
3977333714,10415,6.96999979019165,6.96999979019165,0.0,0.699999988079071,2.34999990463257,3.92000007629395,0.0,11,58,205,600,1529,2016-04-17,381.0,566.0,1.0,,,,274,874,67.31448763250883,,,15.11736111111111,10415.0,1440.0,1529.707658708095,1440.0,0.24583333333333332,1440.0,10415.0,24.0,1529.7076587080953,24.0,354.0,24.0,566.0,1.0
3977333714,11663,7.80000019073486,7.80000019073486,0.0,0.25,3.73000001907349,3.8199999332428,0.0,4,95,214,605,1584,2016-04-18,412.0,522.0,2.0,,,,313,918,78.9272030651341,,,15.657638888888888,11663.0,1440.0,1584.3777183890338,1440.0,0.28888888888888886,1440.0,11663.0,24.0,1584.377718389034,24.0,416.0,24.0,522.0,2.0
3977333714,12414,8.77999973297119,8.77999973297119,0.0,2.24000000953674,2.45000004768372,3.96000003814697,0.0,19,67,221,738,1638,2016-04-19,219.0,395.0,1.0,,,,307,1045,55.44303797468354,,,16.11875,12257.0,1440.0,1631.0369970798488,1440.0,0.2861111111111111,1440.0,12257.0,24.0,1631.036997079849,24.0,412.0,24.0,395.0,1.0
3977333714,11658,7.82999992370605,7.82999992370605,0.0,0.200000002980232,4.34999990463257,3.27999997138977,0.0,2,98,164,845,1554,2016-04-20,152.0,305.0,2.0,,,,264,1109,49.83606557377049,,,15.364583333333334,11658.0,1440.0,1554.7237778902052,1440.0,0.25416666666666665,1440.0,11658.0,24.0,1554.7237778902052,24.0,366.0,24.0,331.0,3.0
3977333714,6093,4.07999992370605,4.07999992370605,0.0,0.0,0.0,4.05999994277954,0.0,0,0,242,712,1397,2016-04-21,332.0,512.0,1.0,,,,242,954,64.84375,,,13.799305555555556,6072.0,1440.0,1396.3352000117293,1440.0,0.16805555555555557,1440.0,6072.0,24.0,1396.3352000117295,24.0,242.0,24.0,486.0,1.0
3977333714,8911,5.96000003814697,5.96000003814697,0.0,2.32999992370605,0.579999983310699,3.05999994277954,0.0,33,12,188,731,1481,2016-04-22,355.0,476.0,1.0,,,,233,964,74.5798319327731,,,14.639583333333333,8911.0,1440.0,1481.3618997931474,1440.0,0.21597222222222223,1440.0,8911.0,24.0,1481.3618997931476,24.0,311.0,24.0,476.0,1.0
3977333714,12058,8.06999969482422,8.06999969482422,0.0,0.0,4.21999979019165,3.84999990463257,0.0,0,92,252,724,1638,2016-04-23,235.0,372.0,1.0,,,,344,1068,63.17204301075269,,,16.195138888888888,12058.0,1440.0,1638.7666984200473,1440.0,0.30277777777777776,1440.0,12058.0,24.0,1638.7666984200473,24.0,436.0,24.0,372.0,1.0
3977333714,14112,10.0,10.0,0.0,3.26999998092651,4.55999994277954,2.17000007629395,0.0,30,95,129,660,1655,2016-04-24,310.0,526.0,1.0,,,,254,914,58.93536121673004,,,16.35902777777778,14112.0,1440.0,1655.3504188060756,1440.0,0.28402777777777777,1440.0,14112.0,24.0,1655.3504188060758,24.0,409.0,24.0,526.0,1.0
3977333714,11177,8.47999954223633,8.47999954223633,0.0,5.61999988555908,0.430000007152557,2.41000008583069,0.0,50,9,133,781,1570,2016-04-25,262.0,467.0,1.0,,,,192,973,56.102783725910065,,,15.497222222222222,11168.0,1440.0,1568.1453461050983,1440.0,0.20902777777777778,1440.0,11168.0,24.0,1568.1453461050983,24.0,301.0,24.0,467.0,1.0
3977333714,11388,7.61999988555908,7.61999988555908,0.0,0.449999988079071,4.21999979019165,2.95000004768372,0.0,7,95,170,797,1551,2016-04-26,250.0,371.0,1.0,,,,272,1069,67.38544474393531,,,15.336805555555555,11388.0,1440.0,1551.9129775166507,1440.0,0.26458333333333334,1440.0,11388.0,24.0,1551.912977516651,24.0,381.0,24.0,371.0,1.0
3977333714,7193,5.03999996185303,5.03999996185303,0.0,0.0,0.419999986886978,4.61999988555908,0.0,0,10,176,714,1377,2016-04-27,349.0,540.0,1.0,,,,186,900,64.62962962962963,,,13.61111111111111,7193.0,1440.0,1377.2920289039607,1440.0,0.1361111111111111,1440.0,7193.0,24.0,1377.292028903961,24.0,196.0,24.0,540.0,1.0
3977333714,7114,4.88000011444092,4.88000011444092,0.0,1.37000000476837,0.28999999165535,3.22000002861023,0.0,15,8,190,804,1407,2016-04-28,261.0,423.0,1.0,,,,213,1017,61.702127659574465,,,13.911805555555556,7114.0,1440.0,1407.7189381718629,1440.0,0.17430555555555555,1440.0,7114.0,24.0,1407.718938171863,24.0,251.0,24.0,423.0,1.0
3977333714,10645,7.75,7.75,0.0,3.74000000953674,1.29999995231628,2.71000003814697,0.0,36,32,150,744,1545,2016-04-29,333.0,478.0,1.0,,,,218,962,69.6652719665272,,,15.270833333333334,10645.0,1440.0,1545.2373266220086,1440.0,0.22361111111111112,1440.0,10645.0,24.0,1545.2373266220088,24.0,322.0,24.0,478.0,1.0
3977333714,13238,9.19999980926514,9.19999980926514,0.0,3.69000005722046,2.09999990463257,3.41000008583069,0.0,43,52,194,687,1650,2016-04-30,237.0,382.0,1.0,,,,289,976,62.04188481675393,,,16.308333333333334,13238.0,1440.0,1650.2207043170924,1440.0,0.2965277777777778,1440.0,13238.0,24.0,1650.2207043170927,24.0,427.0,24.0,464.0,2.0
3977333714,10414,7.07000017166138,7.07000017166138,0.0,2.67000007629395,1.98000001907349,2.41000008583069,0.0,41,40,124,691,1501,2016-05-01,383.0,626.0,1.0,,,,205,896,61.18210862619808,,,14.838888888888889,10414.0,1440.0,1501.5293884873386,1440.0,0.22708333333333333,1440.0,10414.0,24.0,1501.5293884873386,24.0,327.0,24.0,544.0,1.0
3977333714,16520,11.0500001907349,11.0500001907349,0.0,1.53999996185303,6.48000001907349,3.01999998092651,0.0,24,143,176,713,1760,2016-05-02,230.0,384.0,1.0,,,,343,1056,59.895833333333336,,,17.402083333333334,16520.0,1440.0,1760.8959632515905,1440.0,0.37083333333333335,1440.0,16520.0,24.0,1760.8959632515905,24.0,534.0,24.0,384.0,1.0
3977333714,14335,9.59000015258789,9.59000015258789,0.0,3.3199999332428,1.74000000953674,4.53000020980835,0.0,47,41,258,594,1710,2016-05-03,292.0,500.0,1.0,,,,346,940,58.4,,,16.895138888888887,14335.0,1440.0,1709.5988544821735,1440.0,0.33402777777777776,1440.0,14335.0,24.0,1709.5988544821737,24.0,481.0,24.0,500.0,1.0
3977333714,13559,9.4399995803833,9.4399995803833,0.0,1.80999994277954,4.57999992370605,2.89000010490417,0.0,14,96,142,852,1628,2016-05-04,213.0,336.0,1.0,,,,252,1104,63.392857142857146,,,16.007638888888888,13373.0,1440.0,1619.7937988638876,1440.0,0.2611111111111111,1440.0,13373.0,24.0,1619.7937988638876,24.0,376.0,24.0,336.0,1.0
3977333714,12312,8.57999992370605,8.57999992370605,0.0,1.75999999046326,4.1100001335144,2.71000003814697,0.0,14,88,178,680,1618,2016-05-05,318.0,480.0,1.0,,,,280,960,66.25,,,15.990972222222222,12312.0,1440.0,1618.1073209047313,1440.0,0.275,1440.0,12312.0,24.0,1618.1073209047313,24.0,396.0,24.0,480.0,1.0
3977333714,11677,8.27999973297119,8.27999973297119,0.0,3.10999989509583,2.50999999046326,2.67000007629395,0.0,29,55,168,676,1590,2016-05-06,323.0,512.0,1.0,,,,252,928,63.0859375,,,15.706944444444444,11677.0,1440.0,1589.3668895363803,1440.0,0.2534722222222222,1440.0,11677.0,24.0,1589.3668895363803,24.0,365.0,24.0,512.0,1.0
3977333714,11550,7.73000001907349,7.73000001907349,0.0,0.0,4.13000011444092,3.58999991416931,0.0,0,86,208,703,1574,2016-05-07,237.0,443.0,1.0,,,,294,997,53.49887133182844,,,15.563194444444445,11550.0,1440.0,1574.8209962248795,1440.0,0.2638888888888889,1440.0,11550.0,24.0,1574.8209962248798,24.0,380.0,24.0,443.0,1.0
3977333714,13585,9.09000015258789,9.09000015258789,0.0,0.680000007152557,5.23999977111816,3.17000007629395,0.0,9,116,171,688,1633,2016-05-08,259.0,456.0,2.0,,,,296,984,56.79824561403509,,,16.146527777777777,13585.0,1440.0,1633.8477951884265,1440.0,0.2986111111111111,1440.0,13585.0,24.0,1633.8477951884267,24.0,430.0,24.0,456.0,2.0
3977333714,14687,10.0799999237061,10.0799999237061,0.0,0.769999980926514,5.59999990463257,3.54999995231628,0.0,8,122,151,1159,1667,2016-05-09,,,,,,,281,1440,,,,16.3875,14513.0,1440.0,1658.2314870953558,1440.0,0.29097222222222224,1440.0,14513.0,24.0,1658.2314870953558,24.0,419.0,24.0,,
3977333714,13072,8.77999973297119,8.77999973297119,0.0,0.0700000002980232,5.40000009536743,3.30999994277954,0.0,1,115,196,676,1630,2016-05-10,312.0,452.0,1.0,,,,312,988,69.02654867256638,,,16.110416666666666,13072.0,1440.0,1630.1937575340266,1440.0,0.29791666666666666,1440.0,13072.0,24.0,1630.1937575340266,24.0,429.0,24.0,452.0,1.0
3977333714,746,0.5,0.5,0.0,0.370000004768372,0.0,0.129999995231628,0.0,4,0,9,13,52,2016-05-11,,,,,,,13,26,,,,,,,,,,,12240.0,24.0,1597.5884777307506,24.0,383.0,24.0,,
4020332650,8539,6.11999988555908,6.11999988555908,0.0,0.150000005960464,0.239999994635582,5.67999982833862,0.0,4,15,331,712,3654,2016-04-12,501.0,541.0,1.0,,,,350,1062,92.60628465804066,83.4990136324824,33963.0,18.417361111111113,8489.0,1440.0,3647.69834768772,1440.0,0.2590277777777778,1440.0,,,,,,,378.0,1.0
4020332650,0,0.0,0.0,0.0,0.0,0.0,0.0,0.0,0,0,0,1440,1981,2016-04-13,,,,,,,0,1440,,,,10.0,0.0,1440.0,1980.5759239196736,1440.0,0.0,1440.0,0.0,24.0,1980.5759239196757,24.0,0.0,24.0,,
4020332650,108,0.0799999982118607,0.0799999982118607,0.0,0.0,0.0,0.0299999993294477,0.0,0,0,3,1437,2011,2016-04-14,,,,,,,3,1440,,90.70096685082873,1448.0,10.07986111111111,38.0,1440.0,1996.393025279041,1440.0,0.0020833333333333333,1440.0,38.0,24.0,1996.393025279043,24.0,3.0,24.0,,
4020332650,1882,1.35000002384186,1.35000002384186,0.0,0.209999993443489,0.360000014305115,0.769999980926514,0.0,36,18,87,1299,2951,2016-04-15,,,,,,,141,1440,,92.92564172832739,10947.0,14.88888888888889,1873.0,1440.0,2948.857539653774,1440.0,0.16041666666666668,1440.0,1873.0,24.0,2948.8575396537763,24.0,231.0,24.0,,
4020332650,1982,1.41999995708466,1.41999995708466,0.0,0.449999988079071,0.370000004768372,0.589999973773956,0.0,65,21,55,1222,3051,2016-04-16,77.0,77.0,1.0,,,,141,1363,100.0,100.90332042707966,8523.0,15.406944444444445,1969.0,1440.0,3051.462377786632,1440.0,0.20277777777777778,1440.0,1969.0,24.0,3051.4623777866336,24.0,292.0,24.0,77.0,1.0
4020332650,16,0.0099999997764825,0.0099999997764825,0.0,0.0,0.0,0.0099999997764825,0.0,0,0,2,1438,1990,2016-04-17,,,,,,,2,1440,,98.82608695652173,69.0,10.039583333333333,7.0,1440.0,1988.4157044887502,1440.0,0.001388888888888889,1440.0,7.0,24.0,1988.4157044887522,24.0,2.0,24.0,,
4020332650,62,0.0399999991059303,0.0399999991059303,0.0,0.0,0.0,0.0399999991059303,0.0,0,0,2,1438,1995,2016-04-18,,,,,,,2,1440,,,,10.072916666666666,62.0,1440.0,1995.0176243782003,1440.0,0.001388888888888889,1440.0,62.0,24.0,1995.0176243782023,24.0,2.0,24.0,,
4020332650,0,0.0,0.0,0.0,0.0,0.0,0.0,0.0,0,0,0,1440,1980,2016-04-19,,,,,,,0,1440,,,,10.0,0.0,1440.0,1980.5759239196736,1440.0,0.0,1440.0,0.0,24.0,1980.5759239196757,24.0,0.0,24.0,,
4020332650,0,0.0,0.0,0.0,0.0,0.0,0.0,0.0,0,0,0,1440,1980,2016-04-20,,,,,,,0,1440,,,,10.0,0.0,1440.0,1980.5759239196736,1440.0,0.0,1440.0,0.0,24.0,1980.5759239196757,24.0,0.0,24.0,,
4020332650,0,0.0,0.0,0.0,0.0,0.0,0.0,0.0,0,0,0,1440,1980,2016-04-21,,,,,,,0,1440,,,,10.0,0.0,1440.0,1980.5759239196736,1440.0,0.0,1440.0,0.0,24.0,1980.5759239196757,24.0,0.0,24.0,,
4020332650,0,0.0,0.0,0.0,0.0,0.0,0.0,0.0,0,0,0,1440,1980,2016-04-22,,,,,,,0,1440,,,,10.0,0.0,1440.0,1980.5759239196736,1440.0,0.0,1440.0,0.0,24.0,1980.5759239196757,24.0,0.0,24.0,,
4020332650,0,0.0,0.0,0.0,0.0,0.0,0.0,0.0,0,0,0,1440,1980,2016-04-23,,,,,,,0,1440,,,,10.0,0.0,1440.0,1980.5759239196736,1440.0,0.0,1440.0,0.0,24.0,1980.5759239196757,24.0,0.0,24.0,,
4020332650,0,0.0,0.0,0.0,0.0,0.0,0.0,0.0,0,0,0,1440,1980,2016-04-24,,,,,,,0,1440,,,,10.0,0.0,1440.0,1980.5759239196736,1440.0,0.0,1440.0,0.0,24.0,1980.5759239196757,24.0,0.0,24.0,,
4020332650,0,0.0,0.0,0.0,0.0,0.0,0.0,0.0,0,0,0,1440,1980,2016-04-25,,,,,,,0,1440,,,,10.0,0.0,1440.0,1980.5759239196736,1440.0,0.0,1440.0,0.0,24.0,1980.5759239196757,24.0,0.0,24.0,,
4020332650,0,0.0,0.0,0.0,0.0,0.0,0.0,0.0,0,0,0,1440,1980,2016-04-26,,,,,,,0,1440,,,,10.0,0.0,1440.0,1980.5759239196736,1440.0,0.0,1440.0,0.0,24.0,1980.5759239196757,24.0,0.0,24.0,,
4020332650,0,0.0,0.0,0.0,0.0,0.0,0.0,0.0,0,0,0,1440,1980,2016-04-27,,,,,,,0,1440,,,,10.0,0.0,1440.0,1980.5759239196736,1440.0,0.0,1440.0,0.0,24.0,1980.5759239196757,24.0,0.0,24.0,,
4020332650,0,0.0,0.0,0.0,0.0,0.0,0.0,0.0,0,0,0,1440,1980,2016-04-28,,,,,,,0,1440,,,,10.0,0.0,1440.0,1980.5759239196736,1440.0,0.0,1440.0,0.0,24.0,1980.5759239196757,24.0,0.0,24.0,,
4020332650,0,0.0,0.0,0.0,0.0,0.0,0.0,0.0,0,0,0,1440,1980,2016-04-29,,,,,,,0,1440,,,,10.0,0.0,1440.0,1980.5759239196736,1440.0,0.0,1440.0,0.0,24.0,1980.5759239196757,24.0,0.0,24.0,,
4020332650,0,0.0,0.0,0.0,0.0,0.0,0.0,0.0,0,0,0,1440,1980,2016-04-30,,,,,,,0,1440,,,,10.0,0.0,1440.0,1980.5759239196736,1440.0,0.0,1440.0,0.0,24.0,1980.5759239196757,24.0,0.0,24.0,,
4020332650,0,0.0,0.0,0.0,0.0,0.0,0.0,0.0,0,0,0,1440,1980,2016-05-01,,,,,,,0,1440,,,,10.0,0.0,1440.0,1980.5759239196736,1440.0,0.0,1440.0,0.0,24.0,1980.5759239196757,24.0,0.0,24.0,,
4020332650,475,0.340000003576279,0.340000003576279,0.0,0.0,0.0399999991059303,0.28999999165535,0.0,0,11,31,1350,2207,2016-05-02,,,,,,,42,1392,,90.300934243622,5566.0,11.147222222222222,465.0,1440.0,2207.7920174598657,1440.0,0.03680555555555556,1440.0,465.0,24.0,2207.7920174598676,24.0,53.0,24.0,48.0,1.0
4020332650,4496,3.22000002861023,3.22000002861023,0.0,0.0,0.0,3.15000009536743,0.0500000007450581,0,0,174,950,2828,2016-05-03,322.0,332.0,1.0,,,,174,1124,96.98795180722891,77.8770095559303,35580.0,14.26388888888889,4465.0,1440.0,2825.071593642233,1440.0,0.12083333333333333,1440.0,4465.0,24.0,2825.071593642234,24.0,174.0,24.0,316.0,2.0
4020332650,10252,7.34999990463257,7.34999990463257,0.0,0.670000016689301,1.03999996185303,5.57999992370605,0.0,13,46,346,531,3879,2016-05-04,478.0,536.0,1.0,,,,405,936,89.17910447761194,83.4561661803678,37357.0,19.551388888888887,10194.0,1440.0,3872.3011596202837,1440.0,0.33125,1440.0,10194.0,24.0,3872.301159620284,24.0,477.0,24.0,504.0,1.0
4020332650,11728,8.43000030517578,8.43000030517578,0.0,2.61999988555908,1.67999994754791,4.03999996185303,0.0700000002980232,38,42,196,916,3429,2016-05-05,226.0,248.0,1.0,,,,276,1192,91.12903225806451,85.57474310689543,21507.0,17.302083333333332,11713.0,1440.0,3426.809074163434,1440.0,0.27361111111111114,1440.0,11713.0,24.0,3426.8090741634355,24.0,394.0,24.0,248.0,1.0
4020332650,4369,3.13000011444092,3.13000011444092,0.0,0.0,0.0,3.09999990463257,0.0099999997764825,0,0,177,855,2704,2016-05-06,385.0,408.0,1.0,,,,177,1032,94.36274509803921,75.64283228276422,25859.0,13.64236111111111,4357.0,1440.0,2701.973269462583,1440.0,0.12291666666666666,1440.0,4357.0,24.0,2701.973269462584,24.0,177.0,24.0,408.0,1.0
4020332650,6132,4.40000009536743,4.40000009536743,0.0,0.0,0.0,3.57999992370605,0.0,0,0,184,1256,2975,2016-05-07,,,,,,,184,1440,,89.09170410302485,16695.0,14.354861111111111,5005.0,1440.0,2843.089313507078,1440.0,0.12777777777777777,1440.0,5005.0,24.0,2843.0893135070787,24.0,184.0,24.0,,
4020332650,5862,4.19999980926514,4.19999980926514,0.0,0.0,0.0,4.15000009536743,0.0,0,0,263,775,3089,2016-05-08,364.0,402.0,1.0,,,,263,1038,90.54726368159204,78.0410612388964,33998.0,15.566666666666666,5812.0,1440.0,3083.0966320037824,1440.0,0.18263888888888888,1440.0,5812.0,24.0,3083.0966320037833,24.0,263.0,24.0,402.0,1.0
4020332650,4556,3.26999998092651,3.26999998092651,0.0,0.200000002980232,0.119999997317791,2.94000005722046,0.0,3,5,173,1225,2785,2016-05-09,,,,,,,181,1406,,86.66172595520422,15180.0,14.061111111111112,4556.0,1440.0,2784.909886121747,1440.0,0.13333333333333333,1440.0,4556.0,24.0,2784.9098861217485,24.0,192.0,24.0,34.0,1.0
4020332650,5546,3.98000001907349,3.98000001907349,0.0,0.0,0.0,3.86999988555908,0.0399999991059303,0,0,206,774,2926,2016-05-10,442.0,494.0,1.0,,,,206,980,89.47368421052632,72.61970379024775,29101.0,14.720138888888888,5474.0,1440.0,2915.4353494644142,1440.0,0.14305555555555555,1440.0,5474.0,24.0,2915.435349464415,24.0,206.0,24.0,460.0,1.0
4020332650,3689,2.65000009536743,2.65000009536743,0.0,0.109999999403954,0.170000001788139,2.32999992370605,0.0,2,8,134,1296,2645,2016-05-11,,,,,,,144,1440,,91.23313239044748,8626.0,13.328472222222222,3663.0,1440.0,2639.8051702976195,1440.0,0.10833333333333334,1440.0,3663.0,24.0,2639.805170297621,24.0,156.0,24.0,,
4020332650,590,0.419999986886978,0.419999986886978,0.0,0.0,0.0,0.409999996423721,0.0,0,0,21,721,1120,2016-05-12,,,,,,,21,742,,94.26967370441459,1042.0,10.404166666666667,257.0,720.0,1030.3121025562266,720.0,0.015277777777777777,720.0,5583.0,24.0,2900.0308723449693,24.0,169.0,24.0,,
4057192912,5394,4.03000020980835,4.03000020980835,0.0,0.0,0.0,3.94000005722046,0.0,0,0,164,1276,2286,2016-04-12,,,,,,,164,1440,,,,12.801388888888889,5394.0,1440.0,2274.0182666778555,1440.0,0.11388888888888889,1440.0,,,,,,,,
4057192912,5974,4.46999979019165,4.46999979019165,0.0,0.0,0.0,4.36999988555908,0.0,0,0,160,1280,2306,2016-04-13,,,,,,,160,1440,,,,12.893055555555556,5974.0,1440.0,2290.30178618431,1440.0,0.1111111111111111,1440.0,5974.0,24.0,2290.3017861843105,24.0,160.0,24.0,,
4057192912,0,0.0,0.0,0.0,0.0,0.0,0.0,0.0,0,0,0,1440,1776,2016-04-14,,,,,,,0,1440,,,,10.0,0.0,1440.0,1776.384029388427,1440.0,0.0,1440.0,0.0,24.0,1776.3840293884273,24.0,0.0,24.0,,
4057192912,3984,2.95000004768372,2.95000004768372,0.0,0.209999993443489,0.259999990463257,2.44000005722046,0.0,3,6,88,873,1527,2016-04-15,,,,,,,97,970,,,,12.75,3937.0,960.0,1509.926417946815,960.0,0.11145833333333334,960.0,3937.0,16.0,1509.9264179468153,16.0,107.0,16.0,,
4319703577,7753,5.19999980926514,5.19999980926514,0.0,0.0,0.0,0.0,0.0,0,0,0,1440,2115,2016-04-12,,,,,,,0,1440,,,,10.0,0.0,1440.0,1455.984077453611,1440.0,0.0,1440.0,,,,,,,,
4319703577,8204,5.5,5.5,0.0,0.529999971389771,0.589999973773956,1.30999994277954,0.0,8,15,96,1234,2135,2016-04-13,,,,,,,119,1353,,,,12.013194444444444,3619.0,1440.0,1748.928943276407,1440.0,0.10416666666666667,1440.0,3619.0,24.0,1748.9289432764058,24.0,150.0,24.0,87.0,1.0
4319703577,10210,6.88000011444092,6.88000011444092,0.0,0.109999999403954,0.330000013113022,6.44000005722046,0.0,1,9,339,589,2302,2016-04-14,535.0,557.0,1.0,,,,349,938,96.05026929982047,,,15.786805555555556,10210.0,1440.0,2298.7609226703667,1440.0,0.25,1440.0,10210.0,24.0,2298.760922670367,24.0,360.0,24.0,502.0,2.0
4319703577,5664,3.79999995231628,3.79999995231628,0.0,0.0,0.0,3.79999995231628,0.0,0,0,228,752,1985,2016-04-15,465.0,491.0,1.0,,,,228,980,94.70468431771894,,,13.608333333333333,5664.0,1440.0,1981.3516185283656,1440.0,0.15833333333333333,1440.0,5664.0,24.0,1981.3516185283659,24.0,228.0,24.0,459.0,1.0
4319703577,4744,3.1800000667572,3.1800000667572,0.0,0.0,0.0,3.1800000667572,0.0,0,0,194,724,1884,2016-04-16,506.0,522.0,1.0,,,,194,918,96.93486590038314,,,12.921527777777778,4744.0,1440.0,1881.1677379608168,1440.0,0.13472222222222222,1440.0,4744.0,24.0,1881.1677379608159,24.0,194.0,24.0,522.0,1.0
4319703577,29,0.0199999995529652,0.0199999995529652,0.0,0.0,0.0,0.0199999995529652,0.0,0,0,3,1363,1464,2016-04-17,,,,72.4000015258789,27.4500007629395,1.0,3,1366,,,,10.041666666666666,29.0,1440.0,1461.761429071433,1440.0,0.0020833333333333333,1440.0,29.0,24.0,1461.7614290714343,24.0,3.0,24.0,74.0,1.0
4319703577,2276,1.54999995231628,1.54999995231628,0.0,0.0700000002980232,0.330000013113022,1.12000000476837,0.0,1,9,58,824,1632,2016-04-18,515.0,551.0,1.0,,,,68,892,93.46642468239564,,,11.216666666666667,2229.0,1440.0,1632.805703878409,1440.0,0.05486111111111111,1440.0,2229.0,24.0,1632.8057038784102,24.0,79.0,24.0,548.0,2.0
4319703577,8925,5.98999977111816,5.98999977111816,0.0,0.0,0.0,5.98999977111816,0.0,0,0,311,604,2200,2016-04-19,461.0,498.0,2.0,,,,311,915,92.570281124498,,,15.114583333333334,8925.0,1440.0,2200.223860740667,1440.0,0.21597222222222223,1440.0,8925.0,24.0,2200.2238607406666,24.0,311.0,24.0,525.0,3.0
4319703577,8954,6.01000022888184,6.01000022888184,0.0,0.0,0.680000007152557,5.30999994277954,0.0,0,18,306,671,2220,2016-04-20,523.0,543.0,1.0,,,,324,995,96.31675874769797,,,15.21111111111111,8915.0,1440.0,2214.27536964417,1440.0,0.2375,1440.0,8915.0,24.0,2214.27536964417,24.0,342.0,24.0,445.0,1.0
4319703577,3702,2.48000001907349,2.48000001907349,0.0,0.0,0.0,0.349999994039536,0.0,0,0,34,1265,1792,2016-04-21,59.0,65.0,1.0,,,,34,1299,90.76923076923077,,,10.480555555555556,517.0,1440.0,1525.6503055095736,1440.0,0.02361111111111111,1440.0,517.0,24.0,1525.650305509575,24.0,34.0,24.0,141.0,2.0
4319703577,4500,3.01999998092651,3.01999998092651,0.0,0.0599999986588955,0.810000002384186,2.15000009536743,0.0,1,19,176,709,1886,2016-04-22,533.0,550.0,1.0,,,,196,905,96.9090909090909,,,12.9625,4500.0,1440.0,1886.945955753332,1440.0,0.15069444444444444,1440.0,4500.0,24.0,1886.9459557533326,24.0,217.0,24.0,535.0,2.0
4319703577,4935,3.30999994277954,3.30999994277954,0.0,0.0,0.0,3.30999994277954,0.0,0,0,233,546,1945,2016-04-23,692.0,722.0,1.0,,,,233,779,95.8448753462604,,,13.364583333333334,4935.0,1440.0,1945.4770638942775,1440.0,0.16180555555555556,1440.0,4935.0,24.0,1945.4770638942778,24.0,233.0,24.0,661.0,1.0
4319703577,4081,2.74000000953674,2.74000000953674,0.0,0.0599999986588955,0.200000002980232,2.47000002861023,0.0,1,5,191,692,1880,2016-04-24,467.0,501.0,1.0,,,,197,889,93.21357285429141,,,12.921527777777778,4081.0,1440.0,1880.9816417694149,1440.0,0.14166666666666666,1440.0,4081.0,24.0,1880.981641769415,24.0,204.0,24.0,551.0,2.0
4319703577,9259,6.21000003814697,6.21000003814697,0.0,0.0,0.280000001192093,5.92999982833862,0.0,0,8,390,544,2314,2016-04-25,488.0,506.0,1.0,,,,398,942,96.44268774703558,,,15.897916666666667,9259.0,1440.0,2314.2533841133168,1440.0,0.28194444444444444,1440.0,9259.0,24.0,2314.2533841133168,24.0,406.0,24.0,498.0,2.0
4319703577,9899,6.6399998664856,6.6399998664856,0.0,0.569999992847443,0.920000016689301,5.15000009536743,0.0,8,21,288,649,2236,2016-04-26,505.0,516.0,1.0,,,,317,966,97.86821705426357,,,15.3625,9899.0,1440.0,2236.3129940033014,1440.0,0.24583333333333332,1440.0,9899.0,24.0,2236.3129940033014,24.0,354.0,24.0,474.0,1.0
4319703577,10780,7.23000001907349,7.23000001907349,0.0,0.409999996423721,1.91999995708466,4.90999984741211,0.0,6,47,300,680,2324,2016-04-27,286.0,307.0,1.0,,,,353,1033,93.15960912052117,,,15.968055555555555,10780.0,1440.0,2324.4634716510823,1440.0,0.2861111111111111,1440.0,10780.0,24.0,2324.4634716510823,24.0,412.0,24.0,407.0,2.0
4319703577,10817,7.28000020980835,7.28000020980835,0.0,1.00999999046326,0.330000013113022,5.94000005722046,0.0,13,8,359,552,2367,2016-04-28,497.0,522.0,1.0,,,,380,932,95.21072796934865,,,16.26388888888889,10810.0,1440.0,2367.5278084278157,1440.0,0.2875,1440.0,10810.0,24.0,2367.527808427815,24.0,414.0,24.0,508.0,2.0
4319703577,7990,5.3600001335144,5.3600001335144,0.0,0.449999988079071,0.790000021457672,4.11999988555908,0.0,6,18,289,624,2175,2016-04-29,523.0,546.0,1.0,,,,313,937,95.78754578754578,,,14.947916666666666,7990.0,1440.0,2175.9622616767933,1440.0,0.23819444444444443,1440.0,7990.0,24.0,2175.9622616767933,24.0,343.0,24.0,502.0,2.0
4319703577,8221,5.51999998092651,5.51999998092651,0.0,0.400000005960464,1.61000001430511,3.50999999046326,0.0,6,38,196,695,2092,2016-04-30,490.0,516.0,1.0,,,,240,935,94.96124031007751,,,14.373611111111112,8221.0,1440.0,2092.3608295917566,1440.0,0.2013888888888889,1440.0,8221.0,24.0,2092.3608295917566,24.0,290.0,24.0,505.0,2.0
4319703577,1251,0.839999973773956,0.839999973773956,0.0,0.0,0.0,0.839999973773956,0.0,0,0,67,836,1593,2016-05-01,484.0,500.0,1.0,,,,67,903,96.8,,,10.949305555555556,1251.0,1440.0,1593.8860540390078,1440.0,0.04652777777777778,1440.0,1251.0,24.0,1593.8860540390087,24.0,67.0,24.0,537.0,2.0
4319703577,9261,6.23999977111816,6.23999977111816,0.0,0.0,0.439999997615814,5.71000003814697,0.0,0,11,344,585,2270,2016-05-02,478.0,506.0,1.0,,,,355,940,94.46640316205534,,,15.556944444444444,9121.0,1440.0,2264.618189573293,1440.0,0.25416666666666665,1440.0,9121.0,24.0,2264.618189573293,24.0,366.0,24.0,500.0,2.0
4319703577,9648,6.46999979019165,6.46999979019165,0.0,0.579999983310699,1.07000005245209,4.82999992370605,0.0,8,26,287,669,2235,2016-05-03,474.0,512.0,1.0,,,,321,990,92.578125,,,15.35763888888889,9648.0,1440.0,2235.6053619384816,1440.0,0.2520833333333333,1440.0,9648.0,24.0,2235.6053619384816,24.0,363.0,24.0,450.0,1.0
4319703577,10429,7.01999998092651,7.01999998092651,0.0,0.589999973773956,0.579999983310699,5.84999990463257,0.0,8,13,313,1106,2282,2016-05-04,,,,72.3000030517578,27.3799991607666,1.0,334,1440,,,,15.681944444444444,10429.0,1440.0,2282.81439185143,1440.0,0.2520833333333333,1440.0,10429.0,24.0,2282.81439185143,24.0,363.0,24.0,,
4319703577,13658,9.48999977111816,9.48999977111816,0.0,2.63000011444092,1.4099999666214,5.44999980926514,0.0,27,34,328,957,2530,2016-05-05,,,,,,,389,1346,,,,17.380555555555556,13658.0,1440.0,2530.0805289745376,1440.0,0.33125,1440.0,13658.0,24.0,2530.0805289745376,24.0,477.0,24.0,94.0,1.0
4319703577,9524,6.42000007629395,6.42000007629395,0.0,0.409999996423721,0.469999998807907,5.46000003814697,0.0,6,11,314,692,2266,2016-05-06,450.0,491.0,1.0,,,,331,1023,91.64969450101833,,,15.55486111111111,9426.0,1440.0,2264.314915895467,1440.0,0.24583333333333332,1440.0,9426.0,24.0,2264.3149158954675,24.0,354.0,24.0,417.0,2.0
4319703577,7937,5.32999992370605,5.32999992370605,0.0,0.189999997615814,1.04999995231628,4.07999992370605,0.0,3,28,279,586,2158,2016-05-07,507.0,530.0,1.0,,,,310,896,95.66037735849056,,,14.845138888888888,7937.0,1440.0,2158.435628414156,1440.0,0.2388888888888889,1440.0,7937.0,24.0,2158.435628414155,24.0,344.0,24.0,544.0,2.0
4319703577,3672,2.46000003814697,2.46000003814697,0.0,0.0,0.0,2.46000003814697,0.0,0,0,153,603,1792,2016-05-08,602.0,638.0,1.0,,,,153,756,94.35736677115987,,,12.321527777777778,3672.0,1440.0,1791.5106343030957,1440.0,0.10625,1440.0,3672.0,24.0,1791.5106343030945,24.0,153.0,24.0,683.0,2.0
4319703577,10378,6.96000003814697,6.96000003814697,0.0,0.140000000596046,0.560000002384186,6.25,0.0,2,14,374,490,2345,2016-05-09,535.0,565.0,1.0,,,,390,880,94.69026548672566,,,16.13125,10362.0,1440.0,2345.4320662021655,1440.0,0.2833333333333333,1440.0,10362.0,24.0,2345.4320662021646,24.0,408.0,24.0,559.0,2.0
4319703577,9487,6.36999988555908,6.36999988555908,0.0,0.209999993443489,0.46000000834465,5.69999980926514,0.0,3,12,329,555,2260,2016-05-10,487.0,517.0,1.0,,,,344,899,94.1972920696325,,,15.54861111111111,9487.0,1440.0,2260.7182359695453,1440.0,0.2513888888888889,1440.0,9487.0,24.0,2260.7182359695444,24.0,362.0,24.0,541.0,2.0
4319703577,9129,6.13000011444092,6.13000011444092,0.0,0.200000002980232,0.740000009536743,5.17999982833862,0.0,3,18,311,574,2232,2016-05-11,529.0,558.0,1.0,,,,332,906,94.80286738351255,,,15.35138888888889,9129.0,1440.0,2232.042755126955,1440.0,0.24722222222222223,1440.0,9129.0,24.0,2232.042755126954,24.0,356.0,24.0,534.0,2.0
4319703577,17,0.0099999997764825,0.0099999997764825,0.0,0.0,0.0,0.0099999997764825,0.0,0,0,2,0,257,2016-05-12,302.0,321.0,1.0,,,,2,2,94.0809968847352,,,10.1875,17.0,240.0,246.87163639068658,240.0,0.008333333333333333,240.0,17.0,4.0,246.87163639068635,4.0,2.0,4.0,248.0,1.0
4388161847,10122,7.78000020980835,7.78000020980835,0.0,0.0,0.0,0.0,0.0,0,0,0,1440,2955,2016-04-12,,,,,,,0,1440,,,,10.0,0.0,1440.0,1878.1919288635247,1440.0,0.0,1440.0,,,,,,,,
4388161847,10993,8.44999980926514,8.44999980926514,0.0,0.0599999986588955,0.629999995231628,3.88000011444092,0.0,1,14,150,1275,3092,2016-04-13,,,,,,,165,1440,,67.04312865497076,8208.0,13.365277777777777,5938.0,1440.0,2510.2557210922237,1440.0,0.12569444444444444,1440.0,5938.0,24.0,2510.2557210922237,24.0,181.0,24.0,,
4388161847,8863,6.82000017166138,6.82000017166138,0.0,0.129999995231628,1.07000005245209,5.61999988555908,0.0,10,35,219,945,2998,2016-04-14,,,,,,,264,1209,,68.43871753246754,7392.0,15.9625,8863.0,1440.0,2998.0639621019363,1440.0,0.22152777777777777,1440.0,8863.0,24.0,2998.0639621019363,24.0,319.0,24.0,231.0,1.0
4388161847,8758,6.73000001907349,6.73000001907349,0.0,0.0,0.0,6.73000001907349,0.0,0,0,299,837,3066,2016-04-15,499.0,526.0,1.0,,,,299,1136,94.86692015209125,67.47093970668115,9205.0,16.32847222222222,8758.0,1440.0,3066.800580978394,1440.0,0.2076388888888889,1440.0,8758.0,24.0,3066.800580978394,24.0,299.0,24.0,304.0,2.0
4388161847,6580,5.05999994277954,5.05999994277954,0.0,0.209999993443489,0.400000005960464,4.44999980926514,0.0,6,9,253,609,3073,2016-04-16,426.0,448.0,2.0,,,,268,877,95.08928571428571,75.47658862876254,8970.0,16.363888888888887,6580.0,1440.0,3073.452517390251,1440.0,0.20069444444444445,1440.0,6580.0,24.0,3073.4525173902516,24.0,289.0,24.0,563.0,3.0
4388161847,4660,3.57999992370605,3.57999992370605,0.0,0.0,0.0,3.57999992370605,0.0,0,0,201,721,2572,2016-04-17,619.0,641.0,2.0,,,,201,922,96.56786271450858,66.39134502923977,8550.0,13.697222222222223,4660.0,1440.0,2572.6012977361684,1440.0,0.13958333333333334,1440.0,4660.0,24.0,2572.6012977361684,24.0,201.0,24.0,517.0,2.0
4388161847,11009,9.10000038146973,9.10000038146973,0.0,3.55999994277954,0.400000005960464,5.1399998664856,0.0,27,8,239,1017,3274,2016-04-18,99.0,104.0,1.0,,,,274,1291,95.1923076923077,81.49099490746491,8051.0,17.431944444444444,11009.0,1440.0,3274.053840398789,1440.0,0.23333333333333334,1440.0,11009.0,24.0,3274.053840398789,24.0,336.0,24.0,149.0,2.0
4388161847,10181,7.82999992370605,7.82999992370605,0.0,1.37000000476837,0.689999997615814,5.76999998092651,0.0,20,16,249,704,3015,2016-04-19,329.0,338.0,1.0,,,,285,989,97.33727810650888,65.5324563295234,9274.0,16.052777777777777,10181.0,1440.0,3015.0198624134064,1440.0,0.23680555555555555,1440.0,10181.0,24.0,3015.0198624134064,24.0,341.0,24.0,451.0,2.0
4388161847,10553,8.11999988555908,8.11999988555908,0.0,1.10000002384186,1.72000002861023,5.28999996185303,0.0,19,42,228,696,3083,2016-04-20,421.0,451.0,1.0,,,,289,985,93.34811529933481,65.40125868055556,9216.0,16.415277777777778,10553.0,1440.0,3083.104330301285,1440.0,0.25625,1440.0,10553.0,24.0,3083.104330301285,24.0,369.0,24.0,455.0,2.0
4388161847,10055,7.73000001907349,7.73000001907349,0.0,0.370000004768372,0.389999985694885,6.98000001907349,0.0,7,12,272,853,3069,2016-04-21,442.0,458.0,1.0,,,,291,1144,96.5065502183406,63.099279119767296,7907.0,16.343055555555555,10055.0,1440.0,3069.5395983457565,1440.0,0.22013888888888888,1440.0,10055.0,24.0,3069.5395983457565,24.0,317.0,24.0,296.0,1.0
4388161847,12139,9.34000015258789,9.34000015258789,0.0,3.29999995231628,1.11000001430511,4.92000007629395,0.0,77,25,220,945,3544,2016-04-22,82.0,85.0,1.0,,,,322,1267,96.47058823529412,73.27719923266649,7298.0,18.86875,12139.0,1440.0,3543.913519382477,1440.0,0.34791666666666665,1440.0,12139.0,24.0,3543.913519382477,24.0,501.0,24.0,173.0,2.0
4388161847,13236,10.1800003051758,10.1800003051758,0.0,4.5,0.319999992847443,5.34999990463257,0.0,58,5,215,749,3306,2016-04-23,478.0,501.0,1.0,,,,278,1027,95.40918163672654,67.08074201158053,9326.0,17.606944444444444,13236.0,1440.0,3306.922198176384,1440.0,0.27708333333333335,1440.0,13236.0,24.0,3306.922198176384,24.0,399.0,24.0,413.0,1.0
4388161847,10243,7.88000011444092,7.88000011444092,0.0,1.08000004291534,0.509999990463257,6.30000019073486,0.0,14,8,239,584,2885,2016-04-24,552.0,595.0,3.0,,,,261,845,92.77310924369748,62.10169687175343,8663.0,15.36111111111111,10243.0,1440.0,2885.1115654706955,1440.0,0.20625,1440.0,10243.0,24.0,2885.1115654706955,24.0,297.0,24.0,595.0,3.0
4388161847,12961,9.97000026702881,9.97000026702881,0.0,0.730000019073486,1.39999997615814,7.84000015258789,0.0,11,31,301,1054,3288,2016-04-25,,,,,,,343,1397,,67.51205052197449,7759.0,17.511111111111113,12961.0,1440.0,3288.922865629196,1440.0,0.275,1440.0,12961.0,24.0,3288.922865629196,24.0,396.0,24.0,43.0,1.0
4388161847,9461,7.28000020980835,7.28000020980835,0.0,0.939999997615814,1.05999994277954,5.26999998092651,0.0,14,23,224,673,2929,2016-04-26,319.0,346.0,1.0,,,,261,934,92.19653179190752,62.51359843970094,9229.0,15.595833333333333,9461.0,1440.0,2929.196923494339,1440.0,0.21666666666666667,1440.0,9461.0,24.0,2929.196923494339,24.0,312.0,24.0,506.0,2.0
4388161847,11193,8.60999965667725,8.60999965667725,0.0,0.699999988079071,2.50999999046326,5.3899998664856,0.0,11,48,241,684,3074,2016-04-27,439.0,500.0,1.0,,,,300,984,87.8,62.120521869318786,9351.0,16.37013888888889,11193.0,1440.0,3074.626376271248,1440.0,0.2569444444444444,1440.0,11193.0,24.0,3074.626376271248,24.0,370.0,24.0,455.0,2.0
4388161847,10074,7.75,7.75,0.0,1.28999996185303,0.430000007152557,6.03000020980835,0.0,19,9,234,878,2969,2016-04-28,428.0,458.0,1.0,,,,262,1140,93.44978165938865,62.32648343180067,7786.0,15.808333333333334,10074.0,1440.0,2969.1084969043736,1440.0,0.21458333333333332,1440.0,10074.0,24.0,2969.1084969043736,24.0,309.0,24.0,300.0,1.0
4388161847,9232,7.09999990463257,7.09999990463257,0.0,0.800000011920929,0.889999985694885,5.42000007629395,0.0,13,16,236,1175,2979,2016-04-29,,,,,,,265,1440,,66.10588863666712,7489.0,15.861805555555556,9232.0,1440.0,2979.1516245603557,1440.0,0.21319444444444444,1440.0,9232.0,24.0,2979.1516245603557,24.0,307.0,24.0,,
4388161847,12533,9.64000034332275,9.64000034332275,0.0,0.699999988079071,2.0,6.94000005722046,0.0,14,43,300,537,3283,2016-04-30,409.0,430.0,2.0,,,,357,894,95.11627906976744,64.22769296925392,9302.0,17.480555555555554,12533.0,1440.0,3283.18392431736,1440.0,0.2972222222222222,1440.0,12533.0,24.0,3283.18392431736,24.0,428.0,24.0,546.0,3.0
4388161847,10255,7.8899998664856,7.8899998664856,0.0,1.00999999046326,0.680000007152557,6.19999980926514,0.0,12,15,241,579,2926,2016-05-01,547.0,597.0,1.0,,,,268,847,91.62479061976549,60.02217947267172,8837.0,15.583333333333334,10255.0,1440.0,2926.8491647243495,1440.0,0.21319444444444444,1440.0,10255.0,24.0,2926.8491647243495,24.0,307.0,24.0,593.0,2.0
4388161847,10096,8.39999961853027,8.39999961853027,0.0,3.76999998092651,0.0799999982118607,4.55000019073486,0.0,33,4,204,935,3147,2016-05-02,368.0,376.0,2.0,,,,241,1176,97.87234042553192,66.39496105160661,8216.0,16.756944444444443,10096.0,1440.0,3147.2758824825287,1440.0,0.21597222222222223,1440.0,10096.0,24.0,3147.2758824825287,24.0,311.0,24.0,264.0,2.0
4388161847,12727,9.78999996185303,9.78999996185303,0.0,1.12999999523163,0.779999971389771,7.88000011444092,0.0,18,18,306,984,3290,2016-05-03,,,,,,,342,1326,,66.62235142118863,7740.0,17.51736111111111,12727.0,1440.0,3290.096725463867,1440.0,0.275,1440.0,12727.0,24.0,3290.0967254638667,24.0,396.0,24.0,114.0,1.0
4388161847,12375,9.52000045776367,9.52000045776367,0.0,2.78999996185303,0.930000007152557,5.80000019073486,0.0,35,21,251,632,3162,2016-05-04,390.0,414.0,1.0,,,,307,939,94.20289855072464,61.94766681203663,9172.0,16.836111111111112,12375.0,1440.0,3162.144897937775,1440.0,0.2763888888888889,1440.0,12375.0,24.0,3162.1448979377747,24.0,398.0,24.0,501.0,2.0
4388161847,9603,7.38000011444092,7.38000011444092,0.0,0.629999995231628,1.66999995708466,5.09000015258789,0.0,12,39,199,896,2899,2016-05-05,471.0,495.0,1.0,,,,250,1146,95.15151515151516,61.041297935103245,7797.0,15.438194444444445,9603.0,1440.0,2899.5893102884293,1440.0,0.21736111111111112,1440.0,9603.0,24.0,2899.5893102884293,24.0,313.0,24.0,294.0,1.0
4388161847,13175,10.1300001144409,10.1300001144409,0.0,2.10999989509583,2.08999991416931,5.92999982833862,0.0,33,45,262,1100,3425,2016-05-06,,,,,,,340,1440,,69.07669760625305,8188.0,18.23611111111111,13175.0,1440.0,3425.091796040535,1440.0,0.31319444444444444,1440.0,13175.0,24.0,3425.091796040535,24.0,451.0,24.0,,
4388161847,22770,17.5400009155273,17.5400009155273,0.0,9.44999980926514,2.76999998092651,5.32999992370605,0.0,120,56,260,508,4022,2016-05-07,472.0,496.0,1.0,,,,436,944,95.16129032258064,66.62712040795088,9609.0,21.416666666666668,22770.0,1440.0,4022.46116900444,1440.0,0.5083333333333333,1440.0,22770.0,24.0,4022.4611690044403,24.0,732.0,24.0,496.0,1.0
4388161847,17298,14.3800001144409,14.3800001144409,0.0,9.89000034332275,1.25999999046326,3.23000001907349,0.0,107,38,178,576,3934,2016-05-08,529.0,541.0,2.0,,,,323,899,97.7818853974122,76.78011037766476,9241.0,20.95,17298.0,1440.0,3934.812216758728,1440.0,0.3993055555555556,1440.0,17298.0,24.0,3934.8122167587285,24.0,575.0,24.0,541.0,2.0
4388161847,10218,7.8600001335144,7.8600001335144,0.0,0.340000003576279,0.730000019073486,6.78999996185303,0.0,6,19,258,1020,3013,2016-05-09,62.0,65.0,1.0,,,,283,1303,95.38461538461539,64.05171717171717,7425.0,16.044444444444444,10218.0,1440.0,3013.4546984434132,1440.0,0.21805555555555556,1440.0,10218.0,24.0,3013.454698443413,24.0,314.0,24.0,137.0,2.0
4388161847,10299,7.92000007629395,7.92000007629395,0.0,0.810000002384186,0.649999976158142,6.46000003814697,0.0,13,14,267,648,3061,2016-05-10,354.0,375.0,1.0,,,,294,942,94.4,61.22121701669359,9285.0,16.297916666666666,10299.0,1440.0,3061.061651706695,1440.0,0.23194444444444445,1440.0,10299.0,24.0,3061.0616517066956,24.0,334.0,24.0,498.0,2.0
4388161847,10201,7.84000015258789,7.84000015258789,0.0,0.529999971389771,0.790000021457672,6.53000020980835,0.0,8,18,256,858,2954,2016-05-11,469.0,494.0,1.0,,,,282,1140,94.93927125506073,59.97196611014204,8026.0,15.729861111111111,10201.0,1440.0,2954.3699032068253,1440.0,0.21944444444444444,1440.0,10201.0,24.0,2954.3699032068253,24.0,316.0,24.0,299.0,1.0
4388161847,3369,2.58999991416931,2.58999991416931,0.0,0.0,0.0,2.58999991416931,0.0,0,0,108,825,1623,2016-05-12,,,,,,,108,933,,60.24690976514215,3236.0,13.236666666666666,3079.0,900.0,1553.8125705718994,900.0,0.11222222222222222,900.0,5243.0,19.0,2120.5309233665466,19.0,166.0,19.0,,
4445114986,3276,2.20000004768372,2.20000004768372,0.0,0.0,0.0,2.20000004768372,0.0,0,0,196,787,2113,2016-04-12,429.0,457.0,2.0,,,,196,983,93.87308533916848,,,12.772222222222222,3276.0,1440.0,2113.9764900207483,1440.0,0.1361111111111111,1440.0,,,,,,,457.0,2.0
4445114986,2961,1.99000000953674,1.99000000953674,0.0,0.0,0.0,1.99000000953674,0.0,0,0,194,840,2095,2016-04-13,370.0,406.0,2.0,,,,194,1034,91.13300492610837,,,12.659722222222221,2961.0,1440.0,2095.3562085628473,1440.0,0.13472222222222222,1440.0,2961.0,24.0,2095.356208562849,24.0,194.0,24.0,406.0,2.0
4445114986,3974,2.67000007629395,2.67000007629395,0.0,0.0,0.0,2.67000007629395,0.0,0,0,231,717,2194,2016-04-14,441.0,492.0,1.0,,,,231,948,89.63414634146342,,,13.25763888888889,3974.0,1440.0,2194.319551110264,1440.0,0.16041666666666668,1440.0,3974.0,24.0,2194.319551110266,24.0,231.0,24.0,492.0,1.0
4445114986,7198,4.82999992370605,4.82999992370605,0.0,0.0,0.0,4.82999992370605,0.0,0,0,350,711,2496,2016-04-15,337.0,379.0,2.0,,,,350,1061,88.91820580474933,,,15.082638888888889,7198.0,1440.0,2496.3818670511214,1440.0,0.24305555555555555,1440.0,7198.0,24.0,2496.381867051123,24.0,350.0,24.0,379.0,2.0
4445114986,3945,2.65000009536743,2.65000009536743,0.0,0.0,0.0,2.65000009536743,0.0,0,0,225,716,2180,2016-04-16,462.0,499.0,1.0,,,,225,941,92.58517034068136,,,13.175694444444444,3945.0,1440.0,2180.756629586216,1440.0,0.15625,1440.0,3945.0,24.0,2180.756629586218,24.0,225.0,24.0,499.0,1.0
4445114986,2268,1.51999998092651,1.51999998092651,0.0,0.0,0.0,1.51999998092651,0.0,0,0,114,1219,1933,2016-04-17,98.0,107.0,1.0,,,,114,1333,91.58878504672897,,,11.672222222222222,2258.0,1440.0,1931.911520957943,1440.0,0.07916666666666666,1440.0,2258.0,24.0,1931.9115209579447,24.0,114.0,24.0,107.0,1.0
4445114986,6155,4.23999977111816,4.23999977111816,0.0,2.0,0.28999999165535,1.95000004768372,0.0,25,6,162,1247,2248,2016-04-18,,,,,,,193,1440,,,,13.584027777777777,6155.0,1440.0,2248.3413444757425,1440.0,0.17291666666666666,1440.0,6155.0,24.0,2248.3413444757443,24.0,249.0,24.0,,
4445114986,2064,1.38999998569489,1.38999998569489,0.0,0.0,0.0,1.38999998569489,0.0,0,0,121,895,1954,2016-04-19,388.0,424.0,2.0,,,,121,1016,91.50943396226415,,,11.807638888888889,2064.0,1440.0,1954.324829220768,1440.0,0.08402777777777778,1440.0,2064.0,24.0,1954.3248292207697,24.0,121.0,24.0,424.0,2.0
4445114986,2072,1.38999998569489,1.38999998569489,0.0,0.0,0.0,1.38999998569489,0.0,0,0,137,841,1974,2016-04-20,439.0,462.0,1.0,,,,137,978,95.02164502164503,,,11.929166666666667,2072.0,1440.0,1974.439327955242,1440.0,0.09513888888888888,1440.0,2072.0,24.0,1974.4393279552442,24.0,137.0,24.0,462.0,1.0
4445114986,3809,2.55999994277954,2.55999994277954,0.0,0.0,0.0,2.53999996185303,0.0,0,0,215,756,2150,2016-04-21,436.0,469.0,1.0,,,,215,971,92.96375266524521,,,12.971527777777778,3789.0,1440.0,2146.9642633199655,1440.0,0.14930555555555555,1440.0,3789.0,24.0,2146.9642633199674,24.0,215.0,24.0,469.0,1.0
4445114986,6831,4.57999992370605,4.57999992370605,0.0,0.0,0.0,4.57999992370605,0.0,0,0,317,706,2432,2016-04-22,388.0,417.0,1.0,,,,317,1023,93.04556354916068,,,14.69375,6831.0,1440.0,2432.015468239781,1440.0,0.22013888888888888,1440.0,6831.0,24.0,2432.015468239783,24.0,317.0,24.0,417.0,1.0
4445114986,4363,2.9300000667572,2.9300000667572,0.0,0.0,0.0,2.9300000667572,0.0,0,0,201,1239,2149,2016-04-23,,,,,,,201,1440,,,,13.022916666666667,4363.0,1440.0,2149.093816161161,1440.0,0.13958333333333334,1440.0,4363.0,24.0,2149.093816161161,24.0,201.0,24.0,,
4445114986,5002,3.35999989509583,3.35999989509583,0.0,0.0,0.0,3.35999989509583,0.0,0,0,244,1196,2247,2016-04-24,,,,,,,244,1440,,,,13.616666666666667,5002.0,1440.0,2247.076809167867,1440.0,0.16944444444444445,1440.0,5002.0,24.0,2247.0768091678665,24.0,244.0,24.0,,
4445114986,3385,2.26999998092651,2.26999998092651,0.0,0.0,0.0,2.26999998092651,0.0,0,0,179,916,2070,2016-04-25,328.0,345.0,1.0,,,,179,1095,95.07246376811594,,,12.549305555555556,3385.0,1440.0,2070.9366198778207,1440.0,0.12430555555555556,1440.0,3385.0,24.0,2070.9366198778207,24.0,179.0,24.0,345.0,1.0
4445114986,6326,4.40999984741211,4.40999984741211,0.0,2.41000008583069,0.0399999991059303,1.96000003814697,0.0,29,1,180,839,2291,2016-04-26,353.0,391.0,2.0,,,,210,1049,90.28132992327366,,,13.885416666666666,6326.0,1440.0,2291.427014589315,1440.0,0.18680555555555556,1440.0,6326.0,24.0,2291.4270145893147,24.0,269.0,24.0,391.0,2.0
4445114986,7243,5.03000020980835,5.03000020980835,0.0,2.61999988555908,0.0299999993294477,2.38000011444092,0.0,32,1,194,839,2361,2016-04-27,332.0,374.0,1.0,,,,227,1066,88.77005347593582,,,14.3125,7243.0,1440.0,2361.906010746961,1440.0,0.20277777777777778,1440.0,7243.0,24.0,2361.9060107469604,24.0,292.0,24.0,374.0,1.0
4445114986,4493,3.00999999046326,3.00999999046326,0.0,0.0,0.0,3.00999999046326,0.0,0,0,236,762,2203,2016-04-28,419.0,442.0,1.0,,,,236,998,94.79638009049773,,,13.354861111111111,4493.0,1440.0,2203.8726153373773,1440.0,0.1638888888888889,1440.0,4493.0,24.0,2203.8726153373764,24.0,236.0,24.0,442.0,1.0
4445114986,4676,3.14000010490417,3.14000010490417,0.0,0.0,0.0,3.13000011444092,0.0,0,0,226,1106,2196,2016-04-29,106.0,108.0,1.0,,,,226,1332,98.14814814814815,,,13.296527777777778,4658.0,1440.0,2194.246218681341,1440.0,0.15694444444444444,1440.0,4658.0,24.0,2194.246218681341,24.0,226.0,24.0,108.0,1.0
4445114986,6222,4.17999982833862,4.17999982833862,0.0,0.0,0.0,4.17999982833862,0.0,0,0,290,797,2363,2016-04-30,322.0,353.0,1.0,,,,290,1087,91.21813031161473,,,14.323611111111111,6222.0,1440.0,2363.739608526235,1440.0,0.2013888888888889,1440.0,6222.0,24.0,2363.7396085262344,24.0,290.0,24.0,353.0,1.0
4445114986,5232,3.50999999046326,3.50999999046326,0.0,0.0,0.0,3.50999999046326,0.0,0,0,240,741,2246,2016-05-01,439.0,459.0,2.0,,,,240,981,95.64270152505446,,,13.613888888888889,5232.0,1440.0,2246.618410348897,1440.0,0.16666666666666666,1440.0,5232.0,24.0,2246.6184103488968,24.0,240.0,24.0,459.0,2.0
4445114986,6910,4.75,4.75,0.0,2.21000003814697,0.189999997615814,2.34999990463257,0.0,27,4,200,667,2336,2016-05-02,502.0,542.0,1.0,,,,231,898,92.619926199262,,,14.15625,6910.0,1440.0,2336.121016621595,1440.0,0.20069444444444445,1440.0,6910.0,24.0,2336.1210166215947,24.0,289.0,24.0,542.0,1.0
4445114986,7502,5.17999982833862,5.17999982833862,0.0,2.48000001907349,0.109999999403954,2.57999992370605,0.0,30,2,233,725,2421,2016-05-03,417.0,450.0,2.0,,,,265,990,92.66666666666667,,,14.670833333333333,7502.0,1440.0,2421.039613366132,1440.0,0.22708333333333333,1440.0,7502.0,24.0,2421.0396133661316,24.0,327.0,24.0,450.0,2.0
4445114986,2923,1.96000003814697,1.96000003814697,0.0,0.0,0.0,1.96000003814697,0.0,0,0,180,897,2070,2016-05-04,337.0,363.0,2.0,,,,180,1077,92.8374655647383,,,12.547916666666667,2923.0,1440.0,2070.707415103918,1440.0,0.125,1440.0,2923.0,24.0,2070.7074151039174,24.0,180.0,24.0,363.0,2.0
4445114986,3800,2.54999995231628,2.54999995231628,0.0,0.119999997317791,0.239999994635582,2.1800000667572,0.0,2,6,185,734,2120,2016-05-05,462.0,513.0,2.0,,,,193,927,90.05847953216374,,,12.852083333333333,3800.0,1440.0,2120.9022165536935,1440.0,0.14097222222222222,1440.0,3800.0,24.0,2120.902216553693,24.0,203.0,24.0,513.0,2.0
4445114986,4514,3.02999997138977,3.02999997138977,0.0,0.0,0.0,3.02999997138977,0.0,0,0,229,809,2211,2016-05-06,374.0,402.0,2.0,,,,229,1038,93.03482587064677,,,13.4,4514.0,1440.0,2211.321609854703,1440.0,0.15902777777777777,1440.0,4514.0,24.0,2211.321609854703,24.0,229.0,24.0,402.0,2.0
4445114986,5183,3.58999991416931,3.58999991416931,0.0,2.13000011444092,0.189999997615814,1.25,0.0,26,4,108,866,2123,2016-05-07,401.0,436.0,2.0,,,,138,1004,91.97247706422019,,,12.870138888888889,5167.0,1440.0,2123.8818247318327,1440.0,0.13472222222222222,1440.0,5167.0,24.0,2123.8818247318327,24.0,194.0,24.0,436.0,2.0
4445114986,7303,4.90000009536743,4.90000009536743,0.0,0.0,0.25,4.65000009536743,0.0,0,8,308,733,2423,2016-05-08,361.0,391.0,1.0,,,,316,1049,92.32736572890026,,,14.685416666666667,7303.0,1440.0,2423.44621610642,1440.0,0.225,1440.0,7303.0,24.0,2423.4462161064193,24.0,324.0,24.0,391.0,1.0
4445114986,5275,3.53999996185303,3.53999996185303,0.0,0.0,0.0,3.53999996185303,0.0,0,0,266,641,2281,2016-05-09,457.0,533.0,1.0,,,,266,907,85.74108818011257,,,13.825694444444444,5275.0,1440.0,2281.571414709096,1440.0,0.18472222222222223,1440.0,5275.0,24.0,2281.5714147090957,24.0,266.0,24.0,533.0,1.0
4445114986,3915,2.63000011444092,2.63000011444092,0.0,0.0,0.0,2.63000011444092,0.0,0,0,231,783,2181,2016-05-10,405.0,426.0,1.0,,,,231,1014,95.07042253521126,,,13.220138888888888,3915.0,1440.0,2181.6402148008397,1440.0,0.16041666666666668,1440.0,3915.0,24.0,2181.6402148008387,24.0,231.0,24.0,426.0,1.0
4445114986,9105,6.1100001335144,6.1100001335144,0.0,2.25,1.0,2.85999989509583,0.0,34,22,232,622,2499,2016-05-11,499.0,530.0,1.0,,,,288,910,94.15094339622641,,,15.147916666666667,9105.0,1440.0,2499.769816160207,1440.0,0.2625,1440.0,9105.0,24.0,2499.7698161602066,24.0,378.0,24.0,530.0,1.0
4445114986,768,0.519999980926514,0.519999980926514,0.0,0.0,0.0,0.519999980926514,0.0,0,0,58,380,1212,2016-05-12,483.0,501.0,1.0,,,,58,438,96.40718562874251,,,10.914102564102564,484.0,780.0,975.5898145437275,780.0,0.04487179487179487,780.0,6217.0,24.0,2261.5164166688974,24.0,254.0,24.0,501.0,1.0
4558609924,5135,3.39000010490417,3.39000010490417,0.0,0.0,0.0,3.39000010490417,0.0,0,0,318,1122,1909,2016-04-12,,,,,,,318,1440,,76.63937719738824,5973.0,14.28888888888889,5135.0,1440.0,1909.6585637330998,1440.0,0.22083333333333333,1440.0,,,,,,,,
4558609924,4978,3.28999996185303,3.28999996185303,0.0,1.24000000953674,0.439999997615814,1.61000001430511,0.0,19,7,127,1287,1722,2016-04-13,,,,,,,153,1440,,85.10215664018162,2643.0,12.88888888888889,4978.0,1440.0,1722.5535922050472,1440.0,0.1375,1440.0,4978.0,24.0,1722.5535922050472,24.0,198.0,24.0,,
4558609924,6799,4.48999977111816,4.48999977111816,0.0,0.0,0.0,4.48999977111816,0.0,0,0,279,1161,1922,2016-04-14,,,,,,,279,1440,,81.55655599324704,5331.0,14.388194444444444,6799.0,1440.0,1922.9303888082497,1440.0,0.19375,1440.0,6799.0,24.0,1922.93038880825,24.0,279.0,24.0,,
4558609924,7795,5.15000009536743,5.15000009536743,0.0,0.589999973773956,0.839999973773956,3.73000001907349,0.0,17,30,262,1131,2121,2016-04-15,,,,,,,309,1440,,90.86349049617378,8102.0,15.877083333333333,7795.0,1440.0,2121.9150315523143,1440.0,0.2590277777777778,1440.0,7795.0,24.0,2121.9150315523143,24.0,373.0,24.0,,
4558609924,7289,4.82000017166138,4.82000017166138,0.0,0.550000011920929,0.75,3.5,0.0,8,12,308,1112,1997,2016-04-16,,,,,,,328,1440,,76.29632320883593,6881.0,14.896527777777777,7265.0,1440.0,1990.8673117160786,1440.0,0.24722222222222223,1440.0,7265.0,24.0,1990.8673117160786,24.0,356.0,24.0,,
4558609924,9634,6.40000009536743,6.40000009536743,0.0,0.550000011920929,1.13999998569489,4.71000003814697,0.0,7,19,304,1110,2117,2016-04-17,,,,,,,330,1440,,83.2046897899365,6141.0,15.815972222222221,9634.0,1440.0,2117.6194674372673,1440.0,0.2520833333333333,1440.0,9634.0,24.0,2117.6194674372673,24.0,363.0,24.0,,
4558609924,8940,5.90999984741211,5.90999984741211,0.0,0.980000019073486,0.930000007152557,4.0,0.0,14,15,331,1080,2116,2016-04-18,,,,69.6999969482422,27.25,1.0,360,1440,,80.4574690464705,6219.0,15.802777777777777,8940.0,1440.0,2116.3080142736426,1440.0,0.2798611111111111,1440.0,8940.0,24.0,2116.308014273643,24.0,403.0,24.0,,
4558609924,5401,3.5699999332428,3.5699999332428,0.0,0.0500000007450581,0.360000014305115,3.16000008583069,0.0,1,9,248,1182,1876,2016-04-19,,,,,,,258,1440,,83.0984677782785,4438.0,14.006944444444445,5401.0,1440.0,1875.8100128173821,1440.0,0.18680555555555556,1440.0,5401.0,24.0,1875.8100128173824,24.0,269.0,24.0,,
4558609924,4803,3.17000007629395,3.17000007629395,0.0,0.0,0.0,3.17000007629395,0.0,0,0,222,1218,1788,2016-04-20,,,,,,,222,1440,,76.92327166504381,5135.0,13.356944444444444,4803.0,1440.0,1788.762014985084,1440.0,0.15416666666666667,1440.0,4803.0,24.0,1788.7620149850843,24.0,222.0,24.0,,
4558609924,13743,9.07999992370605,9.07999992370605,0.0,0.419999986886978,0.970000028610229,7.69999980926514,0.0,6,21,432,844,2486,2016-04-21,126.0,137.0,1.0,,,,459,1303,91.97080291970804,85.66238718698361,7867.0,18.568055555555556,13743.0,1440.0,2486.634010910987,1440.0,0.3416666666666667,1440.0,13743.0,24.0,2486.6340109109874,24.0,492.0,24.0,137.0,1.0
4558609924,9601,6.34999990463257,6.34999990463257,0.0,1.37000000476837,1.5,3.47000002861023,0.0,20,25,273,1122,2094,2016-04-22,,,,,,,318,1440,,82.56045881790665,6277.0,15.641666666666667,9601.0,1440.0,2094.732011556625,1440.0,0.2659722222222222,1440.0,9601.0,24.0,2094.732011556625,24.0,383.0,24.0,,
4558609924,6890,4.55000019073486,4.55000019073486,0.0,0.340000003576279,0.200000002980232,4.01000022888184,0.0,5,5,308,1122,2085,2016-04-23,,,,,,,318,1440,,85.85146641438033,6342.0,15.522222222222222,6890.0,1440.0,2078.7360113859168,1440.0,0.23125,1440.0,6890.0,24.0,2078.736011385917,24.0,333.0,24.0,,
4558609924,8563,5.65999984741211,5.65999984741211,0.0,0.0,0.0,5.65000009536743,0.0,0,0,395,1045,2173,2016-04-24,,,,,,,395,1440,,83.96923312413898,6533.0,16.143055555555556,8553.0,1440.0,2169.3167279958707,1440.0,0.2743055555555556,1440.0,8553.0,24.0,2169.316727995871,24.0,395.0,24.0,,
4558609924,8095,5.34999990463257,5.34999990463257,0.0,0.589999973773956,0.25,4.51000022888184,0.0,18,10,340,993,2225,2016-04-25,,,,70.3000030517578,27.4599990844727,1.0,368,1361,,82.49422222222222,6750.0,16.554861111111112,8095.0,1440.0,2225.847457408905,1440.0,0.2875,1440.0,8095.0,24.0,2225.847457408905,24.0,414.0,24.0,79.0,1.0
4558609924,9148,6.05000019073486,6.05000019073486,0.0,0.430000007152557,2.02999997138977,3.58999991416931,0.0,12,41,283,1062,2223,2016-04-26,103.0,121.0,1.0,,,,336,1398,85.12396694214875,91.335402888379,7409.0,16.52638888888889,9148.0,1440.0,2222.019285202027,1440.0,0.27847222222222223,1440.0,9148.0,24.0,2222.019285202027,24.0,401.0,24.0,42.0,1.0
4558609924,9557,6.32000017166138,6.32000017166138,0.0,1.96000003814697,0.889999985694885,3.46000003814697,0.0,27,14,312,1087,2098,2016-04-27,,,,,,,353,1440,,84.5569756698491,6494.0,15.60763888888889,9557.0,1440.0,2098.490778684616,1440.0,0.2923611111111111,1440.0,9557.0,24.0,2098.490778684616,24.0,421.0,24.0,,
4558609924,9451,6.25,6.25,0.0,0.0199999995529652,0.270000010728836,5.94999980926514,0.0,1,11,367,985,2185,2016-04-28,,,,,,,379,1364,,85.64209429538943,7678.0,16.25138888888889,9451.0,1440.0,2185.0447689294815,1440.0,0.2722222222222222,1440.0,9451.0,24.0,2185.0447689294815,24.0,392.0,24.0,76.0,1.0
4558609924,7833,5.17999982833862,5.17999982833862,0.0,1.01999998092651,1.85000002384186,2.30999994277954,0.0,15,29,197,1096,1918,2016-04-29,171.0,179.0,1.0,,,,241,1337,95.53072625698324,80.55509145902347,6943.0,14.299305555555556,7833.0,1440.0,1922.5817084312437,1440.0,0.20833333333333334,1440.0,7833.0,24.0,1922.5817084312437,24.0,300.0,24.0,103.0,1.0
4558609924,10319,6.82000017166138,6.82000017166138,0.0,0.469999998807907,1.88999998569489,4.46000003814697,0.0,7,29,293,1111,2105,2016-04-30,,,,,,,329,1440,,79.18702506521493,8817.0,15.686111111111112,10310.0,1440.0,2104.298055410386,1440.0,0.25833333333333336,1440.0,10310.0,24.0,2104.2980554103856,24.0,372.0,24.0,,
4558609924,3428,2.26999998092651,2.26999998092651,0.0,0.0,0.0,2.26999998092651,0.0,0,0,190,1121,1692,2016-05-01,115.0,129.0,1.0,69.9000015258789,27.3199996948242,1.0,190,1311,89.14728682170542,70.84190403364558,5231.0,12.613888888888889,3428.0,1440.0,1691.4317009448991,1440.0,0.13194444444444445,1440.0,3428.0,24.0,1691.4317009448996,24.0,190.0,24.0,129.0,1.0
4558609924,7891,5.21999979019165,5.21999979019165,0.0,0.0,0.0,5.21999979019165,0.0,0,0,383,1057,2066,2016-05-02,,,,69.1999969482422,27.0400009155273,1.0,383,1440,,78.66975261799969,6589.0,15.49375,7891.0,1440.0,2066.4447981715207,1440.0,0.2659722222222222,1440.0,7891.0,24.0,2066.4447981715202,24.0,383.0,24.0,,
4558609924,5267,3.48000001907349,3.48000001907349,0.0,0.600000023841858,0.280000001192093,2.59999990463257,0.0,21,10,237,1172,1953,2016-05-03,,,,,,,268,1440,,82.52032630863359,7355.0,14.645833333333334,5267.0,1440.0,1953.3557744622233,1440.0,0.2222222222222222,1440.0,5267.0,24.0,1953.355774462223,24.0,320.0,24.0,,
4558609924,5232,3.46000003814697,3.46000003814697,0.0,0.0,0.0,3.46000003814697,0.0,0,0,252,1188,1842,2016-05-04,,,,,,,252,1440,,76.8313704496788,5604.0,13.816666666666666,5232.0,1440.0,1842.7674946188927,1440.0,0.175,1440.0,5232.0,24.0,1842.7674946188927,24.0,252.0,24.0,,
4558609924,10611,7.01000022888184,7.01000022888184,0.0,1.00999999046326,0.5,5.51000022888184,0.0,14,8,370,1048,2262,2016-05-05,,,,,,,392,1440,,81.93927185914653,6702.0,16.956944444444446,10611.0,1440.0,2261.5951374769215,1440.0,0.2972222222222222,1440.0,10611.0,24.0,2261.595137476921,24.0,428.0,24.0,,
4558609924,3755,2.48000001907349,2.48000001907349,0.0,0.0,0.0,2.48000001907349,0.0,0,0,202,1238,1722,2016-05-06,,,,,,,202,1440,,71.94897771228587,5429.0,12.916666666666666,3755.0,1440.0,1722.731974184513,1440.0,0.14027777777777778,1440.0,3755.0,24.0,1722.731974184513,24.0,202.0,24.0,,
4558609924,8237,5.44000005722046,5.44000005722046,0.0,1.61000001430511,1.0,2.82999992370605,0.0,23,16,233,1116,1973,2016-05-07,,,,,,,272,1388,,76.24857300681275,5431.0,14.795833333333333,8237.0,1440.0,1973.3616935610773,1440.0,0.23194444444444445,1440.0,8237.0,24.0,1973.3616935610773,24.0,334.0,24.0,52.0,1.0
4558609924,6543,4.32999992370605,4.32999992370605,0.0,1.79999995231628,0.5,2.01999998092651,0.0,66,35,238,1019,2666,2016-05-08,123.0,134.0,1.0,,,,339,1358,91.7910447761194,104.87147199305254,4606.0,20.008333333333333,6543.0,1440.0,2666.838708758354,1440.0,0.35138888888888886,1440.0,6543.0,24.0,2666.838708758354,24.0,506.0,24.0,82.0,1.0
4558609924,11451,7.57000017166138,7.57000017166138,0.0,0.430000007152557,1.62000000476837,5.51999998092651,0.0,6,30,339,1065,2223,2016-05-09,,,,69.0999984741211,27.0,1.0,375,1440,,79.37543278639168,6643.0,16.685416666666665,11451.0,1440.0,2223.6988270282745,1440.0,0.28958333333333336,1440.0,11451.0,24.0,2223.698827028275,24.0,417.0,24.0,,
4558609924,6435,4.25,4.25,0.0,0.740000009536743,1.12000000476837,2.39000010490417,0.0,11,18,220,1191,1889,2016-05-10,,,,,,,249,1440,,75.78962353685543,6322.0,14.170833333333333,6435.0,1440.0,1888.5752686858177,1440.0,0.20069444444444445,1440.0,6435.0,24.0,1888.575268685818,24.0,289.0,24.0,,
4558609924,9108,6.01999998092651,6.01999998092651,0.0,0.259999990463257,1.82000005245209,3.94000005722046,0.0,4,31,324,1081,2131,2016-05-11,,,,,,,359,1440,,74.92423536717901,6441.0,15.988194444444444,9108.0,1440.0,2130.7786179184914,1440.0,0.2763888888888889,1440.0,9108.0,24.0,2130.778617918492,24.0,398.0,24.0,,
4558609924,6307,4.17000007629395,4.17000007629395,0.0,0.0,0.0,4.17000007629395,0.0,0,0,247,736,1452,2016-05-12,,,,,,,247,983,,79.67777199375325,3842.0,15.7875,6020.0,960.0,1402.6877842545512,960.0,0.24166666666666667,960.0,9995.0,21.0,2003.1521795988087,21.0,388.0,21.0,,
4702921684,7213,5.88000011444092,5.88000011444092,0.0,0.0,0.0,5.84999990463257,0.0,0,0,263,718,2947,2016-04-12,425.0,439.0,1.0,,,,263,981,96.81093394077449,,,14.61111111111111,7213.0,1440.0,2947.28323841095,1440.0,0.18263888888888888,1440.0,,,,,,,458.0,2.0
4702921684,6877,5.57999992370605,5.57999992370605,0.0,0.0,0.0,5.57999992370605,0.0,0,0,258,777,2898,2016-04-13,400.0,430.0,2.0,,,,258,1035,93.02325581395348,,,14.36111111111111,6877.0,1440.0,2896.8544369935994,1440.0,0.17916666666666667,1440.0,6877.0,24.0,2896.8544369935985,24.0,258.0,24.0,405.0,3.0
4702921684,7860,6.36999988555908,6.36999988555908,0.0,0.0,0.0,6.36999988555908,0.0,0,0,271,772,2984,2016-04-14,384.0,415.0,1.0,,,,271,1043,92.53012048192771,,,14.797222222222222,7860.0,1440.0,2984.8246783018117,1440.0,0.18819444444444444,1440.0,7860.0,24.0,2984.824678301811,24.0,271.0,24.0,396.0,2.0
4702921684,6506,5.28000020980835,5.28000020980835,0.0,0.0700000002980232,0.419999986886978,4.78999996185303,0.0,1,8,256,944,2896,2016-04-15,253.0,257.0,1.0,,,,265,1209,98.44357976653697,,,14.358333333333333,6506.0,1440.0,2896.2941161394124,1440.0,0.1909722222222222,1440.0,6506.0,24.0,2896.294116139412,24.0,275.0,24.0,231.0,1.0
4702921684,11140,9.02999973297119,9.02999973297119,0.0,0.239999994635582,1.25,7.53999996185303,0.0,3,24,335,556,3328,2016-04-16,382.0,406.0,2.0,,,,362,918,94.08866995073892,,,16.469444444444445,11134.0,1440.0,3322.1373296976085,1440.0,0.2722222222222222,1440.0,11134.0,24.0,3322.1373296976085,24.0,392.0,24.0,522.0,3.0
4702921684,12692,10.289999961853,10.289999961853,0.0,0.959999978542328,3.46000003814697,5.88000011444092,0.0,12,66,302,437,3394,2016-04-17,591.0,612.0,1.0,,,,380,817,96.56862745098039,,,16.82777777777778,12692.0,1440.0,3394.4186036586766,1440.0,0.3263888888888889,1440.0,12692.0,24.0,3394.418603658676,24.0,470.0,24.0,623.0,2.0
4702921684,9105,7.38000011444092,7.38000011444092,0.0,1.82000005245209,1.49000000953674,4.07000017166138,0.0,22,30,191,890,3013,2016-04-18,293.0,312.0,1.0,,,,243,1133,93.91025641025641,,,14.941666666666666,9105.0,1440.0,3013.9613157510767,1440.0,0.22013888888888888,1440.0,9105.0,24.0,3013.9613157510757,24.0,317.0,24.0,307.0,2.0
4702921684,6708,5.44000005722046,5.44000005722046,0.0,0.879999995231628,0.370000004768372,4.19000005722046,0.0,10,8,179,757,2812,2016-04-19,457.0,487.0,1.0,,,,197,954,93.83983572895278,,,13.944444444444445,6708.0,1440.0,2812.8064305782323,1440.0,0.15625,1440.0,6708.0,24.0,2812.806430578232,24.0,225.0,24.0,486.0,2.0
4702921684,8793,7.13000011444092,7.13000011444092,0.0,0.159999996423721,1.23000001907349,5.73000001907349,0.0,2,29,260,717,3061,2016-04-20,454.0,468.0,1.0,,,,291,1008,97.00854700854701,,,15.176388888888889,8793.0,1440.0,3061.30835723877,1440.0,0.225,1440.0,8793.0,24.0,3061.308357238769,24.0,324.0,24.0,431.0,2.0
4702921684,6530,5.30000019073486,5.30000019073486,0.0,0.310000002384186,2.04999995231628,2.94000005722046,0.0,4,41,144,901,2729,2016-04-21,425.0,434.0,1.0,,,,189,1090,97.92626728110599,,,13.531944444444445,6530.0,1440.0,2729.598898053171,1440.0,0.16527777777777777,1440.0,6530.0,24.0,2729.5988980531697,24.0,238.0,24.0,350.0,1.0
4702921684,1664,1.35000002384186,1.35000002384186,0.0,0.0,0.0,1.35000002384186,0.0,0,0,72,1341,2241,2016-04-22,,,,,,,72,1413,,,,11.113888888888889,1664.0,1440.0,2241.8403172493013,1440.0,0.05,1440.0,1664.0,24.0,2241.8403172492995,24.0,72.0,24.0,27.0,1.0
4702921684,15126,12.2700004577637,12.2700004577637,0.0,0.759999990463257,3.24000000953674,8.27000045776367,0.0,9,66,408,469,3691,2016-04-23,465.0,475.0,1.0,,,,483,952,97.89473684210526,,,18.302777777777777,15126.0,1440.0,3691.948531985283,1440.0,0.39375,1440.0,15126.0,24.0,3691.9485319852824,24.0,567.0,24.0,487.0,2.0
4702921684,15050,12.2200002670288,12.2200002670288,0.0,1.20000004768372,5.11999988555908,5.88000011444092,0.0,15,95,281,542,3538,2016-04-24,480.0,506.0,1.0,,,,391,933,94.86166007905139,,,17.543055555555554,15050.0,1440.0,3538.701003670693,1440.0,0.35833333333333334,1440.0,15050.0,24.0,3538.7010036706924,24.0,516.0,24.0,507.0,2.0
4702921684,9167,7.42999982833862,7.42999982833862,0.0,0.490000009536743,0.819999992847443,6.1100001335144,0.0,6,15,270,730,3064,2016-04-25,370.0,380.0,1.0,,,,291,1021,97.36842105263158,,,15.172222222222222,9140.0,1440.0,3060.4678753614435,1440.0,0.22083333333333333,1440.0,9140.0,24.0,3060.4678753614426,24.0,318.0,24.0,419.0,2.0
4702921684,6108,4.94999980926514,4.94999980926514,0.0,0.0700000002980232,0.349999994039536,4.53999996185303,0.0,1,8,216,765,2784,2016-04-26,421.0,429.0,1.0,,,,225,990,98.13519813519814,,,13.801388888888889,6108.0,1440.0,2783.949946165086,1440.0,0.16319444444444445,1440.0,6108.0,24.0,2783.9499461650853,24.0,235.0,24.0,450.0,2.0
4702921684,7047,5.71999979019165,5.71999979019165,0.0,0.0900000035762787,0.800000011920929,4.78000020980835,0.0,1,16,238,733,2908,2016-04-27,432.0,449.0,1.0,,,,255,988,96.21380846325167,,,14.38888888888889,6976.0,1440.0,2902.4576340913777,1440.0,0.18958333333333333,1440.0,6976.0,24.0,2902.457634091377,24.0,273.0,24.0,452.0,2.0
4702921684,9023,7.32000017166138,7.32000017166138,0.0,1.12999999523163,0.419999986886978,5.76999998092651,0.0,14,9,232,738,3033,2016-04-28,442.0,461.0,1.0,,,,255,993,95.87852494577007,,,15.040277777777778,9023.0,1440.0,3033.8526774644856,1440.0,0.20277777777777778,1440.0,9023.0,24.0,3033.8526774644847,24.0,292.0,24.0,447.0,2.0
4702921684,9930,8.05000019073486,8.05000019073486,0.0,1.05999994277954,0.920000016689301,6.07000017166138,0.0,12,19,267,692,3165,2016-04-29,433.0,447.0,1.0,,,,298,990,96.86800894854586,,,15.691666666666666,9930.0,1440.0,3165.247724056244,1440.0,0.23680555555555555,1440.0,9930.0,24.0,3165.2477240562434,24.0,341.0,24.0,450.0,2.0
4702921684,10144,8.22999954223633,8.22999954223633,0.0,0.319999992847443,2.02999997138977,5.88000011444092,0.0,4,36,263,728,3115,2016-04-30,479.0,501.0,1.0,,,,303,1031,95.60878243512974,,,15.447222222222223,10144.0,1440.0,3115.939548134805,1440.0,0.24097222222222223,1440.0,10144.0,24.0,3115.939548134804,24.0,347.0,24.0,409.0,1.0
4702921684,0,0.0,0.0,0.0,0.0,0.0,0.0,0.0,0,0,0,1440,2017,2016-05-01,,,,,,,0,1440,,,,10.0,0.0,1440.0,2017.151985168461,1440.0,0.0,1440.0,0.0,24.0,2017.1519851684589,24.0,0.0,24.0,,
4702921684,7245,5.92000007629395,5.92000007629395,0.0,0.379999995231628,1.74000000953674,3.75999999046326,0.0,5,40,195,1131,2859,2016-05-02,,,,,,,240,1371,,,,14.17361111111111,7245.0,1440.0,2859.0328252315535,1440.0,0.2013888888888889,1440.0,7245.0,24.0,2859.0328252315526,24.0,290.0,24.0,69.0,1.0
4702921684,9454,7.67000007629395,7.67000007629395,0.0,0.0,0.0,7.67000007629395,0.0,0,0,313,729,3145,2016-05-03,327.0,373.0,1.0,,,,313,1042,87.66756032171581,,,15.584722222222222,9454.0,1440.0,3143.675403237343,1440.0,0.21736111111111112,1440.0,9454.0,24.0,3143.6754032373424,24.0,313.0,24.0,398.0,2.0
4702921684,8161,6.61999988555908,6.61999988555908,0.0,0.340000003576279,0.730000019073486,5.53999996185303,0.0,4,15,251,757,3004,2016-05-04,412.0,434.0,1.0,,,,270,1027,94.93087557603687,,,14.893055555555556,8161.0,1440.0,3004.1557172536855,1440.0,0.20347222222222222,1440.0,8161.0,24.0,3004.1557172536845,24.0,293.0,24.0,412.0,2.0
4702921684,8614,6.98999977111816,6.98999977111816,0.0,0.670000016689301,0.219999998807907,6.09000015258789,0.0,8,5,241,745,3006,2016-05-05,414.0,428.0,1.0,,,,254,999,96.72897196261682,,,14.895833333333334,8614.0,1440.0,3004.7160384655,1440.0,0.1909722222222222,1440.0,8614.0,24.0,3004.716038465499,24.0,275.0,24.0,441.0,2.0
4702921684,6943,5.63000011444092,5.63000011444092,0.0,0.0799999982118607,0.660000026226044,4.86999988555908,0.0,1,16,207,682,2859,2016-05-06,404.0,449.0,1.0,,,,224,906,89.97772828507794,,,14.161111111111111,6910.0,1440.0,2856.5113930702214,1440.0,0.16805555555555557,1440.0,6910.0,24.0,2856.5113930702205,24.0,242.0,24.0,534.0,2.0
4702921684,14370,11.6499996185303,11.6499996185303,0.0,0.370000004768372,2.30999994277954,8.97000026702881,0.0,5,46,439,577,3683,2016-05-07,520.0,543.0,1.0,,,,490,1067,95.76427255985267,,,18.2625,14370.0,1440.0,3683.823899030685,1440.0,0.37916666666666665,1440.0,14370.0,24.0,3683.823899030685,24.0,546.0,24.0,373.0,1.0
4702921684,12857,10.4300003051758,10.4300003051758,0.0,0.680000007152557,6.21000003814697,3.53999996185303,0.0,9,125,192,1019,3287,2016-05-08,,,,,,,326,1345,,,,16.29722222222222,12857.0,1440.0,3287.397469997407,1440.0,0.32569444444444445,1440.0,12857.0,24.0,3287.3974699974065,24.0,469.0,24.0,95.0,1.0
4702921684,8232,6.67999982833862,6.67999982833862,0.0,0.0,0.569999992847443,6.09999990463257,0.0,0,12,253,746,2990,2016-05-09,435.0,458.0,1.0,,,,265,1011,94.97816593886463,,,14.827777777777778,8232.0,1440.0,2990.9881947040562,1440.0,0.19236111111111112,1440.0,8232.0,24.0,2990.988194704056,24.0,277.0,24.0,429.0,2.0
4702921684,10613,8.60999965667725,8.60999965667725,0.0,0.0799999982118607,1.87999999523163,6.65000009536743,0.0,1,37,262,701,3172,2016-05-10,416.0,431.0,1.0,,,,300,1001,96.51972157772622,,,15.729166666666666,10613.0,1440.0,3172.8120397329335,1440.0,0.23541666666666666,1440.0,10613.0,24.0,3172.812039732933,24.0,339.0,24.0,439.0,2.0
4702921684,9810,7.96000003814697,7.96000003814697,0.0,0.779999971389771,2.16000008583069,4.98000001907349,0.0,10,41,235,784,3069,2016-05-11,354.0,366.0,1.0,,,,286,1070,96.72131147540983,,,15.219444444444445,9772.0,1440.0,3069.993310451509,1440.0,0.24097222222222223,1440.0,9772.0,24.0,3069.9933104515076,24.0,347.0,24.0,370.0,2.0
4702921684,2752,2.23000001907349,2.23000001907349,0.0,0.0,0.0,2.23000001907349,0.0,0,0,68,241,1240,2016-05-12,404.0,442.0,1.0,,,,68,309,91.4027149321267,,,13.215151515151515,2752.0,660.0,1221.777772426606,660.0,0.10303030303030303,660.0,9087.0,24.0,3087.0830866098404,24.0,330.0,24.0,364.0,1.0
5553957443,11596,7.57000017166138,7.57000017166138,0.0,1.37000000476837,0.790000021457672,5.40999984741211,0.0,19,13,277,767,2026,2016-04-12,441.0,464.0,1.0,,,,309,1076,95.04310344827586,64.36511350059737,8370.0,15.359722222222222,11596.0,1440.0,2026.0087760686874,1440.0,0.25,1440.0,,,,,,,364.0,1.0
5553957443,4832,3.16000008583069,3.16000008583069,0.0,0.0,0.0,3.16000008583069,0.0,0,0,226,647,1718,2016-04-13,455.0,488.0,2.0,,,,226,873,93.23770491803279,61.483418208918145,8051.0,13.027083333333334,4832.0,1440.0,1718.3243876695635,1440.0,0.15694444444444444,1440.0,4832.0,24.0,1718.3243876695635,24.0,226.0,24.0,567.0,3.0
5553957443,17022,11.1199998855591,11.1199998855591,0.0,4.0,2.45000004768372,4.67000007629395,0.0,61,41,256,693,2324,2016-04-14,357.0,418.0,1.0,,,,358,1051,85.4066985645933,72.56047167909696,9922.0,17.622222222222224,17022.0,1440.0,2324.4415833950043,1440.0,0.36180555555555555,1440.0,17022.0,24.0,2324.4415833950047,24.0,521.0,24.0,388.0,2.0
5553957443,16556,10.8599996566772,10.8599996566772,0.0,4.15999984741211,1.98000001907349,4.71000003814697,0.0,58,38,239,689,2254,2016-04-15,377.0,409.0,1.0,,,,335,1024,92.1760391198044,69.0200328407225,9135.0,17.090972222222224,16556.0,1440.0,2254.3675887584686,1440.0,0.33958333333333335,1440.0,16556.0,24.0,2254.3675887584686,24.0,489.0,24.0,415.0,2.0
5553957443,5771,3.76999998092651,3.76999998092651,0.0,0.0,0.0,3.76999998092651,0.0,0,0,288,521,1831,2016-04-16,651.0,686.0,2.0,,,,288,809,94.89795918367346,66.0213644088371,8238.0,13.881944444444445,5771.0,1440.0,1831.0839813947678,1440.0,0.2,1440.0,5771.0,24.0,1831.083981394768,24.0,288.0,24.0,631.0,2.0
5553957443,655,0.430000007152557,0.430000007152557,0.0,0.0,0.0,0.430000007152557,0.0,0,0,46,943,1397,2016-04-17,350.0,402.0,1.0,,,,46,989,87.06467661691542,59.37717466945024,1437.0,10.597222222222221,655.0,1440.0,1397.8160049915314,1440.0,0.03194444444444444,1440.0,655.0,24.0,1397.8160049915316,24.0,46.0,24.0,451.0,2.0
5553957443,3727,2.4300000667572,2.4300000667572,0.0,0.0,0.0,2.4300000667572,0.0,0,0,206,622,1683,2016-04-18,520.0,541.0,2.0,,,,206,828,96.11829944547135,65.3844028632425,7963.0,12.761111111111111,3727.0,1440.0,1683.2415864467619,1440.0,0.14305555555555555,1440.0,3727.0,24.0,1683.241586446762,24.0,206.0,24.0,612.0,3.0
5553957443,15482,10.1099996566772,10.1099996566772,0.0,4.28000020980835,1.6599999666214,4.17999982833862,0.0,69,28,249,756,2284,2016-04-19,357.0,410.0,1.0,,,,346,1102,87.07317073170732,74.88753310631857,10572.0,17.316666666666666,15482.0,1440.0,2284.1375851631165,1440.0,0.35555555555555557,1440.0,15482.0,24.0,2284.1375851631165,24.0,512.0,24.0,338.0,2.0
5553957443,2713,1.76999998092651,1.76999998092651,0.0,0.0,0.0,1.76999998092651,0.0,0,0,148,598,1570,2016-04-20,658.0,678.0,1.0,,,,148,746,97.05014749262537,60.040417526398834,8239.0,11.902777777777779,2713.0,1440.0,1570.023994088173,1440.0,0.10277777777777777,1440.0,2713.0,24.0,1570.0239940881731,24.0,148.0,24.0,694.0,2.0
5553957443,12346,8.0600004196167,8.0600004196167,0.0,2.95000004768372,2.16000008583069,2.96000003814697,0.0,47,42,177,801,2066,2016-04-21,399.0,431.0,1.0,,,,266,1067,92.5754060324826,71.33225337951068,8951.0,15.665972222222223,12346.0,1440.0,2066.4043884277344,1440.0,0.2791666666666667,1440.0,12346.0,24.0,2066.4043884277344,24.0,402.0,24.0,372.0,2.0
5553957443,11682,7.63000011444092,7.63000011444092,0.0,1.37999999523163,0.629999995231628,5.59999990463257,0.0,25,16,270,781,2105,2016-04-22,322.0,353.0,1.0,,,,311,1092,91.21813031161473,70.42847711267606,9088.0,15.95486111111111,11670.0,1440.0,2104.509977698326,1440.0,0.26180555555555557,1440.0,11670.0,24.0,2104.509977698326,24.0,377.0,24.0,348.0,1.0
5553957443,4112,2.69000005722046,2.69000005722046,0.0,0.0,0.0,2.6800000667572,0.0,0,0,272,443,1776,2016-04-23,631.0,725.0,2.0,,,,272,715,87.03448275862068,67.07407854984895,8275.0,13.465972222222222,4110.0,1440.0,1776.2155839204788,1440.0,0.18888888888888888,1440.0,4110.0,24.0,1776.215583920479,24.0,272.0,24.0,725.0,2.0
5553957443,1807,1.17999994754791,1.17999994754791,0.0,0.0,0.0,1.17999994754791,0.0,0,0,104,582,1507,2016-04-24,553.0,640.0,2.0,,,,104,686,86.40625,63.97276314114802,7857.0,11.428472222222222,1807.0,1440.0,1507.461192369461,1440.0,0.07222222222222222,1440.0,1807.0,24.0,1507.4611923694613,24.0,104.0,24.0,754.0,3.0
5553957443,10946,7.19000005722046,7.19000005722046,0.0,2.9300000667572,0.569999992847443,3.69000005722046,0.0,51,11,201,732,2033,2016-04-25,433.0,468.0,1.0,,,,263,995,92.52136752136752,72.04626295690126,9165.0,15.413194444444445,10946.0,1440.0,2033.0619906187057,1440.0,0.2611111111111111,1440.0,10946.0,24.0,2033.0619906187057,24.0,376.0,24.0,445.0,2.0
5553957443,11886,7.76000022888184,7.76000022888184,0.0,2.36999988555908,0.930000007152557,4.46000003814697,0.0,40,18,238,750,2093,2016-04-26,412.0,453.0,1.0,,,,296,1046,90.94922737306844,73.01322425193321,8923.0,15.874305555555555,11886.0,1440.0,2093.8843854665756,1440.0,0.27361111111111114,1440.0,11886.0,24.0,2093.8843854665756,24.0,394.0,24.0,394.0,2.0
5553957443,10538,6.88000011444092,6.88000011444092,0.0,1.13999998569489,1.0,4.73999977111816,0.0,16,16,206,745,1922,2016-04-27,347.0,391.0,1.0,,,,238,983,88.74680306905371,65.07076392877657,8705.0,14.572222222222223,10538.0,1440.0,1922.134383201599,1440.0,0.1986111111111111,1440.0,10538.0,24.0,1922.1343832015993,24.0,286.0,24.0,456.0,2.0
5553957443,11393,7.63000011444092,7.63000011444092,0.0,3.71000003814697,0.75,3.17000007629395,0.0,49,13,165,727,1999,2016-04-28,421.0,457.0,1.0,,,,227,954,92.12253829321664,71.07164801404433,9114.0,15.159722222222221,11393.0,1440.0,1999.627990245819,1440.0,0.23472222222222222,1440.0,11393.0,24.0,1999.6279902458193,24.0,338.0,24.0,485.0,2.0
5553957443,12764,8.32999992370605,8.32999992370605,0.0,2.78999996185303,0.639999985694885,4.90999984741211,0.0,46,15,270,709,2169,2016-04-29,450.0,495.0,1.0,,,,331,1040,90.9090909090909,73.07417008111047,11959.0,16.449305555555554,12764.0,1440.0,2169.729176878929,1440.0,0.30416666666666664,1440.0,12764.0,24.0,2169.729176878929,24.0,438.0,24.0,399.0,2.0
5553957443,1202,0.779999971389771,0.779999971389771,0.0,0.0,0.0,0.779999971389771,0.0,0,0,84,506,1463,2016-04-30,775.0,843.0,2.0,,,,84,590,91.93357058125741,65.77999501122474,8018.0,11.09375,1202.0,1440.0,1463.309998035431,1440.0,0.058333333333333334,1440.0,1202.0,24.0,1463.3099980354311,24.0,84.0,24.0,850.0,3.0
5553957443,5164,3.36999988555908,3.36999988555908,0.0,0.0,0.0,3.36999988555908,0.0,0,0,237,436,1747,2016-05-01,622.0,686.0,2.0,,,,237,673,90.67055393586006,66.54344989561586,7664.0,13.246527777777779,5164.0,1440.0,1747.2699897289276,1440.0,0.16458333333333333,1440.0,5164.0,24.0,1747.2699897289278,24.0,237.0,24.0,767.0,3.0
5553957443,9769,6.38000011444092,6.38000011444092,0.0,1.05999994277954,0.409999996423721,4.90000009536743,0.0,23,9,227,724,1996,2016-05-02,409.0,471.0,1.0,,,,259,983,86.83651804670913,72.59142652035689,9751.0,15.19513888888889,9769.0,1440.0,1996.860037803649,1440.0,0.21805555555555556,1440.0,9769.0,24.0,1996.860037803649,24.0,314.0,24.0,457.0,2.0
5553957443,12848,8.39000034332275,8.39000034332275,0.0,1.5,1.20000004768372,5.67999982833862,0.0,26,29,247,812,2116,2016-05-03,380.0,429.0,1.0,,,,302,1114,88.57808857808858,69.95312333155366,9365.0,16.091666666666665,12821.0,1440.0,2114.6766954660407,1440.0,0.2659722222222222,1440.0,12821.0,24.0,2114.6766954660407,24.0,383.0,24.0,326.0,1.0
5553957443,4249,2.76999998092651,2.76999998092651,0.0,0.0,0.0,2.76999998092651,0.0,0,0,224,651,1698,2016-05-04,447.0,470.0,1.0,,,,224,875,95.1063829787234,61.67218347322378,8459.0,12.925694444444444,4249.0,1440.0,1698.6223554015148,1440.0,0.15555555555555556,1440.0,4249.0,24.0,1698.6223554015146,24.0,224.0,24.0,565.0,2.0
5553957443,14331,9.51000022888184,9.51000022888184,0.0,3.4300000667572,1.6599999666214,4.42999982833862,0.0,44,29,241,692,2156,2016-05-05,419.0,464.0,1.0,,,,314,1006,90.30172413793103,69.4014172571905,9596.0,16.408333333333335,14331.0,1440.0,2156.2912526726714,1440.0,0.29930555555555555,1440.0,14331.0,24.0,2156.2912526726714,24.0,431.0,24.0,434.0,2.0
5553957443,9632,6.28999996185303,6.28999996185303,0.0,1.51999998092651,0.540000021457672,4.23000001907349,0.0,21,9,229,761,1916,2016-05-06,400.0,434.0,1.0,,,,259,1020,92.16589861751152,63.165196696066076,7143.0,14.57986111111111,9632.0,1440.0,1916.003672361373,1440.0,0.2152777777777778,1440.0,9632.0,24.0,1916.0036723613732,24.0,310.0,24.0,420.0,2.0
5553957443,1868,1.22000002861023,1.22000002861023,0.0,0.0,0.0,1.22000002861023,0.0,0,0,96,902,1494,2016-05-07,442.0,470.0,1.0,,,,96,998,94.04255319148936,63.02644230769231,2496.0,11.372222222222222,1868.0,1440.0,1494.4737331271162,1440.0,0.06666666666666667,1440.0,1868.0,24.0,1494.4737331271165,24.0,96.0,24.0,442.0,2.0
5553957443,6083,4.0,4.0,0.0,0.219999998807907,0.469999998807907,3.29999995231628,0.0,3,8,210,505,1762,2016-05-08,568.0,608.0,1.0,,,,221,726,93.42105263157895,65.5694360947457,8317.0,13.413194444444445,6083.0,1440.0,1762.6868763566006,1440.0,0.16319444444444445,1440.0,6083.0,24.0,1762.6868763566006,24.0,235.0,24.0,714.0,2.0
5553957443,11611,7.57999992370605,7.57999992370605,0.0,2.13000011444092,0.889999985694885,4.55999994277954,0.0,59,22,251,667,2272,2016-05-09,453.0,494.0,1.0,,,,332,999,91.70040485829959,76.65612883984491,10059.0,17.294444444444444,11611.0,1440.0,2272.739016711711,1440.0,0.3277777777777778,1440.0,11611.0,24.0,2272.739016711711,24.0,472.0,24.0,441.0,2.0
5553957443,16358,10.710000038147,10.710000038147,0.0,3.86999988555908,1.61000001430511,5.19999980926514,0.0,61,40,265,707,2335,2016-05-10,418.0,443.0,1.0,,,,366,1073,94.3566591422122,76.83269438710312,10173.0,17.775694444444444,16315.0,1440.0,2335.9821934700003,1440.0,0.36666666666666664,1440.0,16315.0,24.0,2335.9821934700003,24.0,528.0,24.0,367.0,1.0
5553957443,4926,3.22000002861023,3.22000002861023,0.0,0.0,0.0,3.22000002861023,0.0,0,0,195,628,1693,2016-05-11,463.0,486.0,1.0,,,,195,823,95.26748971193416,65.40050890585242,7860.0,12.885416666666666,4926.0,1440.0,1693.3292736411086,1440.0,0.13541666666666666,1440.0,4926.0,24.0,1693.3292736411086,24.0,195.0,24.0,617.0,2.0
5553957443,3121,2.03999996185303,2.03999996185303,0.0,0.579999983310699,0.400000005960464,1.05999994277954,0.0,8,6,48,222,741,2016-05-12,438.0,475.0,1.0,,,,62,284,92.21052631578948,64.19532265049806,2309.0,13.061666666666667,3121.0,600.0,715.20460742712,600.0,0.14,600.0,3121.0,10.0,715.2046074271201,10.0,84.0,10.0,344.0,1.0
5577150313,8135,6.07999992370605,6.07999992370605,0.0,3.59999990463257,0.379999995231628,2.09999990463257,0.0,86,16,140,728,3405,2016-04-12,419.0,438.0,1.0,,,,242,970,95.662100456621,65.65607369027059,8685.0,18.354861111111113,8135.0,1440.0,3405.3700594902084,1440.0,0.2986111111111111,1440.0,,,,,,,470.0,2.0
5577150313,5077,3.78999996185303,3.78999996185303,0.0,0.319999992847443,0.219999998807907,3.25,0.0,15,11,144,776,2551,2016-04-13,432.0,458.0,1.0,,,,170,946,94.32314410480349,59.7035779576913,3829.0,13.754861111111111,5077.0,1440.0,2551.933936238294,1440.0,0.14652777777777778,1440.0,5077.0,24.0,2551.9339362382934,24.0,211.0,24.0,494.0,2.0
5577150313,8596,6.42000007629395,6.42000007629395,0.0,3.32999992370605,0.310000002384186,2.77999997138977,0.0,118,30,176,662,4022,2016-04-14,477.0,497.0,1.0,,,,324,986,95.97585513078471,76.83571282888028,9806.0,22.086111111111112,8596.0,1440.0,4097.627382040027,1440.0,0.4097222222222222,1440.0,8596.0,24.0,4097.6273820400265,24.0,590.0,24.0,454.0,2.0
5577150313,12087,9.07999992370605,9.07999992370605,0.0,3.92000007629395,1.60000002384186,3.55999994277954,0.0,115,54,199,695,4005,2016-04-15,392.0,413.0,1.0,,,,368,1063,94.91525423728814,73.68219516499029,17001.0,21.98611111111111,12087.0,1440.0,4004.040231108669,1440.0,0.4527777777777778,1440.0,12087.0,24.0,4004.0402311086677,24.0,652.0,24.0,376.0,2.0
5577150313,14269,10.6599998474121,10.6599998474121,0.0,6.6399998664856,1.27999997138977,2.73000001907349,0.0,184,56,158,472,4274,2016-04-16,406.0,445.0,1.0,,,,398,870,91.23595505617978,69.84255028980566,29330.0,23.461805555555557,14261.0,1440.0,4272.451131701468,1440.0,0.5708333333333333,1440.0,14261.0,24.0,4272.4511317014685,24.0,822.0,24.0,570.0,2.0
5577150313,12231,9.14000034332275,9.14000034332275,0.0,5.98000001907349,0.829999983310699,2.3199999332428,0.0,200,37,159,525,4552,2016-04-17,549.0,583.0,1.0,90.6999969482422,28.0,1.0,396,921,94.16809605488851,71.11754189944133,8950.0,25.016666666666666,12231.0,1440.0,4552.352889895437,1440.0,0.5784722222222223,1440.0,12231.0,24.0,4552.352889895437,24.0,833.0,24.0,519.0,2.0
5577150313,9893,7.3899998664856,7.3899998664856,0.0,4.8600001335144,0.720000028610229,1.82000005245209,0.0,114,32,130,623,3625,2016-04-18,527.0,553.0,1.0,,,,276,899,95.29837251356238,68.649090276973,8629.0,19.917361111111113,9893.0,1440.0,3624.4179807901364,1440.0,0.37222222222222223,1440.0,9893.0,24.0,3624.417980790136,24.0,536.0,24.0,541.0,2.0
5577150313,12574,9.42000007629395,9.42000007629395,0.0,7.01999998092651,0.639999985694885,1.75999999046326,0.0,108,23,111,733,3501,2016-04-19,449.0,465.0,1.0,,,,242,975,96.55913978494624,70.46025152878735,8667.0,19.241666666666667,12574.0,1440.0,3501.459972023962,1440.0,0.33402777777777776,1440.0,12574.0,24.0,3501.459972023962,24.0,481.0,24.0,465.0,2.0
5577150313,8330,6.21999979019165,6.21999979019165,0.0,4.11999988555908,0.340000003576279,1.75999999046326,0.0,87,16,113,773,3192,2016-04-20,447.0,480.0,1.0,,,,216,989,93.125,69.17306809487376,6535.0,17.54375,8330.0,1440.0,3192.485318064688,1440.0,0.28194444444444444,1440.0,8330.0,24.0,3192.485318064687,24.0,406.0,24.0,451.0,2.0
5577150313,10830,8.09000015258789,8.09000015258789,0.0,3.65000009536743,1.6599999666214,2.77999997138977,0.0,110,74,175,670,4018,2016-04-21,414.0,437.0,1.0,,,,359,1029,94.73684210526316,72.31130021769246,10106.0,22.083333333333332,10830.0,1440.0,4018.5660119056683,1440.0,0.4534722222222222,1440.0,10830.0,24.0,4018.566011905668,24.0,653.0,24.0,410.0,2.0
5577150313,9172,6.84999990463257,6.84999990463257,0.0,2.42000007629395,0.790000021457672,3.29999995231628,0.0,62,30,200,823,3329,2016-04-22,338.0,366.0,1.0,,,,292,1115,92.34972677595628,64.64848702308336,8361.0,18.04652777777778,8700.0,1440.0,3283.977193474767,1440.0,0.30972222222222223,1440.0,8700.0,24.0,3283.9771934747673,24.0,446.0,24.0,325.0,2.0
5577150313,7638,5.71000003814697,5.71000003814697,0.0,1.21000003814697,0.360000014305115,4.1399998664856,0.0,24,24,223,627,3152,2016-04-23,384.0,402.0,1.0,,,,271,898,95.5223880597015,65.07899988261534,8519.0,17.31736111111111,7638.0,1440.0,3151.288696408269,1440.0,0.23819444444444443,1440.0,7638.0,24.0,3151.288696408269,24.0,343.0,24.0,542.0,2.0
5577150313,15764,11.7799997329712,11.7799997329712,0.0,7.65000009536743,2.15000009536743,1.98000001907349,0.0,210,65,141,425,4392,2016-04-24,543.0,615.0,1.0,,,,416,841,88.29268292682927,72.2686495562485,8338.0,24.1375,15764.0,1440.0,4392.368471860883,1440.0,0.6256944444444444,1440.0,15764.0,24.0,4392.368471860883,24.0,901.0,24.0,598.0,2.0
5577150313,6393,4.78000020980835,4.78000020980835,0.0,1.35000002384186,0.670000016689301,2.75999999046326,0.0,61,38,214,743,3374,2016-04-25,421.0,461.0,1.0,,,,313,1056,91.3232104121475,67.54545454545455,8877.0,18.544444444444444,6393.0,1440.0,3374.584492683409,1440.0,0.3284722222222222,1440.0,6393.0,24.0,3374.5844926834084,24.0,473.0,24.0,384.0,2.0
5577150313,5325,3.98000001907349,3.98000001907349,0.0,0.850000023841858,0.649999976158142,2.47000002861023,0.0,38,32,181,759,3088,2016-04-26,354.0,377.0,1.0,,,,251,1010,93.89920424403184,65.35988133272478,8764.0,16.974305555555556,5325.0,1440.0,3088.861917138098,1440.0,0.24930555555555556,1440.0,5325.0,24.0,3088.861917138098,24.0,359.0,24.0,430.0,2.0
5577150313,6805,5.1399998664856,5.1399998664856,0.0,1.80999994277954,0.400000005960464,2.9300000667572,0.0,63,16,190,773,3294,2016-04-27,424.0,452.0,1.0,,,,269,1042,93.80530973451327,66.42827775239836,8756.0,18.102777777777778,6805.0,1440.0,3294.213169574736,1440.0,0.28541666666666665,1440.0,6805.0,24.0,3294.2131695747357,24.0,411.0,24.0,398.0,2.0
5577150313,9841,7.42999982833862,7.42999982833862,0.0,3.25,1.16999995708466,3.00999999046326,0.0,99,51,141,692,3580,2016-04-28,361.0,372.0,1.0,,,,291,983,97.04301075268818,70.68770690796734,9062.0,19.676388888888887,9841.0,1440.0,3580.567598819731,1440.0,0.375,1440.0,9841.0,24.0,3580.5675988197304,24.0,540.0,24.0,457.0,2.0
5577150313,7924,5.92000007629395,5.92000007629395,0.0,2.83999991416931,0.610000014305115,2.47000002861023,0.0,97,36,165,739,3544,2016-04-29,459.0,485.0,1.0,,,,298,1037,94.63917525773196,66.26641414141415,8712.0,19.480555555555554,7924.0,1440.0,3544.9312479495975,1440.0,0.36666666666666664,1440.0,7924.0,24.0,3544.9312479495975,24.0,528.0,24.0,403.0,2.0
5577150313,12363,9.23999977111816,9.23999977111816,0.0,5.82999992370605,0.790000021457672,2.60999989509583,0.0,207,45,163,621,4501,2016-04-30,412.0,433.0,1.0,,,,415,1036,95.1501154734411,71.55549407989378,9037.0,24.736805555555556,12363.0,1440.0,4501.4257774353,1440.0,0.6069444444444444,1440.0,12363.0,24.0,4501.4257774353,24.0,874.0,24.0,404.0,2.0
5577150313,13368,9.98999977111816,9.98999977111816,0.0,5.30999994277954,1.44000005722046,3.24000000953674,0.0,194,72,178,499,4546,2016-05-01,379.0,398.0,1.0,,,,444,943,95.22613065326634,73.70357503081924,8923.0,24.986805555555556,13368.0,1440.0,4546.918980956076,1440.0,0.6277777777777778,1440.0,13368.0,24.0,4546.918980956076,24.0,904.0,24.0,497.0,2.0
5577150313,7439,5.55999994277954,5.55999994277954,0.0,1.12000000476837,0.349999994039536,4.07000017166138,0.0,37,20,235,732,3014,2016-05-02,525.0,553.0,2.0,,,,292,1024,94.9367088607595,64.60946601941748,4120.0,16.563194444444445,7414.0,1440.0,3014.050872206685,1440.0,0.26805555555555555,1440.0,7414.0,24.0,3014.0508722066857,24.0,386.0,24.0,416.0,2.0
5577150313,11045,8.25,8.25,0.0,4.51999998092651,0.150000005960464,3.5699999332428,0.0,97,8,212,580,3795,2016-05-03,508.0,543.0,1.0,,,,317,897,93.55432780847146,70.00069044879172,8690.0,20.856944444444444,11045.0,1440.0,3795.396592259405,1440.0,0.36041666666666666,1440.0,11045.0,24.0,3795.3965922594048,24.0,519.0,24.0,543.0,1.0
5577150313,5206,3.89000010490417,3.89000010490417,0.0,1.55999994277954,0.25,2.07999992370605,0.0,25,9,141,631,2755,2016-05-04,603.0,634.0,1.0,,,,175,806,95.11041009463722,62.24588163514338,8195.0,15.133333333333333,5206.0,1440.0,2753.855052709577,1440.0,0.1625,1440.0,5206.0,24.0,2753.855052709577,24.0,234.0,24.0,634.0,1.0
5577150313,7550,5.6399998664856,5.6399998664856,0.0,2.5,0.469999998807907,2.67000007629395,0.0,45,21,143,1153,3004,2016-05-05,74.0,78.0,1.0,,,,209,1362,94.87179487179488,72.21057965139846,4934.0,16.513194444444444,7550.0,1440.0,3004.9522435665103,1440.0,0.2222222222222222,1440.0,7550.0,24.0,3004.95224356651,24.0,320.0,24.0,78.0,1.0
5577150313,4950,3.70000004768372,3.70000004768372,0.0,1.92999994754791,0.319999992847443,1.45000004768372,0.0,41,16,79,1304,2643,2016-05-06,,,,,,,136,1440,,70.48196015078084,3714.0,14.526388888888889,4950.0,1440.0,2643.407671689983,1440.0,0.1625,1440.0,4950.0,24.0,2643.4076716899826,24.0,234.0,24.0,,
5577150313,0,0.0,0.0,0.0,0.0,0.0,0.0,0.0,0,0,0,1440,1819,2016-05-07,,,,,,,0,1440,,,,10.0,0.0,1440.0,1819.7280120849553,1440.0,0.0,1440.0,0.0,24.0,1819.7280120849546,24.0,0.0,24.0,,
5577150313,0,0.0,0.0,0.0,0.0,0.0,0.0,0.0,0,0,0,1440,1819,2016-05-08,,,,,,,0,1440,,,,10.0,0.0,1440.0,1819.7280120849553,1440.0,0.0,1440.0,0.0,24.0,1819.7280120849546,24.0,0.0,24.0,,
5577150313,3421,2.55999994277954,2.55999994277954,0.0,1.42999994754791,0.140000000596046,0.990000009536743,0.0,34,11,70,1099,2489,2016-05-09,,,,,,,115,1214,,68.04024697004346,4373.0,13.67986111111111,3421.0,1440.0,2489.362644076344,1440.0,0.13472222222222222,1440.0,3421.0,24.0,2489.3626440763437,24.0,194.0,24.0,226.0,1.0
5577150313,8869,6.65000009536743,6.65000009536743,0.0,2.55999994277954,0.75,3.34999990463257,0.0,104,37,194,639,3841,2016-05-10,504.0,562.0,1.0,,,,335,974,89.6797153024911,75.29284883200573,11173.0,21.108333333333334,8869.0,1440.0,3841.14254105091,1440.0,0.4027777777777778,1440.0,8869.0,24.0,3841.1425410509096,24.0,580.0,24.0,466.0,2.0
5577150313,4038,3.03999996185303,3.03999996185303,0.0,1.83000004291534,0.300000011920929,0.889999985694885,0.0,45,15,63,257,1665,2016-05-11,431.0,476.0,1.0,,,,123,380,90.54621848739495,67.04067948144836,4474.0,18.130555555555556,3929.0,720.0,1649.6339864730824,720.0,0.3138888888888889,720.0,3929.0,12.0,1649.6339864730821,12.0,226.0,12.0,346.0,1.0
6117666160,0,0.0,0.0,0.0,0.0,0.0,0.0,0.0,0,0,0,1440,1496,2016-04-12,,,,,,,0,1440,,,,10.0,0.0,1440.0,1496.5919494628977,1440.0,0.0,1440.0,,,,,,,,
6117666160,0,0.0,0.0,0.0,0.0,0.0,0.0,0.0,0,0,0,1440,1496,2016-04-13,,,,,,,0,1440,,,,10.0,0.0,1440.0,1496.5919494628977,1440.0,0.0,1440.0,0.0,24.0,1496.5919494628988,24.0,0.0,24.0,,
6117666160,0,0.0,0.0,0.0,0.0,0.0,0.0,0.0,0,0,0,1440,1496,2016-04-14,,,,,,,0,1440,,,,10.0,0.0,1440.0,1496.5919494628977,1440.0,0.0,1440.0,0.0,24.0,1496.5919494628988,24.0,0.0,24.0,,
6117666160,14019,10.5900001525879,10.5900001525879,0.0,0.0,0.280000001192093,10.3000001907349,0.0,0,6,513,921,2865,2016-04-15,,,,,,,519,1440,,97.94359728091126,5443.0,19.144444444444446,14019.0,1440.0,2865.1421782970465,1440.0,0.3645833333333333,1440.0,14019.0,24.0,2865.142178297047,24.0,525.0,24.0,,
6117666160,14450,10.9099998474121,10.9099998474121,0.0,0.579999983310699,0.850000023841858,9.47999954223633,0.0,7,15,518,502,2828,2016-04-16,380.0,398.0,1.0,,,,540,1042,95.47738693467336,87.02745664739885,9688.0,18.899305555555557,14450.0,1440.0,2828.4548864364638,1440.0,0.3951388888888889,1440.0,14450.0,24.0,2828.454886436464,24.0,569.0,24.0,398.0,1.0
6117666160,7150,5.40000009536743,5.40000009536743,0.0,0.0,0.0,5.40000009536743,0.0,0,0,312,702,2225,2016-04-17,336.0,350.0,2.0,,,,312,1014,96.0,85.35302197802197,5824.0,14.872222222222222,7150.0,1440.0,2225.7648179531125,1440.0,0.21666666666666667,1440.0,7150.0,24.0,2225.7648179531125,24.0,312.0,24.0,426.0,3.0
6117666160,5153,3.91000008583069,3.91000008583069,0.0,0.0,0.0,3.89000010490417,0.0,0,0,241,759,2018,2016-04-18,493.0,510.0,2.0,,,,241,1000,96.66666666666667,82.91442424242425,4125.0,13.490277777777777,5153.0,1440.0,2018.9441206455263,1440.0,0.1673611111111111,1440.0,5153.0,24.0,2018.9441206455265,24.0,241.0,24.0,440.0,3.0
6117666160,11135,8.40999984741211,8.40999984741211,0.0,0.0,0.0,8.40999984741211,0.0,0,0,480,425,2606,2016-04-19,465.0,492.0,1.0,,,,480,905,94.51219512195122,83.5081252044934,9169.0,17.417361111111113,11135.0,1440.0,2606.6682696342486,1440.0,0.3333333333333333,1440.0,11135.0,24.0,2606.668269634249,24.0,480.0,24.0,534.0,2.0
6117666160,10449,8.02000045776367,8.02000045776367,0.0,2.02999997138977,0.479999989271164,5.51999998092651,0.0,26,10,349,587,2536,2016-04-20,474.0,502.0,1.0,,,,385,972,94.42231075697211,85.50435634937922,9182.0,16.946527777777778,10449.0,1440.0,2536.203720331194,1440.0,0.3104166666666667,1440.0,10449.0,24.0,2536.2037203311943,24.0,447.0,24.0,467.0,2.0
6117666160,19542,15.0100002288818,15.0100002288818,0.0,0.980000019073486,0.400000005960464,5.61999988555908,0.0,11,19,294,579,4900,2016-04-21,508.0,550.0,1.0,,,,324,903,92.36363636363636,79.40156418554477,7416.0,15.813888888888888,9093.0,1440.0,2366.693902015689,1440.0,0.2534722222222222,1440.0,9093.0,24.0,2366.6939020156897,24.0,365.0,24.0,537.0,1.0
6117666160,8206,6.19999980926514,6.19999980926514,0.0,0.0,0.0,6.19999980926514,0.0,0,0,402,413,2409,2016-04-22,480.0,546.0,1.0,,,,402,815,87.91208791208791,81.7020639147803,9012.0,16.101388888888888,8206.0,1440.0,2409.7209172248863,1440.0,0.2791666666666667,1440.0,8206.0,24.0,2409.7209172248868,24.0,402.0,24.0,625.0,2.0
6117666160,11495,8.68000030517578,8.68000030517578,0.0,0.0,0.0,8.68000030517578,0.0,0,0,512,468,2651,2016-04-23,492.0,539.0,1.0,,,,512,980,91.28014842300557,81.79523809523809,9450.0,17.709722222222222,11495.0,1440.0,2650.4227926731123,1440.0,0.35555555555555557,1440.0,11495.0,24.0,2650.422792673113,24.0,512.0,24.0,460.0,1.0
6117666160,7623,5.76000022888184,5.76000022888184,0.0,0.0,0.0,5.76000022888184,0.0,0,0,362,711,2305,2016-04-24,353.0,367.0,1.0,,,,362,1073,96.18528610354224,84.20596510973552,5331.0,15.402777777777779,7623.0,1440.0,2305.16734004021,1440.0,0.2513888888888889,1440.0,7623.0,24.0,2305.1673400402105,24.0,362.0,24.0,367.0,1.0
6117666160,0,0.0,0.0,0.0,0.0,0.0,0.0,0.0,0,0,0,1440,1497,2016-04-25,,,,,,,0,1440,,,,10.0,0.0,1440.0,1496.5919494628977,1440.0,0.0,1440.0,0.0,24.0,1496.5919494628988,24.0,0.0,24.0,,
6117666160,9543,7.21000003814697,7.21000003814697,0.0,0.0,0.340000003576279,6.86999988555908,0.0,0,7,352,1077,2450,2016-04-26,,,,,,,359,1436,,90.57266164469554,6372.0,16.372222222222224,9543.0,1440.0,2450.2536232471493,1440.0,0.25416666666666665,1440.0,9543.0,24.0,2450.2536232471493,24.0,366.0,24.0,4.0,1.0
6117666160,9411,7.1100001335144,7.1100001335144,0.0,0.0,0.0,7.1100001335144,0.0,0,0,458,417,2576,2016-04-27,542.0,557.0,1.0,,,,458,875,97.30700179533214,83.14904055822068,9172.0,17.218055555555555,9411.0,1440.0,2576.840360164645,1440.0,0.31805555555555554,1440.0,9411.0,24.0,2576.840360164646,24.0,458.0,24.0,565.0,2.0
6117666160,3403,2.59999990463257,2.59999990463257,0.0,0.0,0.0,2.59999990463257,0.0,0,0,141,758,1879,2016-04-28,393.0,416.0,1.0,,,,141,899,94.47115384615384,80.09522625559423,8044.0,12.560416666666667,3403.0,1440.0,1879.781853914265,1440.0,0.09791666666666667,1440.0,3403.0,24.0,1879.7818539142654,24.0,141.0,24.0,541.0,2.0
6117666160,9592,7.23999977111816,7.23999977111816,0.0,0.0,0.0,7.23999977111816,0.0,0,0,461,479,2560,2016-04-29,600.0,636.0,1.0,,,,461,940,94.33962264150944,82.1624183006536,9180.0,17.10763888888889,9592.0,1440.0,2560.3154852390317,1440.0,0.32013888888888886,1440.0,9592.0,24.0,2560.315485239032,24.0,461.0,24.0,499.0,1.0
6117666160,6987,5.28000020980835,5.28000020980835,0.0,0.0,0.0,5.28000020980835,0.0,0,0,343,1040,2275,2016-04-30,,,,,,,343,1383,,85.34524019004047,5683.0,15.205555555555556,6987.0,1440.0,2275.6512181758903,1440.0,0.23819444444444443,1440.0,6987.0,24.0,2275.6512181758912,24.0,343.0,24.0,57.0,1.0
6117666160,8915,6.73000001907349,6.73000001907349,0.0,0.0,0.0,6.73000001907349,0.0,0,0,397,525,2361,2016-05-01,507.0,575.0,1.0,,,,397,922,88.17391304347827,77.43914274160939,4946.0,15.776388888888889,8915.0,1440.0,2361.0816774368313,1440.0,0.27569444444444446,1440.0,8915.0,24.0,2361.081677436832,24.0,397.0,24.0,518.0,1.0
6117666160,4933,3.73000001907349,3.73000001907349,0.0,0.0,0.0,3.73000001907349,0.0,0,0,236,1204,2044,2016-05-02,,,,,,,236,1440,,91.67101621194148,2529.0,13.645138888888889,4927.0,1440.0,2042.1205165386252,1440.0,0.16319444444444445,1440.0,4927.0,24.0,2042.120516538626,24.0,235.0,24.0,,
6117666160,0,0.0,0.0,0.0,0.0,0.0,0.0,0.0,0,0,0,1440,1496,2016-05-03,,,,,,,0,1440,,,,10.0,0.0,1440.0,1496.5919494628977,1440.0,0.0,1440.0,0.0,24.0,1496.5919494628988,24.0,0.0,24.0,,
6117666160,2997,2.25999999046326,2.25999999046326,0.0,0.0,0.0,2.25999999046326,0.0,0,0,156,1279,1902,2016-05-04,,,,,,,156,1435,,92.89779735682819,2270.0,12.709027777777777,2997.0,1440.0,1902.022882223135,1440.0,0.10833333333333334,1440.0,2997.0,24.0,1902.0228822231359,24.0,156.0,24.0,5.0,1.0
6117666160,9799,7.40000009536743,7.40000009536743,0.0,0.0,0.0,7.40000009536743,0.0,0,0,487,479,2636,2016-05-05,392.0,415.0,1.0,,,,487,966,94.4578313253012,84.71879315839796,9413.0,17.617361111111112,9799.0,1440.0,2636.600107669832,1440.0,0.33819444444444446,1440.0,9799.0,24.0,2636.6001076698326,24.0,487.0,24.0,474.0,2.0
6117666160,3365,2.6800000667572,2.6800000667572,0.0,0.0,0.0,2.6800000667572,0.0,0,0,133,673,1838,2016-05-06,658.0,698.0,2.0,,,,133,806,94.26934097421203,76.57278208441,3483.0,12.275,3365.0,1440.0,1837.0666232109113,1440.0,0.09236111111111112,1440.0,3365.0,24.0,1837.0666232109118,24.0,133.0,24.0,634.0,2.0
6117666160,7336,5.53999996185303,5.53999996185303,0.0,0.0,0.0,5.53999996185303,0.0,0,0,412,456,2469,2016-05-07,498.0,507.0,2.0,,,,412,868,98.22485207100591,83.87947810703228,9044.0,16.49861111111111,7336.0,1440.0,2469.1688818931607,1440.0,0.2861111111111111,1440.0,7336.0,24.0,2469.1688818931607,24.0,412.0,24.0,572.0,3.0
6117666160,7328,5.53000020980835,5.53000020980835,0.0,0.0,0.0,5.53000020980835,0.0,0,0,318,517,2250,2016-05-08,555.0,603.0,1.0,,,,318,835,92.03980099502488,81.14073912569498,9173.0,15.039583333333333,7328.0,1440.0,2250.8119511604336,1440.0,0.22083333333333333,1440.0,7328.0,24.0,2250.811951160434,24.0,318.0,24.0,605.0,2.0
6117666160,4477,3.38000011444092,3.38000011444092,0.0,0.0,0.0,3.38000011444092,0.0,0,0,197,125,1248,2016-05-09,492.0,522.0,1.0,,,,197,322,94.25287356321839,76.46606060606061,4950.0,14.505555555555556,3297.0,720.0,1085.444890975954,720.0,0.2152777777777778,720.0,3297.0,12.0,1085.4448909759542,12.0,155.0,12.0,455.0,1.0
6290855005,4562,3.45000004768372,3.45000004768372,0.0,0.0,0.0,3.45000004768372,0.0,0,0,199,1241,2560,2016-04-12,,,,,,,199,1440,,,,12.42361111111111,4562.0,1440.0,2560.058997631068,1440.0,0.13819444444444445,1440.0,,,,,,,,
6290855005,7142,5.40000009536743,5.40000009536743,0.0,0.0,0.0,5.3899998664856,0.0099999997764825,0,0,350,1090,2905,2016-04-13,,,,,,,350,1440,,,,14.098611111111111,7142.0,1440.0,2905.216209650035,1440.0,0.24305555555555555,1440.0,7142.0,24.0,2905.216209650036,24.0,350.0,24.0,,
6290855005,7671,5.80000019073486,5.80000019073486,0.0,0.0,0.0,5.76999998092651,0.0299999993294477,0,0,363,1077,2952,2016-04-14,,,,,,,363,1440,,,,14.327777777777778,7671.0,1440.0,2952.439207077022,1440.0,0.2520833333333333,1440.0,7671.0,24.0,2952.4392070770227,24.0,363.0,24.0,,
6290855005,9501,7.17999982833862,7.17999982833862,0.0,0.0,0.0,7.17000007629395,0.0099999997764825,0,0,328,1112,2896,2016-04-15,,,,,,,328,1440,,,,14.055555555555555,9501.0,1440.0,2896.3439981937363,1440.0,0.22777777777777777,1440.0,9501.0,24.0,2896.343998193737,24.0,328.0,24.0,,
6290855005,8301,6.28000020980835,6.28000020980835,0.0,0.0,0.0,6.26999998092651,0.0099999997764825,0,0,258,1182,2783,2016-04-16,,,,,,,258,1440,,,,13.509722222222223,8301.0,1440.0,2783.867400407786,1440.0,0.17916666666666667,1440.0,8301.0,24.0,2783.8674004077866,24.0,258.0,24.0,,
6290855005,7851,5.94000005722046,5.94000005722046,0.0,1.13999998569489,0.790000021457672,4.0,0.0,31,12,225,1172,3171,2016-04-17,,,,,,,268,1440,,,,15.391666666666667,7851.0,1440.0,3171.7113287448838,1440.0,0.2375,1440.0,7851.0,24.0,3171.711328744884,24.0,342.0,24.0,,
6290855005,6885,5.21000003814697,5.21000003814697,0.0,0.0,0.0,5.19000005722046,0.0199999995529652,0,0,271,1169,2766,2016-04-18,,,,,,,271,1440,,,,13.425,6885.0,1440.0,2766.409201860423,1440.0,0.18819444444444444,1440.0,6885.0,24.0,2766.4092018604238,24.0,271.0,24.0,,
6290855005,7142,5.40000009536743,5.40000009536743,0.0,0.0,0.0,5.3899998664856,0.0099999997764825,0,0,321,1119,2839,2016-04-19,,,,,,,321,1440,,,,13.779166666666667,7142.0,1440.0,2839.3901960849716,1440.0,0.22291666666666668,1440.0,7142.0,24.0,2839.3901960849726,24.0,321.0,24.0,,
6290855005,6361,4.80999994277954,4.80999994277954,0.0,0.0,0.0,4.80000019073486,0.0099999997764825,0,0,258,1182,2701,2016-04-20,,,,,,,258,1440,,,,13.108333333333333,6361.0,1440.0,2701.155596256251,1440.0,0.17916666666666667,1440.0,6361.0,24.0,2701.155596256252,24.0,258.0,24.0,,
6290855005,0,0.0,0.0,0.0,0.0,0.0,0.0,0.0,0,0,0,1440,2060,2016-04-21,,,,,,,0,1440,,,,10.0,0.0,1440.0,2060.639991760248,1440.0,0.0,1440.0,0.0,24.0,2060.639991760248,24.0,0.0,24.0,,
6290855005,6238,4.71999979019165,4.71999979019165,0.0,0.0,0.0,4.71999979019165,0.0,0,0,302,1138,2796,2016-04-22,,,,,,,302,1440,,,,13.569444444444445,6238.0,1440.0,2796.1740007400463,1440.0,0.20972222222222223,1440.0,6238.0,24.0,2796.174000740047,24.0,302.0,24.0,,
6290855005,0,0.0,0.0,0.0,0.0,0.0,0.0,0.0,33,0,0,1407,2664,2016-04-23,,,,,,,33,1440,,,,12.933333333333334,0.0,1440.0,2664.4191091060575,1440.0,0.06875,1440.0,0.0,24.0,2664.419109106058,24.0,99.0,24.0,,
6290855005,5896,4.46000003814697,4.46000003814697,0.0,0.0,0.0,4.46000003814697,0.0,0,0,258,1182,2703,2016-04-24,,,,,,,258,1440,,,,13.120833333333334,5896.0,1440.0,2703.731398344035,1440.0,0.17916666666666667,1440.0,5896.0,24.0,2703.731398344036,24.0,258.0,24.0,,
6290855005,7802,5.90000009536743,5.90000009536743,0.0,0.680000007152557,0.180000007152557,5.03000020980835,0.0099999997764825,8,3,249,1180,2771,2016-04-25,,,,,,,260,1440,,,,13.45,7802.0,1440.0,2771.560797214503,1440.0,0.19375,1440.0,7802.0,24.0,2771.560797214504,24.0,279.0,24.0,,
6290855005,0,0.0,0.0,0.0,0.0,0.0,0.0,0.0,0,0,0,1440,2060,2016-04-26,,,,,,,0,1440,,,,10.0,0.0,1440.0,2060.639991760248,1440.0,0.0,1440.0,0.0,24.0,2060.639991760248,24.0,0.0,24.0,,
6290855005,5565,4.21000003814697,4.21000003814697,0.0,0.0,0.0,4.17999982833862,0.0299999993294477,0,0,287,1153,2743,2016-04-27,,,,,,,287,1440,,,,13.313888888888888,5565.0,1440.0,2743.513203382487,1440.0,0.19930555555555557,1440.0,5565.0,24.0,2743.513203382488,24.0,287.0,24.0,,
6290855005,5731,4.32999992370605,4.32999992370605,0.0,0.0,0.0,4.32999992370605,0.0,0,0,255,1185,2687,2016-04-28,,,,,,,255,1440,,,,13.041666666666666,5731.0,1440.0,2687.417997121806,1440.0,0.17708333333333334,1440.0,5731.0,24.0,2687.417997121807,24.0,255.0,24.0,,
6290855005,0,0.0,0.0,0.0,0.0,0.0,0.0,0.0,0,0,0,1440,2060,2016-04-29,,,,,,,0,1440,,,,10.0,0.0,1440.0,2060.639991760248,1440.0,0.0,1440.0,0.0,24.0,2060.639991760248,24.0,0.0,24.0,,
6290855005,6744,5.09999990463257,5.09999990463257,0.0,0.0,0.0,5.09000015258789,0.0099999997764825,0,0,324,1116,2843,2016-04-30,,,,,,,324,1440,,,,13.8,6744.0,1440.0,2843.683201789851,1440.0,0.225,1440.0,6744.0,24.0,2843.683201789852,24.0,324.0,24.0,,
6290855005,9837,7.44000005722046,7.44000005722046,0.0,0.660000026226044,2.75,4.0,0.0199999995529652,8,95,282,1055,3327,2016-05-01,,,,,,,385,1440,,,,16.165277777777778,9837.0,1440.0,3327.1923527717545,1440.0,0.34444444444444444,1440.0,9837.0,24.0,3327.1923527717554,24.0,496.0,24.0,,
6290855005,6781,5.13000011444092,5.13000011444092,0.0,0.0,0.0,5.1100001335144,0.0199999995529652,0,0,268,1172,2725,2016-05-02,,,,,,,268,1440,,,,13.225,6781.0,1440.0,2725.196401119227,1440.0,0.18611111111111112,1440.0,6781.0,24.0,2725.196401119228,24.0,268.0,24.0,,
6290855005,6047,4.57000017166138,4.57000017166138,0.0,0.0,0.0,4.57000017166138,0.0,0,0,240,1200,2671,2016-05-03,,,,,,,240,1440,,,,12.963888888888889,6047.0,1440.0,2671.3907992839763,1440.0,0.16666666666666666,1440.0,6047.0,24.0,2671.3907992839772,24.0,240.0,24.0,,
6290855005,5832,4.40999984741211,4.40999984741211,0.0,0.0,0.0,4.40000009536743,0.0099999997764825,0,0,272,1168,2718,2016-05-04,,,,,,,272,1440,,,,13.193055555555556,5832.0,1440.0,2718.6138019561718,1440.0,0.18888888888888888,1440.0,5832.0,24.0,2718.6138019561727,24.0,272.0,24.0,,
6290855005,6339,4.78999996185303,4.78999996185303,0.0,0.0,0.0,4.78999996185303,0.0,0,0,239,1201,2682,2016-05-05,,,,,,,239,1440,,,,13.019444444444444,6339.0,1440.0,2682.8387994766185,1440.0,0.16597222222222222,1440.0,6339.0,24.0,2682.838799476619,24.0,239.0,24.0,,
6290855005,6116,4.61999988555908,4.61999988555908,0.0,0.0,0.0,4.59000015258789,0.0299999993294477,0,0,305,1135,2806,2016-05-06,,,,,,,305,1440,,,,13.620833333333334,6116.0,1440.0,2806.7633984088848,1440.0,0.21180555555555555,1440.0,6116.0,24.0,2806.7633984088857,24.0,305.0,24.0,,
6290855005,5510,4.17000007629395,4.17000007629395,0.0,0.0,0.0,4.15999984741211,0.0,0,0,227,1213,2613,2016-05-07,,,,,,,227,1440,,,,12.683333333333334,5510.0,1440.0,2613.578398466105,1440.0,0.15763888888888888,1440.0,5510.0,24.0,2613.5783984661057,24.0,227.0,24.0,,
6290855005,7706,5.82999992370605,5.82999992370605,0.0,0.0,0.0,5.82000017166138,0.0,0,0,251,1189,2712,2016-05-08,,,,,,,251,1440,,,,13.1625,7706.0,1440.0,2712.31739878654,1440.0,0.17430555555555555,1440.0,7706.0,24.0,2712.3173987865407,24.0,251.0,24.0,,
6290855005,6277,4.75,4.75,0.0,0.0,0.0,4.73000001907349,0.0199999995529652,0,0,264,800,2175,2016-05-09,,,,,,,264,1064,,,,14.349019607843138,6118.0,1020.0,2094.411601781842,1020.0,0.2519607843137255,1020.0,6118.0,17.0,2094.4116017818424,17.0,257.0,17.0,,
6290855005,0,0.0,0.0,0.0,0.0,0.0,0.0,0.0,0,0,0,1440,0,2016-05-10,,,,,,,0,1440,,,,,,,,,,,,,,,,,,
6775888955,0,0.0,0.0,0.0,0.0,0.0,0.0,0.0,0,0,0,1440,1841,2016-04-12,,,,,,,0,1440,,,,10.0,0.0,1440.0,1841.0399436950638,1440.0,0.0,1440.0,,,,,,,,
6775888955,4053,2.91000008583069,2.91000008583069,0.0,1.11000001430511,0.579999983310699,1.22000002861023,0.0,17,18,85,1053,2400,2016-04-13,235.0,260.0,1.0,,,,120,1173,90.38461538461539,82.71974376572867,4371.0,13.040277777777778,4053.0,1440.0,2400.767252445217,1440.0,0.11944444444444445,1440.0,4053.0,24.0,2400.767252445219,24.0,172.0,24.0,267.0,2.0
6775888955,5162,3.70000004768372,3.70000004768372,0.0,0.870000004768372,0.860000014305115,1.97000002861023,0.0,14,24,105,863,2507,2016-04-14,423.0,441.0,1.0,,,,143,1006,95.91836734693878,79.26807673389081,6099.0,13.620138888888889,5162.0,1440.0,2507.522001147266,1440.0,0.13541666666666666,1440.0,5162.0,24.0,2507.5220011472684,24.0,195.0,24.0,434.0,1.0
6775888955,1282,0.920000016689301,0.920000016689301,0.0,0.0,0.0,0.920000016689301,0.0,0,0,58,976,2127,2016-04-15,391.0,406.0,1.0,,,,58,1034,96.30541871921183,80.59450072358901,3455.0,11.558333333333334,1282.0,1440.0,2127.935347795482,1440.0,0.04027777777777778,1440.0,1282.0,24.0,2127.9353477954846,24.0,58.0,24.0,406.0,1.0
6775888955,4732,3.39000010490417,3.39000010490417,0.0,2.51999998092651,0.810000002384186,0.0599999986588955,0.0,36,18,9,1377,2225,2016-04-16,,,,,,,63,1440,,108.616298811545,589.0,12.08611111111111,4732.0,1440.0,2225.101344704624,1440.0,0.10625,1440.0,4732.0,24.0,2225.101344704626,24.0,153.0,24.0,,
6775888955,2497,1.78999996185303,1.78999996185303,0.0,0.349999994039536,1.12999999523163,0.310000002384186,0.0,5,24,19,1392,2067,2016-04-17,,,,,,,48,1440,,102.36886993603412,469.0,11.228472222222223,2497.0,1440.0,2067.2065953016236,1440.0,0.05694444444444444,1440.0,2497.0,24.0,2067.2065953016263,24.0,82.0,24.0,,
6775888955,8294,5.94999980926514,5.94999980926514,0.0,2.0,0.769999980926514,3.17000007629395,0.0,30,31,146,1233,2798,2016-04-18,,,,,,,207,1440,,97.71949784229109,2549.0,15.199305555555556,8294.0,1440.0,2798.2529010772664,1440.0,0.20694444444444443,1440.0,8294.0,24.0,2798.2529010772687,24.0,298.0,24.0,,
6775888955,0,0.0,0.0,0.0,0.0,0.0,0.0,0.0,0,0,0,1440,1841,2016-04-19,,,,,,,0,1440,,99.46153846153847,26.0,10.0,0.0,1440.0,1841.0399436950638,1440.0,0.0,1440.0,0.0,24.0,1841.0399436950663,24.0,0.0,24.0,,
6775888955,10771,7.71999979019165,7.71999979019165,0.0,3.76999998092651,1.74000000953674,2.22000002861023,0.0,70,113,178,1079,3727,2016-04-20,,,,,,,361,1440,,105.63590795169742,4389.0,20.245833333333334,10771.0,1440.0,3727.3388611078226,1440.0,0.4263888888888889,1440.0,10771.0,24.0,3727.3388611078244,24.0,614.0,24.0,,
6775888955,0,0.0,0.0,0.0,0.0,0.0,0.0,0.0,0,0,0,1440,1841,2016-04-21,,,,,,,0,1440,,,,10.0,0.0,1440.0,1841.0399436950638,1440.0,0.0,1440.0,0.0,24.0,1841.0399436950663,24.0,0.0,24.0,,
6775888955,637,0.46000000834465,0.46000000834465,0.0,0.0,0.0,0.46000000834465,0.0,0,0,20,1420,1922,2016-04-22,,,,,,,20,1440,,90.88823529411765,340.0,10.44375,637.0,1440.0,1922.7360954284622,1440.0,0.013888888888888888,1440.0,637.0,24.0,1922.7360954284648,24.0,20.0,24.0,,
6775888955,0,0.0,0.0,0.0,0.0,0.0,0.0,0.0,0,0,0,1440,1841,2016-04-23,,,,,,,0,1440,,,,10.0,0.0,1440.0,1841.0399436950638,1440.0,0.0,1440.0,0.0,24.0,1841.0399436950663,24.0,0.0,24.0,,
6775888955,2153,1.53999996185303,1.53999996185303,0.0,0.769999980926514,0.620000004768372,0.150000005960464,0.0,11,18,11,1400,2053,2016-04-24,,,,,,,40,1440,,109.78962536023054,347.0,11.152777777777779,2153.0,1440.0,2053.2709429264023,1440.0,0.05555555555555555,1440.0,2153.0,24.0,2053.270942926405,24.0,80.0,24.0,,
6775888955,6474,4.6399998664856,4.6399998664856,0.0,2.26999998092651,0.46000000834465,1.89999997615814,0.0,33,13,92,1302,2484,2016-04-25,,,,,,,138,1440,,94.66481994459834,1805.0,13.484027777777778,6463.0,1440.0,2482.463398694988,1440.0,0.15069444444444444,1440.0,6463.0,24.0,2482.4633986949902,24.0,217.0,24.0,,
6775888955,7091,5.26999998092651,5.26999998092651,1.95959603786469,3.48000001907349,0.870000004768372,0.730000019073486,0.0,42,30,47,1321,2584,2016-04-26,,,,,,,119,1440,,99.66020593579648,1651.0,14.039583333333333,7091.0,1440.0,2584.743400335308,1440.0,0.16180555555555556,1440.0,7091.0,24.0,2584.74340033531,24.0,233.0,24.0,,
6775888955,0,0.0,0.0,0.0,0.0,0.0,0.0,0.0,0,0,0,1440,1841,2016-04-27,,,,,,,0,1440,,,,10.0,0.0,1440.0,1841.0399436950638,1440.0,0.0,1440.0,0.0,24.0,1841.0399436950663,24.0,0.0,24.0,,
6775888955,703,0.5,0.5,0.0,0.0599999986588955,0.200000002980232,0.239999994635582,0.0,2,13,15,1410,1993,2016-04-28,,,,,,,30,1440,,104.70873786407768,309.0,10.825694444444444,703.0,1440.0,1993.053594589229,1440.0,0.03263888888888889,1440.0,703.0,24.0,1993.0535945892314,24.0,47.0,24.0,,
6775888955,0,0.0,0.0,0.0,0.0,0.0,0.0,0.0,0,0,0,1440,1841,2016-04-29,,,,,,,0,1440,,81.78947368421052,19.0,10.004166666666666,0.0,1440.0,1841.8070436716034,1440.0,0.0,1440.0,0.0,24.0,1841.807043671606,24.0,0.0,24.0,,
6775888955,2503,1.78999996185303,1.78999996185303,0.0,0.159999996423721,0.159999996423721,1.48000001907349,0.0,3,9,84,1344,2280,2016-04-30,,,,,,,96,1440,,96.10215350635008,1811.0,12.386111111111111,2503.0,1440.0,2280.3325524330094,1440.0,0.07708333333333334,1440.0,2503.0,24.0,2280.3325524330116,24.0,111.0,24.0,,
6775888955,2487,1.77999997138977,1.77999997138977,0.0,0.479999989271164,0.620000004768372,0.680000007152557,0.0,9,34,50,1347,2319,2016-05-01,,,,,,,93,1440,,107.13917050691244,1085.0,12.599305555555556,2487.0,1440.0,2319.5824986696202,1440.0,0.10069444444444445,1440.0,2487.0,24.0,2319.5824986696225,24.0,145.0,24.0,,
6775888955,0,0.0,0.0,0.0,0.0,0.0,0.0,0.0,0,0,0,1440,1841,2016-05-02,,,,,,,0,1440,,,,10.000694444444445,0.0,1440.0,1841.1677937507584,1440.0,0.0,1440.0,0.0,24.0,1841.167793750761,24.0,0.0,24.0,,
6775888955,9,0.0099999997764825,0.0099999997764825,0.0,0.0,0.0,0.0099999997764825,0.0,0,0,1,1439,1843,2016-05-03,,,,,,,1,1440,,,,10.0125,9.0,1440.0,1843.3412438631012,1440.0,0.0006944444444444445,1440.0,9.0,24.0,1843.3412438631037,24.0,1.0,24.0,,
6775888955,0,0.0,0.0,0.0,0.0,0.0,0.0,0.0,0,0,0,1440,1841,2016-05-04,,,,,,,0,1440,,,,10.0,0.0,1440.0,1841.0399436950638,1440.0,0.0,1440.0,0.0,24.0,1841.0399436950663,24.0,0.0,24.0,,
6775888955,0,0.0,0.0,0.0,0.0,0.0,0.0,0.0,0,0,0,1440,1841,2016-05-05,,,,,,,0,1440,,,,10.0,0.0,1440.0,1841.0399436950638,1440.0,0.0,1440.0,0.0,24.0,1841.0399436950663,24.0,0.0,24.0,,
6775888955,4697,3.36999988555908,3.36999988555908,0.0,0.469999998807907,0.930000007152557,1.92999994754791,0.0,12,35,75,1318,2496,2016-05-06,,,,,,,122,1440,,98.85751072961374,2330.0,13.559027777777779,4642.0,1440.0,2496.271201252933,1440.0,0.12569444444444444,1440.0,4642.0,24.0,2496.2712012529355,24.0,181.0,24.0,,
6775888955,1967,1.4099999666214,1.4099999666214,0.0,0.129999995231628,0.239999994635582,1.04999995231628,0.0,2,5,49,551,1032,2016-05-07,,,,,,,56,607,,94.22182786157941,1127.0,13.185,1892.0,600.0,1011.42133104801,600.0,0.10166666666666667,600.0,1892.0,10.0,1011.421331048011,10.0,61.0,10.0,,
6962181067,10199,6.73999977111816,6.73999977111816,0.0,3.40000009536743,0.829999983310699,2.50999999046326,0.0,50,14,189,796,1994,2016-04-12,366.0,387.0,1.0,62.5,24.3899993896484,1.0,253,1049,94.57364341085271,85.03632013919095,9196.0,15.322916666666666,10199.0,1440.0,1994.675991892815,1440.0,0.2548611111111111,1440.0,,,,,,,391.0,2.0
6962181067,5652,3.74000000953674,3.74000000953674,0.0,0.569999992847443,1.21000003814697,1.96000003814697,0.0,8,24,142,548,1718,2016-04-13,630.0,679.0,3.0,62.0999984741211,24.2399997711182,1.0,174,722,92.78350515463917,80.51959835470602,8266.0,13.238194444444444,5652.0,1440.0,1718.3388642072675,1440.0,0.1486111111111111,1440.0,5652.0,24.0,1718.3388642072678,24.0,214.0,24.0,718.0,4.0
6962181067,1551,1.02999997138977,1.02999997138977,0.0,0.0,0.0,1.02999997138977,0.0,0,0,86,862,1466,2016-04-14,508.0,535.0,2.0,61.7000007629395,24.1000003814697,1.0,86,948,94.95327102803738,70.12622079367041,8089.0,11.328472222222222,1551.0,1440.0,1466.3755413889883,1440.0,0.059722222222222225,1440.0,1551.0,24.0,1466.3755413889883,24.0,86.0,24.0,492.0,2.0
6962181067,5563,3.6800000667572,3.6800000667572,0.0,0.0,0.0,3.6800000667572,0.0,0,0,217,837,1756,2016-04-15,370.0,386.0,1.0,61.5,24.0,1.0,217,1054,95.85492227979275,72.99198084979055,8355.0,13.598611111111111,5563.0,1440.0,1756.5054181218147,1440.0,0.15069444444444444,1440.0,5563.0,24.0,1756.5054181218147,24.0,217.0,24.0,386.0,1.0
6962181067,13217,8.73999977111816,8.73999977111816,0.0,3.66000008583069,0.189999997615814,4.88000011444092,0.0,50,3,280,741,2173,2016-04-16,357.0,366.0,1.0,62.0,24.2099990844727,1.0,333,1074,97.54098360655738,82.04018218623482,9880.0,16.74861111111111,13217.0,1440.0,2172.549444198608,1440.0,0.30277777777777776,1440.0,13217.0,24.0,2172.5494441986084,24.0,436.0,24.0,366.0,1.0
6962181067,10145,6.71000003814697,6.71000003814697,0.0,0.330000013113022,0.680000007152557,5.69000005722046,0.0,5,13,295,634,2027,2016-04-17,427.0,446.0,1.0,61.4000015258789,23.9599990844727,1.0,313,947,95.73991031390135,76.66448880822746,8265.0,15.709027777777777,10145.0,1440.0,2027.7464158535004,1440.0,0.23333333333333334,1440.0,10145.0,24.0,2027.7464158535004,24.0,336.0,24.0,493.0,2.0
6962181067,11404,7.53999996185303,7.53999996185303,0.0,0.829999983310699,2.39000010490417,4.32000017166138,0.0,13,42,238,689,2039,2016-04-18,442.0,458.0,1.0,61.2000007629395,23.8899993896484,1.0,293,982,96.5065502183406,76.9169910837624,7963.0,15.825,11404.0,1440.0,2039.7538864612584,1440.0,0.25069444444444444,1440.0,11404.0,24.0,2039.7538864612582,24.0,361.0,24.0,458.0,2.0
6962181067,10742,7.09999990463257,7.09999990463257,0.0,2.09999990463257,2.13000011444092,2.86999988555908,0.0,35,41,195,659,2046,2016-04-19,476.0,535.0,1.0,61.4000015258789,23.9599990844727,1.0,271,930,88.97196261682242,77.42858801672085,8612.0,15.854166666666666,10742.0,1440.0,2046.4811716079712,1440.0,0.2652777777777778,1440.0,10742.0,24.0,2046.4811716079712,24.0,382.0,24.0,510.0,2.0
6962181067,13928,9.55000019073486,9.55000019073486,0.0,4.28000020980835,0.189999997615814,5.09000015258789,0.0,48,4,297,639,2174,2016-04-20,418.0,424.0,1.0,61.7000007629395,24.1000003814697,1.0,349,988,98.58490566037736,74.90601080594327,8884.0,16.797916666666666,13928.0,1440.0,2174.3492111563683,1440.0,0.31180555555555556,1440.0,13928.0,24.0,2174.3492111563683,24.0,449.0,24.0,452.0,2.0
6962181067,11835,9.71000003814697,7.88000011444092,4.08169221878052,3.99000000953674,2.09999990463257,3.50999999046326,0.109999999403954,53,27,214,708,2179,2016-04-21,451.0,457.0,1.0,61.4000015258789,23.9599990844727,1.0,294,1002,98.6870897155361,83.47130206625123,9147.0,16.885416666666668,11835.0,1440.0,2179.596575021744,1440.0,0.2965277777777778,1440.0,11835.0,24.0,2179.596575021744,24.0,427.0,24.0,438.0,2.0
6962181067,10725,7.09000015258789,7.09000015258789,0.0,1.76999998092651,1.54999995231628,3.76999998092651,0.0,30,33,240,659,2086,2016-04-22,425.0,435.0,1.0,61.4000015258789,23.9599990844727,1.0,303,962,97.70114942528735,79.11627137341424,9065.0,16.167361111111113,10725.0,1440.0,2086.9088150262833,1440.0,0.275,1440.0,10725.0,24.0,2086.9088150262833,24.0,396.0,24.0,478.0,2.0
6962181067,20031,13.2399997711182,13.2399997711182,0.0,4.19999980926514,2.0,7.03999996185303,0.0,58,41,347,484,2571,2016-04-23,528.0,546.0,1.0,61.5,24.0,1.0,446,930,96.7032967032967,84.64590097402598,9856.0,19.90763888888889,20031.0,1440.0,2571.4299151897426,1440.0,0.41875,1440.0,20031.0,24.0,2571.429915189743,24.0,603.0,24.0,472.0,1.0
6962181067,5029,3.3199999332428,3.3199999332428,0.0,0.0,0.0,3.3199999332428,0.0,0,0,199,720,1705,2016-04-24,511.0,514.0,1.0,61.5,24.0,1.0,199,919,99.41634241245136,68.82344093486059,8643.0,13.20486111111111,5029.0,1440.0,1705.6455199718473,1440.0,0.13819444444444445,1440.0,5029.0,24.0,1705.6455199718473,24.0,199.0,24.0,521.0,2.0
6962181067,13239,9.27000045776367,9.07999992370605,2.78517508506775,3.01999998092651,1.67999994754791,4.46000003814697,0.100000001490116,35,31,282,637,2194,2016-04-25,400.0,415.0,1.0,61.7000007629395,24.1000003814697,1.0,348,985,96.3855421686747,73.98988232706478,9093.0,16.95277777777778,13239.0,1440.0,2194.3946829438205,1440.0,0.31180555555555556,1440.0,13239.0,24.0,2194.394682943821,24.0,449.0,24.0,455.0,2.0
6962181067,10433,6.90000009536743,6.90000009536743,0.0,2.57999992370605,0.419999986886978,3.90000009536743,0.0,36,7,254,680,2012,2016-04-26,441.0,446.0,1.0,,,,297,977,98.87892376681614,77.07536166872266,8917.0,15.580555555555556,10433.0,1440.0,2016.7720388174057,1440.0,0.2611111111111111,1440.0,10433.0,24.0,2016.7720388174055,24.0,376.0,24.0,463.0,2.0
6962181067,10320,6.82000017166138,6.82000017166138,0.0,0.550000011920929,2.01999998092651,4.25,0.0,7,38,279,697,2034,2016-04-27,455.0,467.0,1.0,61.2000007629395,23.8899993896484,1.0,324,1021,97.4304068522484,72.99697498545666,8595.0,15.78125,10320.0,1440.0,2034.1147592663767,1440.0,0.2611111111111111,1440.0,10320.0,24.0,2034.1147592663767,24.0,376.0,24.0,419.0,2.0
6962181067,12627,8.35000038146973,8.35000038146973,0.0,2.50999999046326,0.239999994635582,5.59000015258789,0.0,38,8,288,621,2182,2016-04-28,440.0,453.0,1.0,61.2000007629395,23.8899993896484,1.0,334,955,97.13024282560707,82.0752688172043,8928.0,16.93611111111111,12627.0,1440.0,2182.969885706902,1440.0,0.2902777777777778,1440.0,12627.0,24.0,2182.969885706902,24.0,418.0,24.0,485.0,2.0
6962181067,10762,7.1100001335144,7.1100001335144,0.0,0.819999992847443,0.479999989271164,5.80999994277954,0.0,12,15,369,645,2254,2016-04-29,433.0,447.0,1.0,61.4000015258789,23.9599990844727,1.0,396,1041,96.86800894854586,80.9635204922536,9101.0,17.459027777777777,10762.0,1440.0,2253.6392176151276,1440.0,0.3020833333333333,1440.0,10762.0,24.0,2253.6392176151276,24.0,435.0,24.0,399.0,1.0
6962181067,10081,6.65999984741211,6.65999984741211,0.0,2.24000000953674,0.759999990463257,3.67000007629395,0.0,32,16,237,731,2002,2016-04-30,422.0,424.0,1.0,61.0,23.8199996948242,1.0,285,1016,99.52830188679245,80.1626647834275,8496.0,15.554166666666667,10081.0,1440.0,2002.1572034955034,1440.0,0.2534722222222222,1440.0,10081.0,24.0,2002.157203495503,24.0,365.0,24.0,424.0,1.0
6962181067,5454,3.60999989509583,3.60999989509583,0.0,0.0,0.0,3.60999989509583,0.0,0,0,215,722,1740,2016-05-01,411.0,426.0,1.0,61.7000007629395,24.1000003814697,1.0,215,937,96.47887323943662,73.29039031620553,8096.0,13.447916666666666,5454.0,1440.0,1740.719839632511,1440.0,0.14930555555555555,1440.0,5454.0,24.0,1740.7198396325111,24.0,215.0,24.0,503.0,2.0
6962181067,12912,8.53999996185303,8.53999996185303,0.0,1.20000004768372,2.0,5.34000015258789,0.0,18,39,313,655,2162,2016-05-02,466.0,482.0,1.0,61.5,24.0,1.0,370,1025,96.6804979253112,79.67409119562933,9518.0,16.738888888888887,12912.0,1440.0,2162.128816485405,1440.0,0.3090277777777778,1440.0,12912.0,24.0,2162.128816485405,24.0,445.0,24.0,415.0,2.0
6962181067,12109,8.11999988555908,8.11999988555908,0.0,1.74000000953674,2.03999996185303,4.32999992370605,0.0,21,36,267,654,2072,2016-05-03,394.0,418.0,1.0,61.0,23.8199996948242,1.0,324,978,94.25837320574162,75.40436222450612,8757.0,16.096527777777776,12109.0,1440.0,2071.970798552037,1440.0,0.2791666666666667,1440.0,12109.0,24.0,2071.9707985520367,24.0,402.0,24.0,462.0,2.0
6962181067,10147,6.71000003814697,6.71000003814697,0.0,0.469999998807907,1.67999994754791,4.55000019073486,0.0,15,36,284,683,2086,2016-05-04,442.0,455.0,1.0,61.0999984741211,23.8500003814697,1.0,335,1018,97.14285714285714,79.47459105779717,9170.0,16.196527777777778,10147.0,1440.0,2086.2423821687703,1440.0,0.27847222222222223,1440.0,10147.0,24.0,2086.2423821687703,24.0,401.0,24.0,422.0,2.0
6962181067,10524,6.96000003814697,6.96000003814697,0.0,0.990000009536743,1.1599999666214,4.80999994277954,0.0,14,22,305,591,2066,2016-05-05,467.0,491.0,1.0,61.2999992370605,23.9300003051758,1.0,341,932,95.11201629327903,76.64476227290298,7761.0,16.020138888888887,10524.0,1440.0,2066.521030187607,1440.0,0.27152777777777776,1440.0,10524.0,24.0,2066.521030187607,24.0,391.0,24.0,508.0,2.0
6962181067,5908,3.91000008583069,3.91000008583069,0.0,0.0,0.0,3.91000008583069,0.0,0,0,299,717,1850,2016-05-06,443.0,462.0,1.0,61.5,24.0,1.0,299,1016,95.88744588744589,72.33436738311545,9026.0,14.32638888888889,5908.0,1440.0,1850.5110179185865,1440.0,0.2076388888888889,1440.0,5908.0,24.0,1850.5110179185865,24.0,299.0,24.0,424.0,1.0
6962181067,6815,4.5,4.5,0.0,0.0,0.0,4.5,0.0,0,0,328,745,1947,2016-05-07,298.0,334.0,1.0,61.2000007629395,23.8899993896484,1.0,328,1073,89.22155688622755,76.97600374575676,8543.0,15.105555555555556,6815.0,1440.0,1947.0215359926226,1440.0,0.22777777777777777,1440.0,6815.0,24.0,1947.0215359926226,24.0,328.0,24.0,367.0,2.0
6962181067,4188,2.76999998092651,2.76999998092651,0.0,0.0,0.519999980926514,2.25,0.0,0,14,151,709,1659,2016-05-08,541.0,569.0,1.0,61.2000007629395,23.8899993896484,1.0,165,874,95.07908611599296,74.99709744298549,7235.0,12.875694444444445,4188.0,1440.0,1659.6049169898035,1440.0,0.12430555555555556,1440.0,4188.0,24.0,1659.6049169898033,24.0,179.0,24.0,566.0,2.0
6962181067,12342,8.72000026702881,8.68000030517578,3.16782188415527,3.90000009536743,1.17999994754791,3.65000009536743,0.0,43,21,231,607,2105,2016-05-09,489.0,497.0,1.0,62.4000015258789,24.3500003814697,1.0,295,902,98.39034205231388,77.01762783095961,8566.0,16.185416666666665,12342.0,1440.0,2105.3212814927106,1440.0,0.2791666666666667,1440.0,12342.0,24.0,2105.32128149271,24.0,402.0,24.0,538.0,2.0
6962181067,15448,10.210000038147,10.210000038147,0.0,3.47000002861023,1.75,4.98999977111816,0.0,62,34,275,626,2361,2016-05-10,469.0,481.0,1.0,62.0999984741211,24.2399997711182,1.0,371,997,97.5051975051975,83.32208250606662,9066.0,18.191666666666666,15448.0,1440.0,2361.307481646538,1440.0,0.36736111111111114,1440.0,15448.0,24.0,2361.307481646538,24.0,529.0,24.0,443.0,2.0
6962181067,6722,4.44000005722046,4.44000005722046,0.0,1.49000000953674,0.310000002384186,2.65000009536743,0.0,24,7,199,709,1855,2016-05-11,452.0,480.0,1.0,61.9000015258789,24.1700000762939,1.0,230,939,94.16666666666667,79.25104235242485,9114.0,14.314583333333333,6722.0,1440.0,1855.5822637081144,1440.0,0.19791666666666666,1440.0,6722.0,24.0,1855.5822637081146,24.0,285.0,24.0,501.0,2.0
6962181067,3587,2.36999988555908,2.36999988555908,0.0,0.0,0.25,2.10999989509583,0.0,0,8,105,127,928,2016-05-12,516.0,535.0,1.0,61.9000015258789,24.1700000762939,1.0,113,240,96.44859813084112,75.71574096531651,4123.0,14.302777777777777,3569.0,720.0,927.0259619951248,720.0,0.16805555555555557,720.0,6737.0,24.0,1848.2906435728075,24.0,254.0,24.0,481.0,1.0
7007744171,14172,10.289999961853,9.47999954223633,4.8697829246521,4.5,0.379999995231628,5.40999984741211,0.0,53,8,355,1024,2937,2016-04-12,,,,,,,416,1440,,96.42644387940429,5506.0,18.86875,14172.0,1440.0,2937.7285248041135,1440.0,0.3680555555555556,1440.0,,,,,,,,
7007744171,12862,9.64999961853027,8.60000038146973,4.8513069152832,4.6100001335144,0.560000002384186,4.48000001907349,0.0,56,22,261,1101,2742,2016-04-13,,,,,,,339,1440,,93.00640161725067,5936.0,17.617361111111112,12862.0,1440.0,2742.896278858183,1440.0,0.3284722222222222,1440.0,12862.0,24.0,2742.896278858184,24.0,473.0,24.0,,
7007744171,11179,8.23999977111816,7.48000001907349,3.28541493415833,2.95000004768372,0.340000003576279,4.96000003814697,0.0,34,6,304,1096,2668,2016-04-14,,,,,,,344,1440,,92.3463724506854,5982.0,17.14027777777778,11179.0,1440.0,2668.617841362951,1440.0,0.2902777777777778,1440.0,11179.0,24.0,2668.6178413629523,24.0,418.0,24.0,,
7007744171,5273,3.52999997138977,3.52999997138977,0.0,0.0,0.0,3.52999997138977,0.0,0,0,202,1238,2098,2016-04-15,,,,,,,202,1440,,84.83902094610497,4249.0,13.478472222222223,5273.0,1440.0,2098.5010783672305,1440.0,0.14027777777777778,1440.0,5273.0,24.0,2098.501078367232,24.0,202.0,24.0,,
7007744171,4631,3.09999990463257,3.09999990463257,0.0,0.0,0.0,3.09999990463257,0.0,0,0,203,1155,2076,2016-04-16,79.0,82.0,1.0,,,,203,1358,96.34146341463415,79.95248226950355,5640.0,13.335416666666667,4631.0,1440.0,2076.2283560037586,1440.0,0.14097222222222222,1440.0,4631.0,24.0,2076.22835600376,24.0,203.0,24.0,82.0,1.0
7007744171,8059,5.3899998664856,5.3899998664856,0.0,0.0,0.0,5.3899998664856,0.0,0,0,305,1135,2383,2016-04-17,,,,,,,305,1440,,85.97764946917489,5369.0,15.309027777777779,8059.0,1440.0,2383.505397796628,1440.0,0.21180555555555555,1440.0,8059.0,24.0,2383.5053977966295,24.0,305.0,24.0,,
7007744171,14816,10.9799995422363,9.90999984741211,4.93055009841919,3.78999996185303,2.11999988555908,5.05000019073486,0.0199999995529652,48,31,284,1077,2832,2016-04-18,,,,,,,363,1440,,93.21345934495682,6137.0,18.19236111111111,14816.0,1440.0,2832.419644236563,1440.0,0.3402777777777778,1440.0,14816.0,24.0,2832.4196442365637,24.0,490.0,24.0,,
7007744171,14194,10.4799995422363,9.5,4.94214200973511,4.40999984741211,0.759999990463257,5.30999994277954,0.0,53,17,304,1066,2812,2016-04-19,,,,,,,374,1440,,94.4138051246296,5737.0,18.054861111111112,14194.0,1440.0,2811.011882543562,1440.0,0.3451388888888889,1440.0,14194.0,24.0,2811.011882543563,24.0,497.0,24.0,,
7007744171,15566,11.3100004196167,10.4099998474121,4.92484092712402,4.78999996185303,0.670000016689301,5.8600001335144,0.0,60,33,347,1000,3096,2016-04-20,,,,,,,440,1440,,96.79697587495752,5886.0,19.886805555555554,15566.0,1440.0,3096.2324367761594,1440.0,0.41180555555555554,1440.0,15566.0,24.0,3096.2324367761603,24.0,593.0,24.0,,
7007744171,13744,9.1899995803833,9.1899995803833,0.0,2.15000009536743,1.87000000476837,5.17000007629395,0.0,30,34,327,1049,2763,2016-04-21,,,,,,,391,1440,,92.19450171821306,5820.0,17.75,13744.0,1440.0,2763.5471962690335,1440.0,0.3368055555555556,1440.0,13744.0,24.0,2763.5471962690344,24.0,485.0,24.0,,
7007744171,15299,10.2399997711182,10.2399997711182,0.0,4.09999990463257,1.75999999046326,4.36999988555908,0.0,64,50,261,1065,2889,2016-04-22,,,,,,,375,1440,,93.92858369098713,5825.0,18.55902777777778,15299.0,1440.0,2889.50699841976,1440.0,0.3840277777777778,1440.0,15299.0,24.0,2889.5069984197607,24.0,553.0,24.0,,
7007744171,8093,5.40999984741211,5.40999984741211,0.0,0.129999995231628,1.12999999523163,4.15000009536743,0.0,2,25,223,1190,2284,2016-04-23,,,,,,,250,1440,,93.28872775214239,3034.0,14.67361111111111,8093.0,1440.0,2284.5755964517566,1440.0,0.19375,1440.0,8093.0,24.0,2284.575596451758,24.0,279.0,24.0,,
7007744171,11085,7.42000007629395,7.42000007629395,0.0,0.0,0.0,7.42000007629395,0.0,0,0,419,1021,2667,2016-04-24,,,,,,,419,1440,,95.19453842435959,4138.0,17.130555555555556,11085.0,1440.0,2667.104158878324,1440.0,0.29097222222222224,1440.0,11085.0,24.0,2667.1041588783255,24.0,419.0,24.0,,
7007744171,18229,13.3400001525879,12.1999998092651,4.86179208755493,4.30999994277954,1.37000000476837,7.67000007629395,0.0,51,24,379,986,3055,2016-04-25,,,,,,,454,1440,,94.64476021314387,6193.0,19.625,18229.0,1440.0,3055.4711898565274,1440.0,0.4027777777777778,1440.0,18229.0,24.0,3055.4711898565283,24.0,580.0,24.0,,
7007744171,15090,10.1000003814697,10.1000003814697,0.0,0.930000007152557,0.939999997615814,8.22999954223633,0.0,16,22,424,978,2939,2016-04-26,,,,,,,462,1440,,90.65212512273811,7129.0,18.88125,15090.0,1440.0,2939.6746718883496,1440.0,0.35833333333333334,1440.0,15090.0,24.0,2939.6746718883505,24.0,516.0,24.0,,
7007744171,13541,10.2200002670288,9.0600004196167,4.88560485839844,4.26999998092651,0.660000026226044,5.28999996185303,0.0,50,12,337,1041,2830,2016-04-27,,,,,,,399,1440,,95.18625238673842,5761.0,18.179861111111112,13541.0,1440.0,2830.4734768867474,1440.0,0.3548611111111111,1440.0,13541.0,24.0,2830.4734768867484,24.0,511.0,24.0,,
7007744171,15128,10.1199998855591,10.1199998855591,0.0,1.0900000333786,0.769999980926514,8.26000022888184,0.0,16,16,401,1007,2836,2016-04-28,,,,,,,433,1440,,89.45166402535658,6310.0,18.219444444444445,15128.0,1440.0,2836.636315464971,1440.0,0.33402777777777776,1440.0,15128.0,24.0,2836.6363154649725,24.0,481.0,24.0,,
7007744171,20067,14.3000001907349,13.4200000762939,4.91114616394043,4.30999994277954,2.04999995231628,7.94999980926514,0.0,55,42,382,961,3180,2016-04-29,,,,,,,479,1440,,93.94141876430206,6555.0,20.430555555555557,20067.0,1440.0,3180.8903975486737,1440.0,0.43819444444444444,1440.0,20067.0,24.0,3180.8903975486746,24.0,631.0,24.0,,
7007744171,3761,2.51999998092651,2.51999998092651,0.0,0.0,0.0,2.51999998092651,0.0,0,0,200,1240,2051,2016-04-30,,,,,,,200,1440,,80.32344497607656,5225.0,13.175,3761.0,1440.0,2051.252637743947,1440.0,0.1388888888888889,1440.0,3761.0,24.0,2051.2526377439485,24.0,200.0,24.0,,
7007744171,5600,3.75,3.75,0.0,0.0,0.0,3.75,0.0,0,0,237,1142,2225,2016-05-01,58.0,61.0,1.0,,,,237,1379,95.08196721311475,84.96455424274973,4655.0,14.295833333333333,5600.0,1440.0,2225.7583177089664,1440.0,0.16458333333333333,1440.0,5600.0,24.0,2225.7583177089678,24.0,237.0,24.0,61.0,1.0
7007744171,13041,9.18000030517578,8.72000026702881,2.83232593536377,4.6399998664856,0.699999988079071,3.82999992370605,0.0,64,14,250,1112,2642,2016-05-02,,,,,,,328,1440,,86.10571081409478,5761.0,16.969444444444445,13041.0,1440.0,2642.020316958425,1440.0,0.3263888888888889,1440.0,13041.0,24.0,2642.0203169584265,24.0,470.0,24.0,,
7007744171,14510,10.8699998855591,9.71000003814697,4.91236782073975,4.48000001907349,1.01999998092651,5.3600001335144,0.0,58,31,330,1021,2976,2016-05-03,,,,,,,419,1440,,93.36198046034112,6039.0,19.116666666666667,14510.0,1440.0,2976.3273611068707,1440.0,0.39305555555555555,1440.0,14510.0,24.0,2976.3273611068716,24.0,566.0,24.0,,
7007744171,0,0.0,0.0,0.0,0.0,0.0,0.0,0.0,0,0,0,1440,1557,2016-05-04,,,,,,,0,1440,,,,10.003472222222221,0.0,1440.0,1557.4686050415005,1440.0,0.0,1440.0,0.0,24.0,1557.4686050415019,24.0,0.0,24.0,,
7007744171,15010,11.1000003814697,10.039999961853,4.8782320022583,4.32999992370605,1.28999996185303,5.48000001907349,0.0,53,23,317,1047,2933,2016-05-05,,,,,,,393,1440,,97.89637305699482,4825.0,18.84236111111111,15010.0,1440.0,2933.6199597120267,1440.0,0.3625,1440.0,15010.0,24.0,2933.6199597120276,24.0,522.0,24.0,,
7007744171,11459,7.67000007629395,7.67000007629395,0.0,3.0,0.810000002384186,3.85999989509583,0.0,44,13,247,1136,2553,2016-05-06,,,,,,,304,1440,,87.15,5880.0,16.402083333333334,11459.0,1440.0,2553.6862783431984,1440.0,0.28125,1440.0,11459.0,24.0,2553.6862783432,24.0,405.0,24.0,,
7007744171,0,0.0,0.0,0.0,0.0,0.0,0.0,0.0,0,0,0,111,120,2016-05-07,,,,,,,0,111,,,,10.0,0.0,60.0,64.8720002174376,60.0,0.0,60.0,0.0,1.0,64.87200021743766,1.0,0.0,1.0,,
7086361926,11317,8.40999984741211,8.40999984741211,0.0,5.26999998092651,0.150000005960464,2.97000002861023,0.0,59,6,153,745,2772,2016-04-12,514.0,525.0,1.0,,,,218,963,97.9047619047619,,,17.011111111111113,11309.0,1440.0,2772.212345123289,1440.0,0.2375,1440.0,,,,,,,476.0,2.0
7086361926,5813,3.61999988555908,3.61999988555908,0.0,0.560000002384186,0.209999993443489,2.83999991416931,0.0,31,26,155,744,2516,2016-04-13,451.0,465.0,1.0,,,,212,956,96.98924731182795,,,15.440972222222221,5813.0,1440.0,2516.334981203077,1440.0,0.20833333333333334,1440.0,5813.0,24.0,2516.334981203078,24.0,300.0,24.0,484.0,2.0
7086361926,9123,6.11999988555908,6.11999988555908,0.0,2.02999997138977,0.330000013113022,3.66000008583069,0.0,35,32,189,787,2734,2016-04-14,472.0,476.0,1.0,,,,256,1043,99.15966386554622,,,16.73611111111111,8998.0,1440.0,2727.397020816801,1440.0,0.24861111111111112,1440.0,8998.0,24.0,2727.397020816802,24.0,358.0,24.0,397.0,1.0
7086361926,8585,5.67000007629395,5.67000007629395,0.0,2.03999996185303,1.11000001430511,2.52999997138977,0.0,30,21,139,864,2395,2016-04-15,377.0,386.0,1.0,,,,190,1054,97.66839378238342,,,14.698611111111111,8585.0,1440.0,2395.356242537496,1440.0,0.18819444444444444,1440.0,8585.0,24.0,2395.3562425374976,24.0,271.0,24.0,386.0,1.0
7086361926,31,0.0099999997764825,0.0099999997764825,0.0,0.0,0.0,0.0099999997764825,0.0,0,0,3,1437,1635,2016-04-16,,,,,,,3,1440,,,,10.034027777777778,31.0,1440.0,1635.1933856010407,1440.0,0.0020833333333333333,1440.0,31.0,24.0,1635.1933856010417,24.0,3.0,24.0,,
7086361926,0,0.0,0.0,0.0,0.0,0.0,0.0,0.0,0,0,0,1440,1629,2016-04-17,,,,,,,0,1440,,,,10.0,0.0,1440.0,1629.6480560302705,1440.0,0.0,1440.0,0.0,24.0,1629.6480560302714,24.0,0.0,24.0,,
7086361926,9827,6.71000003814697,6.71000003814697,0.0,3.17000007629395,1.22000002861023,2.30999994277954,0.0,61,51,114,1136,2743,2016-04-18,,,,,,,226,1362,,,,16.836111111111112,9827.0,1440.0,2743.693508267401,1440.0,0.27708333333333335,1440.0,9827.0,24.0,2743.6935082674017,24.0,399.0,24.0,78.0,1.0
7086361926,10688,7.28999996185303,7.28999996185303,0.0,3.52999997138977,1.23000001907349,2.50999999046326,0.0,67,69,124,671,2944,2016-04-19,472.0,483.0,1.0,,,,260,931,97.72256728778468,,,18.06736111111111,10688.0,1440.0,2944.34391248226,1440.0,0.3215277777777778,1440.0,10688.0,24.0,2944.3439124822607,24.0,463.0,24.0,509.0,2.0
7086361926,14365,10.6400003433228,10.6400003433228,0.0,7.6399998664856,0.449999988079071,2.53999996185303,0.0,87,13,145,797,2997,2016-04-20,492.0,502.0,1.0,,,,245,1042,98.00796812749005,,,18.389583333333334,14365.0,1440.0,2996.854787468909,1440.0,0.3,1440.0,14365.0,24.0,2996.8547874689093,24.0,432.0,24.0,398.0,1.0
7086361926,9469,6.17999982833862,6.17999982833862,0.0,1.36000001430511,0.300000011920929,4.51000022888184,0.0,19,6,206,758,2463,2016-04-21,390.0,411.0,1.0,,,,231,989,94.8905109489051,,,15.11736111111111,9469.0,1440.0,2463.5977592468244,1440.0,0.1909722222222222,1440.0,9469.0,24.0,2463.597759246825,24.0,275.0,24.0,451.0,2.0
7086361926,9753,6.53000020980835,6.53000020980835,0.0,2.86999988555908,0.970000028610229,2.67000007629395,0.0,58,59,153,762,2846,2016-04-22,428.0,448.0,1.0,,,,270,1032,95.53571428571429,,,17.450694444444444,9733.0,1440.0,2843.8489601612073,1440.0,0.3090277777777778,1440.0,9733.0,24.0,2843.848960161208,24.0,445.0,24.0,408.0,1.0
7086361926,2817,1.80999994277954,1.80999994277954,0.0,0.0,0.0,1.79999995231628,0.0,0,0,90,1350,1965,2016-04-23,,,,,,,90,1440,,,,12.049305555555556,2811.0,1440.0,1963.612696766851,1440.0,0.0625,1440.0,2811.0,24.0,1963.612696766852,24.0,90.0,24.0,,
7086361926,3520,2.16000008583069,2.16000008583069,0.0,0.0,0.0,2.15000009536743,0.0,0,0,125,566,2049,2016-04-24,681.0,704.0,1.0,,,,125,691,96.73295454545455,,,12.574305555555556,3520.0,1440.0,2049.169222831724,1440.0,0.08680555555555555,1440.0,3520.0,24.0,2049.1692228317247,24.0,125.0,24.0,749.0,2.0
7086361926,10091,6.82000017166138,6.82000017166138,0.0,3.75,0.699999988079071,2.36999988555908,0.0,69,39,129,706,2752,2016-04-25,446.0,447.0,1.0,,,,237,943,99.77628635346755,,,16.88888888888889,10091.0,1440.0,2752.2944366931893,1440.0,0.2875,1440.0,10091.0,24.0,2752.29443669319,24.0,414.0,24.0,497.0,2.0
7086361926,10387,7.07000017166138,7.07000017166138,0.0,4.15999984741211,0.769999980926514,2.11999988555908,0.0,70,33,132,726,2781,2016-04-26,485.0,500.0,1.0,,,,235,961,97.0,,,17.05902777777778,10378.0,1440.0,2780.0210781097394,1440.0,0.2833333333333333,1440.0,10378.0,24.0,2780.0210781097403,24.0,408.0,24.0,479.0,2.0
7086361926,11107,8.34000015258789,8.34000015258789,0.0,5.63000011444092,0.180000007152557,2.52999997138977,0.0,55,6,145,829,2693,2016-04-27,469.0,479.0,1.0,,,,206,1035,97.91231732776617,,,16.525,11107.0,1440.0,2692.993340969084,1440.0,0.22361111111111112,1440.0,11107.0,24.0,2692.993340969085,24.0,322.0,24.0,405.0,1.0
7086361926,11584,7.80000019073486,7.80000019073486,0.0,2.78999996185303,1.63999998569489,3.35999989509583,0.0,54,48,161,810,2862,2016-04-28,354.0,367.0,1.0,,,,263,1073,96.45776566757493,,,17.551388888888887,11575.0,1440.0,2860.258597970007,1440.0,0.29097222222222224,1440.0,11575.0,24.0,2860.258597970008,24.0,419.0,24.0,367.0,1.0
7086361926,7881,4.94999980926514,4.94999980926514,0.0,0.490000009536743,0.449999988079071,4.0,0.0,24,36,182,1198,2616,2016-04-29,,,,,,,242,1440,,,,16.043055555555554,7881.0,1440.0,2614.4533594846707,1440.0,0.2263888888888889,1440.0,7881.0,24.0,2614.4533594846716,24.0,326.0,24.0,,
7086361926,14560,9.40999984741211,9.40999984741211,0.0,3.11999988555908,1.03999996185303,5.23999977111816,0.0,42,17,308,584,2995,2016-04-30,485.0,489.0,1.0,,,,367,951,99.18200408997956,,,18.383333333333333,14560.0,1440.0,2995.836251378058,1440.0,0.325,1440.0,14560.0,24.0,2995.836251378059,24.0,468.0,24.0,489.0,1.0
7086361926,12390,8.06999969482422,8.06999969482422,0.0,2.29999995231628,0.899999976158142,4.84999990463257,0.0,30,15,258,685,2730,2016-05-01,388.0,407.0,1.0,,,,303,988,95.33169533169533,,,16.74861111111111,12375.0,1440.0,2729.4340866804105,1440.0,0.2625,1440.0,12375.0,24.0,2729.4340866804114,24.0,378.0,24.0,452.0,2.0
7086361926,10052,6.80999994277954,6.80999994277954,0.0,3.48000001907349,0.660000026226044,2.66000008583069,0.0,66,26,139,737,2754,2016-05-02,440.0,459.0,1.0,,,,231,968,95.86056644880175,,,16.900694444444444,10052.0,1440.0,2754.218318104742,1440.0,0.2701388888888889,1440.0,10052.0,24.0,2754.2183181047426,24.0,389.0,24.0,472.0,2.0
7086361926,10288,6.76000022888184,6.76000022888184,0.0,2.74000000953674,0.850000023841858,3.16000008583069,0.0,57,36,152,761,2754,2016-05-03,456.0,461.0,1.0,,,,245,1006,98.91540130151844,,,16.899305555555557,10288.0,1440.0,2753.99197912216,1440.0,0.2743055555555556,1440.0,10288.0,24.0,2753.991979122161,24.0,395.0,24.0,434.0,2.0
7086361926,10988,8.3100004196167,8.3100004196167,0.0,5.28000020980835,0.119999997317791,2.90000009536743,0.0,45,12,135,843,2655,2016-05-04,420.0,436.0,1.0,,,,192,1035,96.3302752293578,,,16.293055555555554,10988.0,1440.0,2655.194566965101,1440.0,0.20416666666666666,1440.0,10988.0,24.0,2655.194566965102,24.0,294.0,24.0,405.0,1.0
7086361926,8564,5.59999990463257,5.59999990463257,0.0,1.77999997138977,0.829999983310699,2.95000004768372,0.0,24,14,149,1253,2386,2016-05-05,,,,,,,187,1440,,,,14.600694444444445,8525.0,1440.0,2379.399271607397,1440.0,0.17291666666666666,1440.0,8525.0,24.0,2379.399271607398,24.0,249.0,24.0,,
7086361926,12461,8.38000011444092,8.38000011444092,0.0,3.8199999332428,1.42999994754791,3.11999988555908,0.0,84,35,154,834,2924,2016-05-06,322.0,333.0,1.0,,,,273,1107,96.69669669669669,,,17.940277777777776,12461.0,1440.0,2923.633807539938,1440.0,0.33055555555555555,1440.0,12461.0,24.0,2923.633807539939,24.0,476.0,24.0,333.0,1.0
7086361926,12827,8.47999954223633,8.47999954223633,0.0,1.46000003814697,2.32999992370605,4.67999982833862,0.0,20,42,209,621,2739,2016-05-07,530.0,548.0,1.0,,,,271,892,96.71532846715328,,,16.810416666666665,12827.0,1440.0,2739.5062123537045,1440.0,0.24513888888888888,1440.0,12827.0,24.0,2739.5062123537055,24.0,353.0,24.0,548.0,1.0
7086361926,10677,7.09999990463257,7.09999990463257,0.0,2.30999994277954,1.52999997138977,3.25,0.0,32,27,147,695,2534,2016-05-08,481.0,510.0,1.0,,,,206,901,94.31372549019608,,,15.551388888888889,10677.0,1440.0,2534.329000115393,1440.0,0.20625,1440.0,10677.0,24.0,2534.3290001153937,24.0,297.0,24.0,539.0,2.0
7086361926,13566,9.10999965667725,9.10999965667725,0.0,4.26000022888184,1.71000003814697,3.11999988555908,0.0,67,50,171,743,2960,2016-05-09,427.0,438.0,1.0,,,,288,1031,97.48858447488584,,,18.156944444444445,13558.0,1440.0,2958.9428514242154,1440.0,0.3277777777777778,1440.0,13558.0,24.0,2958.942851424216,24.0,472.0,24.0,409.0,1.0
7086361926,14433,10.789999961853,10.789999961853,0.0,7.1100001335144,1.20000004768372,2.45000004768372,0.0,72,23,106,1182,2800,2016-05-10,,,,,,,201,1383,,,,17.15277777777778,14407.0,1440.0,2795.299026250837,1440.0,0.25555555555555554,1440.0,14407.0,24.0,2795.299026250838,24.0,368.0,24.0,57.0,1.0
7086361926,9572,6.51999998092651,6.51999998092651,0.0,2.89000010490417,1.38999998569489,2.23000001907349,0.0,57,40,128,757,2735,2016-05-11,451.0,463.0,1.0,,,,225,982,97.40820734341253,,,16.78472222222222,9572.0,1440.0,2735.3189296722394,1440.0,0.26319444444444445,1440.0,9572.0,24.0,2735.31892967224,24.0,379.0,24.0,457.0,2.0
7086361926,3789,2.55999994277954,2.55999994277954,0.0,0.379999995231628,0.270000010728836,1.88999998569489,0.0,5,4,58,343,1199,2016-05-12,444.0,457.0,1.0,,,,67,410,97.15536105032822,,,11.271794871794873,1032.0,780.0,994.9906607866274,780.0,0.041025641025641026,780.0,14410.0,24.0,2924.086484789847,24.0,396.0,24.0,406.0,1.0
8053475328,18060,14.1199998855591,14.1199998855591,0.0,11.6400003433228,0.389999985694885,2.09999990463257,0.0,116,8,123,1193,3186,2016-04-12,,,,,,,247,1440,,,,18.17222222222222,18060.0,1440.0,3186.2156773805573,1440.0,0.33819444444444446,1440.0,,,,,,,,
8053475328,16433,13.3500003814697,13.3500003814697,0.0,10.4300003051758,0.469999998807907,2.45000004768372,0.0,95,12,156,1177,3140,2016-04-13,,,,,,,263,1440,,,,17.913888888888888,16433.0,1440.0,3140.920963525767,1440.0,0.3229166666666667,1440.0,16433.0,24.0,3140.9209635257694,24.0,465.0,24.0,,
8053475328,20159,15.9700002670288,15.9700002670288,0.0,12.3400001525879,0.209999993443489,3.35999989509583,0.0,119,5,193,1123,3411,2016-04-14,,,,,,,317,1440,,,,19.435416666666665,20089.0,1440.0,3407.6971257924984,1440.0,0.3888888888888889,1440.0,20089.0,24.0,3407.6971257925006,24.0,560.0,24.0,,
8053475328,20669,16.2399997711182,16.2399997711182,0.0,13.2600002288818,0.389999985694885,2.58999991416931,0.0,132,8,158,1142,3410,2016-04-15,,,,,,,298,1440,,,,19.45347222222222,20669.0,1440.0,3410.8628830909684,1440.0,0.3958333333333333,1440.0,20669.0,24.0,3410.8628830909706,24.0,570.0,24.0,,
8053475328,14549,11.1099996566772,11.1099996566772,0.0,9.35999965667725,0.270000010728836,1.49000000953674,0.0,96,6,83,1255,2867,2016-04-16,,,,,,,185,1440,,,,16.356944444444444,14549.0,1440.0,2867.9350315332367,1440.0,0.2659722222222222,1440.0,14549.0,24.0,2867.935031533239,24.0,383.0,24.0,,
8053475328,18827,13.6899995803833,13.6899995803833,0.0,9.23999977111816,0.800000011920929,3.64000010490417,0.0,111,21,195,1113,3213,2016-04-17,,,,,,,327,1440,,,,18.325,18827.0,1440.0,3213.0028866529424,1440.0,0.3958333333333333,1440.0,18827.0,24.0,3213.0028866529447,24.0,570.0,24.0,,
8053475328,17076,12.6599998474121,12.6599998474121,0.0,9.07999992370605,0.230000004172325,3.34999990463257,0.0,102,6,195,1137,3133,2016-04-18,,,,,,,303,1440,,,,17.870833333333334,17076.0,1440.0,3133.3718420267064,1440.0,0.35625,1440.0,17076.0,24.0,3133.3718420267087,24.0,513.0,24.0,,
8053475328,15929,12.4799995422363,12.4799995422363,0.0,9.22000026702881,0.310000002384186,2.95000004768372,0.0,90,7,191,1152,3114,2016-04-19,,,,,,,288,1440,,,,17.76388888888889,15929.0,1440.0,3114.620800495143,1440.0,0.3298611111111111,1440.0,15929.0,24.0,3114.6208004951454,24.0,475.0,24.0,,
8053475328,15108,12.1899995803833,12.1899995803833,0.0,9.57999992370605,0.230000004172325,2.38000011444092,0.0,89,5,158,695,3043,2016-04-20,486.0,493.0,1.0,,,,252,947,98.58012170385396,,,17.358333333333334,15108.0,1440.0,3043.5129646062805,1440.0,0.3020833333333333,1440.0,15108.0,24.0,3043.5129646062833,24.0,435.0,24.0,493.0,1.0
8053475328,16057,12.5100002288818,12.5100002288818,0.0,9.67000007629395,0.25,2.57999992370605,0.0,100,6,170,1164,3103,2016-04-21,,,,,,,276,1440,,,,17.686805555555555,16049.0,1440.0,3101.105450272556,1440.0,0.3347222222222222,1440.0,16049.0,24.0,3101.1054502725583,24.0,482.0,24.0,,
8053475328,10520,8.28999996185303,8.28999996185303,0.0,6.26000022888184,0.150000005960464,1.87999999523163,0.0,60,3,117,1260,2655,2016-04-22,,,,,,,180,1440,,,,15.144444444444444,10520.0,1440.0,2655.3420777320816,1440.0,0.21041666666666667,1440.0,10520.0,24.0,2655.3420777320844,24.0,303.0,24.0,,
8053475328,22359,17.1900005340576,17.1900005340576,0.0,12.539999961853,0.629999995231628,4.01999998092651,0.0,125,14,223,741,3554,2016-04-23,331.0,337.0,1.0,,,,362,1103,98.21958456973294,,,20.275,22359.0,1440.0,3554.9049565792043,1440.0,0.43472222222222223,1440.0,22359.0,24.0,3554.9049565792066,24.0,626.0,24.0,337.0,1.0
8053475328,22988,17.9500007629395,17.9500007629395,0.0,13.1300001144409,1.54999995231628,3.25999999046326,0.0,129,33,182,1096,3577,2016-04-24,,,,,,,344,1440,,,,20.402083333333334,22988.0,1440.0,3577.187044739719,1440.0,0.4409722222222222,1440.0,22988.0,24.0,3577.1870447397214,24.0,635.0,24.0,,
8053475328,20500,15.6899995803833,15.6899995803833,0.0,11.3699998855591,0.46000000834465,3.85999989509583,0.0,118,9,209,1104,3403,2016-04-25,,,,,,,336,1440,,,,19.4125,20500.0,1440.0,3403.679040670391,1440.0,0.40347222222222223,1440.0,20500.0,24.0,3403.679040670393,24.0,581.0,24.0,,
8053475328,12685,9.61999988555908,9.61999988555908,0.0,6.30999994277954,0.200000002980232,3.09999990463257,0.0,68,5,185,1182,2846,2016-04-26,,,,,,,258,1440,,,,16.226388888888888,12685.0,1440.0,2845.044166207309,1440.0,0.27708333333333335,1440.0,12685.0,24.0,2845.0441662073113,24.0,399.0,24.0,,
8053475328,12422,9.81999969482422,9.81999969482422,0.0,6.46000003814697,0.430000007152557,2.9300000667572,0.0,60,10,183,1187,2852,2016-04-27,,,,,,,253,1440,,,,16.269444444444446,12422.0,1440.0,2852.593277096744,1440.0,0.2659722222222222,1440.0,12422.0,24.0,2852.593277096746,24.0,383.0,24.0,,
8053475328,15447,12.3999996185303,12.3999996185303,0.0,9.67000007629395,0.389999985694885,2.34999990463257,0.0,90,9,153,1188,3062,2016-04-28,,,,,,,252,1440,,,,17.46527777777778,15447.0,1440.0,3062.2639976739833,1440.0,0.30625,1440.0,15447.0,24.0,3062.2639976739856,24.0,441.0,24.0,,
8053475328,12315,9.64999961853027,9.64999961853027,0.0,6.17000007629395,0.310000002384186,3.17000007629395,0.0,58,8,159,1215,2794,2016-04-29,,,,,,,225,1440,,,,15.939583333333333,12315.0,1440.0,2794.757277965541,1440.0,0.2423611111111111,1440.0,12315.0,24.0,2794.7572779655434,24.0,349.0,24.0,,
8053475328,7135,5.59000015258789,5.59000015258789,0.0,2.99000000953674,0.0599999986588955,2.53999996185303,0.0,27,1,131,1281,2408,2016-04-30,,,,,,,159,1440,,,,13.738888888888889,7135.0,1440.0,2408.899832963939,1440.0,0.1486111111111111,1440.0,7135.0,24.0,2408.8998329639417,24.0,214.0,24.0,,
8053475328,1170,0.850000023841858,0.850000023841858,0.0,0.0,0.0,0.850000023841858,0.0,0,0,51,1389,1886,2016-05-01,,,,,,,51,1440,,,,10.756944444444445,1170.0,1440.0,1886.0623871087978,1440.0,0.035416666666666666,1440.0,1170.0,24.0,1886.0623871088005,24.0,51.0,24.0,,
8053475328,1969,1.42999994754791,1.42999994754791,0.0,0.0,0.0,1.42999994754791,0.0,0,0,95,1345,1988,2016-05-02,,,,,,,95,1440,,,,11.372916666666667,1969.0,1440.0,1988.3315775394406,1440.0,0.06597222222222222,1440.0,1969.0,24.0,1988.3315775394422,24.0,95.0,24.0,,
8053475328,15484,11.8999996185303,11.8999996185303,0.0,8.39000034332275,0.930000007152557,2.58999991416931,0.0,87,22,165,1166,3023,2016-05-03,,,,,,,274,1440,,,,17.29375,15484.0,1440.0,3023.473251700398,1440.0,0.3263888888888889,1440.0,15484.0,24.0,3023.4732517003995,24.0,470.0,24.0,,
8053475328,14581,11.1499996185303,11.1499996185303,0.0,8.81999969482422,0.400000005960464,1.9099999666214,0.0,89,8,123,1220,2918,2016-05-04,,,,,,,220,1440,,,,16.683333333333334,14563.0,1440.0,2916.7538523673975,1440.0,0.28194444444444444,1440.0,14563.0,24.0,2916.7538523673993,24.0,406.0,24.0,,
8053475328,14990,11.5100002288818,11.5100002288818,0.0,8.85000038146973,0.449999988079071,2.21000003814697,0.0,93,9,130,1208,2950,2016-05-05,,,,,,,232,1440,,,,16.874305555555555,14990.0,1440.0,2950.1416046619383,1440.0,0.2965277777777778,1440.0,14990.0,24.0,2950.1416046619397,24.0,427.0,24.0,,
8053475328,13953,11.0,11.0,0.0,9.10000038146973,0.689999997615814,1.21000003814697,0.0,90,15,90,1245,2859,2016-05-06,,,,,,,195,1440,,,,16.354166666666668,13953.0,1440.0,2859.2055181264845,1440.0,0.2708333333333333,1440.0,13953.0,24.0,2859.205518126486,24.0,390.0,24.0,,
8053475328,19769,15.6700000762939,15.6700000762939,0.0,12.4399995803833,0.879999995231628,2.34999990463257,0.0,121,20,148,1076,3331,2016-05-07,74.0,75.0,1.0,,,,289,1365,98.66666666666667,,,19.054861111111112,19769.0,1440.0,3331.369003295895,1440.0,0.38263888888888886,1440.0,19769.0,24.0,3331.369003295896,24.0,551.0,24.0,75.0,1.0
8053475328,22026,17.6499996185303,17.6499996185303,0.0,13.3999996185303,0.589999973773956,3.66000008583069,0.0,125,14,228,1073,3589,2016-05-08,,,,,,,367,1440,,,,20.53125,22026.0,1440.0,3589.486673593518,1440.0,0.43819444444444444,1440.0,22026.0,24.0,3589.4866735935198,24.0,631.0,24.0,,
8053475328,12465,9.38000011444092,9.38000011444092,0.0,6.11999988555908,0.569999992847443,2.69000005722046,0.0,66,12,148,1214,2765,2016-05-09,,,,,,,226,1440,,,,15.816666666666666,12465.0,1440.0,2765.2341784238783,1440.0,0.2569444444444444,1440.0,12465.0,24.0,2765.2341784238797,24.0,370.0,24.0,,
8053475328,14810,11.3599996566772,11.3599996566772,0.0,9.09000015258789,0.419999986886978,1.85000002384186,0.0,96,10,115,1219,2926,2016-05-10,,,,,,,221,1440,,,,16.736805555555556,14810.0,1440.0,2926.1024235486952,1440.0,0.29375,1440.0,14810.0,24.0,2926.102423548697,24.0,423.0,24.0,,
8053475328,12209,9.39999961853027,9.39999961853027,0.0,6.07999992370605,0.280000001192093,3.03999996185303,0.0,60,7,184,1189,2809,2016-05-11,,,,,,,251,1440,,,,16.066666666666666,12209.0,1440.0,2808.941777706143,1440.0,0.2625,1440.0,12209.0,24.0,2808.9417777061444,24.0,378.0,24.0,,
8053475328,4998,3.91000008583069,3.91000008583069,0.0,2.95000004768372,0.200000002980232,0.759999990463257,0.0,28,4,39,839,1505,2016-05-12,,,,,,,71,910,,,,13.592222222222222,4895.0,900.0,1485.2085337638835,900.0,0.14444444444444443,900.0,15137.0,24.0,2992.0280500650388,24.0,418.0,24.0,,
8253242879,9033,7.15999984741211,7.15999984741211,0.0,5.42999982833862,0.140000000596046,1.5900000333786,0.0,40,2,154,1244,2044,2016-04-12,,,,,,,196,1440,,,,14.319444444444445,9033.0,1440.0,2044.2668011188514,1440.0,0.19305555555555556,1440.0,,,,,,,,
8253242879,8053,6.09999990463257,6.09999990463257,0.0,4.17000007629395,0.629999995231628,1.30999994277954,0.0,35,11,96,1298,1935,2016-04-13,,,,,,,142,1440,,,,13.55486111111111,8053.0,1440.0,1935.1136665344245,1440.0,0.15486111111111112,1440.0,8053.0,24.0,1935.1136665344243,24.0,223.0,24.0,,
8253242879,5234,3.46000003814697,3.46000003814697,0.0,1.92999994754791,0.990000009536743,0.540000021457672,0.0,29,16,33,1362,1705,2016-04-14,,,,,,,78,1440,,,,11.947222222222223,5234.0,1440.0,1705.6045646667487,1440.0,0.10555555555555556,1440.0,5234.0,24.0,1705.6045646667483,24.0,152.0,24.0,,
8253242879,2672,1.76999998092651,1.76999998092651,0.0,0.0,0.0,1.75999999046326,0.0,0,0,105,1335,1632,2016-04-15,,,,,,,105,1440,,,,11.431944444444444,2672.0,1440.0,1632.0426852703101,1440.0,0.07291666666666667,1440.0,2672.0,24.0,1632.0426852703097,24.0,105.0,24.0,,
8253242879,9256,6.1399998664856,6.1399998664856,0.0,0.430000007152557,3.26999998092651,2.45000004768372,0.0,6,51,115,1268,1880,2016-04-16,,,,,,,172,1440,,,,13.175694444444444,9256.0,1440.0,1880.983223199845,1440.0,0.16319444444444445,1440.0,9256.0,24.0,1880.9832231998446,24.0,235.0,24.0,,
8253242879,10204,7.90999984741211,7.90999984741211,0.0,5.42999982833862,0.150000005960464,2.32999992370605,0.0,41,5,157,1237,2112,2016-04-17,,,,,,,203,1440,,,,14.794444444444444,10204.0,1440.0,2112.0785622596745,1440.0,0.2013888888888889,1440.0,10204.0,24.0,2112.078562259674,24.0,290.0,24.0,,
8253242879,5151,3.48000001907349,3.48000001907349,0.0,1.03999996185303,0.629999995231628,1.79999995231628,0.0,16,16,130,1278,1829,2016-04-18,,,,,,,162,1440,,,,12.811805555555555,5151.0,1440.0,1829.0338659286504,1440.0,0.14583333333333334,1440.0,5151.0,24.0,1829.0338659286501,24.0,210.0,24.0,,
8253242879,4212,2.77999997138977,2.77999997138977,0.0,0.0,0.0,2.77999997138977,0.0,0,0,164,1276,1763,2016-04-19,,,,,,,164,1440,,,,12.352777777777778,4212.0,1440.0,1763.5023231506354,1440.0,0.11388888888888889,1440.0,4212.0,24.0,1763.502323150635,24.0,164.0,24.0,,
8253242879,6466,4.26999998092651,4.26999998092651,0.0,0.330000013113022,0.819999992847443,3.10999989509583,0.0099999997764825,5,18,216,1201,1931,2016-04-20,,,,,,,239,1440,,,,13.529166666666667,6466.0,1440.0,1931.4454815387733,1440.0,0.18541666666666667,1440.0,6466.0,24.0,1931.4454815387728,24.0,267.0,24.0,,
8253242879,11268,8.5600004196167,8.5600004196167,0.0,5.88000011444092,0.930000007152557,1.75,0.0,49,20,172,1199,2218,2016-04-21,,,,,,,241,1440,,,,15.5375,11268.0,1440.0,2218.1583600044255,1440.0,0.24930555555555556,1440.0,11268.0,24.0,2218.1583600044246,24.0,359.0,24.0,,
8253242879,2824,1.87000000476837,1.87000000476837,0.0,0.0,0.0,1.87000000476837,0.0,0,0,120,1320,1651,2016-04-22,,,,,,,120,1440,,,,11.565277777777778,2824.0,1440.0,1651.077564001084,1440.0,0.08333333333333333,1440.0,2824.0,24.0,1651.0775640010836,24.0,120.0,24.0,,
8253242879,9282,6.26000022888184,6.26000022888184,0.0,2.08999991416931,1.03999996185303,3.13000011444092,0.0,30,26,191,1193,2132,2016-04-23,,,,,,,247,1440,,,,14.938194444444445,9282.0,1440.0,2132.600543975831,1440.0,0.23125,1440.0,9282.0,24.0,2132.6005439758305,24.0,333.0,24.0,,
8253242879,8905,7.13000011444092,7.13000011444092,0.0,5.59999990463257,0.189999997615814,1.3400000333786,0.0,41,4,82,1313,1976,2016-04-24,,,,,,,127,1440,,,,13.843055555555555,8905.0,1440.0,1976.2567665576942,1440.0,0.14791666666666667,1440.0,8905.0,24.0,1976.2567665576937,24.0,213.0,24.0,,
8253242879,6829,4.51000022888184,4.51000022888184,0.0,0.360000014305115,2.39000010490417,1.76999998092651,0.0,7,54,118,1261,1909,2016-04-25,,,,,,,179,1440,,,,13.372222222222222,6829.0,1440.0,1909.039842367173,1440.0,0.17152777777777778,1440.0,6829.0,24.0,1909.0398423671725,24.0,247.0,24.0,,
8253242879,4562,3.03999996185303,3.03999996185303,0.0,1.17999994754791,0.490000009536743,1.37000000476837,0.0,19,14,108,1299,1813,2016-04-26,,,,,,,141,1440,,,,12.702083333333333,4562.0,1440.0,1813.3697447776801,1440.0,0.13402777777777777,1440.0,4562.0,24.0,1813.3697447776797,24.0,193.0,24.0,,
8253242879,10232,8.18000030517578,8.18000030517578,0.0,6.23999977111816,0.230000004172325,1.70000004768372,0.0,45,5,104,1286,2008,2016-04-27,,,,,,,154,1440,,,,14.067361111111111,10232.0,1440.0,2008.2789802551276,1440.0,0.17291666666666666,1440.0,10232.0,24.0,2008.2789802551272,24.0,249.0,24.0,,
8253242879,2718,1.79999995231628,1.79999995231628,0.0,0.670000016689301,0.779999971389771,0.340000003576279,0.0,11,16,20,1393,1580,2016-04-28,,,,,,,47,1440,,,,11.069444444444445,2718.0,1440.0,1580.2916042804725,1440.0,0.059027777777777776,1440.0,2718.0,24.0,1580.291604280472,24.0,85.0,24.0,,
8253242879,6260,4.26000022888184,4.26000022888184,0.0,1.28999996185303,0.540000021457672,2.40000009536743,0.0,16,14,136,1257,1854,2016-04-29,,,,,,,166,1423,,,,13.06159420289855,5937.0,1380.0,1786.9985039234168,1380.0,0.1463768115942029,1380.0,5937.0,23.0,1786.9985039234164,23.0,202.0,23.0,,
8253242879,0,0.0,0.0,0.0,0.0,0.0,0.0,0.0,0,0,0,1440,0,2016-04-30,,,,,,,0,1440,,,,,,,,,,,,,,,,,,
8378563200,7626,6.05000019073486,6.05000019073486,2.25308108329773,0.829999983310699,0.709999978542328,4.5,0.0,65,15,156,723,3635,2016-04-12,338.0,356.0,1.0,,,,236,959,94.9438202247191,,,16.8125,7626.0,1440.0,3635.4700870513902,1440.0,0.26458333333333334,1440.0,,,,,,,481.0,2.0
8378563200,12386,9.81999969482422,9.81999969482422,2.0921471118927,4.96000003814697,0.649999976158142,4.21000003814697,0.0,116,14,169,680,4079,2016-04-13,447.0,487.0,2.0,,,,299,979,91.78644763860369,,,18.866666666666667,12386.0,1440.0,4079.6137861013394,1440.0,0.3784722222222222,1440.0,12386.0,24.0,4079.613786101339,24.0,545.0,24.0,461.0,3.0
8378563200,13318,10.5600004196167,10.5600004196167,2.25308108329773,5.61999988555908,1.02999997138977,3.91000008583069,0.0,123,21,174,699,4163,2016-04-14,424.0,455.0,1.0,,,,318,1017,93.18681318681318,,,19.254166666666666,13318.0,1440.0,4163.397488832471,1440.0,0.40625,1440.0,13318.0,24.0,4163.39748883247,24.0,585.0,24.0,423.0,2.0
8378563200,14461,11.4700002670288,11.4700002670288,0.0,4.90999984741211,1.14999997615814,5.40999984741211,0.0,60,23,190,729,3666,2016-04-15,513.0,533.0,1.0,,,,273,1002,96.24765478424015,,,16.908333333333335,14461.0,1440.0,3655.8522144556055,1440.0,0.28888888888888886,1440.0,14461.0,24.0,3655.8522144556046,24.0,416.0,24.0,438.0,2.0
8378563200,11207,8.89000034332275,8.89000034332275,0.0,5.36999988555908,1.07000005245209,2.44000005722046,0.0,64,21,142,563,3363,2016-04-16,611.0,689.0,2.0,,,,227,790,88.67924528301887,,,15.554166666666667,11196.0,1440.0,3363.059708952905,1440.0,0.2611111111111111,1440.0,11196.0,24.0,3363.0597089529037,24.0,376.0,24.0,650.0,3.0
8378563200,2132,1.69000005722046,1.69000005722046,0.0,0.0,0.0,1.69000005722046,0.0,0,0,93,599,2572,2016-04-17,525.0,591.0,2.0,,,,93,692,88.83248730964468,,,11.895833333333334,2132.0,1440.0,2572.0695079565066,1440.0,0.06458333333333334,1440.0,2132.0,24.0,2572.0695079565057,24.0,93.0,24.0,748.0,3.0
8378563200,13630,10.8100004196167,10.8100004196167,2.0921471118927,5.05000019073486,0.560000002384186,5.19999980926514,0.0,117,10,174,720,4157,2016-04-18,398.0,451.0,1.0,,,,301,1021,88.24833702882484,,,19.229166666666668,13630.0,1440.0,4157.9920941591245,1440.0,0.3784722222222222,1440.0,13630.0,24.0,4157.992094159124,24.0,545.0,24.0,419.0,2.0
8378563200,13070,10.3599996566772,10.3599996566772,2.25308108329773,5.30000019073486,0.879999995231628,4.17999982833862,0.0,120,19,154,737,4092,2016-04-19,387.0,421.0,1.0,,,,293,1030,91.92399049881236,,,18.925,13070.0,1440.0,4092.226397275923,1440.0,0.38333333333333336,1440.0,13070.0,24.0,4092.2263972759224,24.0,552.0,24.0,410.0,2.0
8378563200,9388,7.44000005722046,7.44000005722046,2.0921471118927,2.23000001907349,0.439999997615814,4.78000020980835,0.0,82,8,169,763,3787,2016-04-20,381.0,409.0,1.0,,,,259,1022,93.15403422982885,,,17.51388888888889,9388.0,1440.0,3787.1215865612016,1440.0,0.29930555555555555,1440.0,9388.0,24.0,3787.121586561201,24.0,431.0,24.0,418.0,2.0
8378563200,15148,12.0100002288818,12.0100002288818,2.25308108329773,6.90000009536743,0.819999992847443,4.28999996185303,0.0,137,16,145,677,4236,2016-04-21,396.0,417.0,1.0,,,,298,975,94.96402877697842,,,19.59027777777778,15148.0,1440.0,4236.070090174672,1440.0,0.4083333333333333,1440.0,15148.0,24.0,4236.070090174671,24.0,588.0,24.0,465.0,2.0
8378563200,12200,9.67000007629395,9.67000007629395,2.0921471118927,4.90999984741211,0.589999973773956,4.17999982833862,0.0,113,12,159,769,4044,2016-04-22,441.0,469.0,1.0,,,,284,1053,94.02985074626865,,,18.705555555555556,12200.0,1440.0,4044.7789832353565,1440.0,0.3625,1440.0,12200.0,24.0,4044.7789832353556,24.0,522.0,24.0,387.0,2.0
8378563200,5709,4.53000020980835,4.53000020980835,0.0,1.51999998092651,0.519999980926514,2.48000001907349,0.0,19,10,136,740,2908,2016-04-23,565.0,591.0,1.0,,,,165,905,95.60067681895093,,,13.452777777777778,5709.0,1440.0,2908.7058079242724,1440.0,0.14791666666666667,1440.0,5709.0,24.0,2908.7058079242715,24.0,213.0,24.0,535.0,2.0
8378563200,3703,2.94000005722046,2.94000005722046,0.0,0.0,0.0,2.94000005722046,0.0,0,0,135,734,2741,2016-04-24,458.0,492.0,1.0,,,,135,869,93.08943089430895,,,12.679166666666667,3703.0,1440.0,2741.43870675564,1440.0,0.09375,1440.0,3703.0,24.0,2741.438706755639,24.0,135.0,24.0,571.0,2.0
8378563200,12405,9.84000015258789,9.84000015258789,2.0921471118927,5.05000019073486,0.870000004768372,3.92000007629395,0.0,117,16,141,692,4005,2016-04-25,388.0,402.0,1.0,,,,274,966,96.51741293532338,,,18.523611111111112,12405.0,1440.0,4005.4396892786012,1440.0,0.3638888888888889,1440.0,12405.0,24.0,4005.4396892786003,24.0,524.0,24.0,473.0,2.0
8378563200,16208,12.8500003814697,12.8500003814697,0.0,7.51000022888184,0.920000016689301,4.42000007629395,0.0,90,18,161,593,3763,2016-04-26,550.0,584.0,1.0,,,,269,862,94.17808219178082,,,17.405555555555555,16208.0,1440.0,3763.359616041183,1440.0,0.32430555555555557,1440.0,16208.0,24.0,3763.359616041182,24.0,467.0,24.0,578.0,2.0
8378563200,7359,5.84000015258789,5.84000015258789,0.0,0.330000013113022,0.180000007152557,5.32999992370605,0.0,4,4,192,676,3061,2016-04-27,531.0,600.0,1.0,,,,200,876,88.5,,,14.159722222222221,7359.0,1440.0,3061.558504700662,1440.0,0.14722222222222223,1440.0,7359.0,24.0,3061.558504700661,24.0,212.0,24.0,564.0,2.0
8378563200,5417,4.30000019073486,4.30000019073486,0.0,0.899999976158142,0.490000009536743,2.91000008583069,0.0,11,10,139,711,2884,2016-04-28,506.0,556.0,1.0,,,,160,871,91.00719424460432,,,13.343055555555555,5417.0,1440.0,2884.9821081161517,1440.0,0.13333333333333333,1440.0,5417.0,24.0,2884.9821081161504,24.0,192.0,24.0,569.0,2.0
8378563200,6175,4.90000009536743,4.90000009536743,0.0,0.25,0.360000014305115,4.26999998092651,0.0,3,7,172,767,2982,2016-04-29,527.0,562.0,1.0,,,,182,949,93.77224199288256,,,13.795833333333333,6147.0,1440.0,2982.8799071311964,1440.0,0.13541666666666666,1440.0,6147.0,24.0,2982.8799071311955,24.0,195.0,24.0,491.0,2.0
8378563200,2946,2.33999991416931,2.33999991416931,0.0,0.0,0.0,2.33999991416931,0.0,0,0,121,780,2660,2016-04-30,468.0,555.0,1.0,,,,121,901,84.32432432432432,,,12.304166666666667,2946.0,1440.0,2660.3577063083667,1440.0,0.08402777777777778,1440.0,2946.0,24.0,2660.357706308366,24.0,121.0,24.0,539.0,2.0
8378563200,11419,9.0600004196167,9.0600004196167,0.0,6.03000020980835,0.560000002384186,2.47000002861023,0.0,71,10,127,669,3369,2016-05-01,475.0,539.0,1.0,,,,208,877,88.12615955473099,,,15.58611111111111,11419.0,1440.0,3369.966604709626,1440.0,0.25,1440.0,11419.0,24.0,3369.966604709625,24.0,360.0,24.0,562.0,2.0
8378563200,6064,4.80999994277954,4.80999994277954,2.0921471118927,0.629999995231628,0.170000001788139,4.01000022888184,0.0,63,4,142,802,3491,2016-05-02,351.0,385.0,1.0,,,,209,1011,91.16883116883118,,,16.145833333333332,6064.0,1440.0,3491.3260905742636,1440.0,0.23541666666666666,1440.0,6064.0,24.0,3491.3260905742627,24.0,339.0,24.0,429.0,2.0
8378563200,8712,6.90999984741211,6.90999984741211,2.25308108329773,1.3400000333786,1.05999994277954,4.5,0.0,71,20,195,822,3784,2016-05-03,405.0,429.0,1.0,,,,286,1108,94.4055944055944,,,17.502777777777776,8712.0,1440.0,3784.71918606758,1440.0,0.3111111111111111,1440.0,8712.0,24.0,3784.7191860675794,24.0,448.0,24.0,332.0,2.0
8378563200,7875,6.23999977111816,6.23999977111816,0.0,1.55999994277954,0.490000009536743,4.19999980926514,0.0,19,10,167,680,3110,2016-05-04,441.0,477.0,1.0,,,,196,876,92.45283018867924,,,14.383333333333333,7875.0,1440.0,3109.9068056345,1440.0,0.16944444444444445,1440.0,7875.0,24.0,3109.906805634499,24.0,244.0,24.0,564.0,2.0
8378563200,8567,6.78999996185303,6.78999996185303,2.25308108329773,0.889999985694885,0.159999996423721,5.73999977111816,0.0,66,3,214,764,3783,2016-05-05,381.0,417.0,1.0,,,,283,1047,91.36690647482014,,,17.49861111111111,8567.0,1440.0,3783.818287253379,1440.0,0.2902777777777778,1440.0,8567.0,24.0,3783.818287253378,24.0,418.0,24.0,393.0,2.0
8378563200,7045,5.59000015258789,5.59000015258789,2.0921471118927,1.54999995231628,0.25,3.77999997138977,0.0,74,5,166,831,3644,2016-05-06,323.0,355.0,1.0,,,,245,1076,90.98591549295774,,,16.855555555555554,7045.0,1440.0,3644.7793874740587,1440.0,0.2763888888888889,1440.0,7045.0,24.0,3644.7793874740582,24.0,398.0,24.0,364.0,2.0
8378563200,4468,3.53999996185303,3.53999996185303,0.0,0.0,0.0,3.53999996185303,0.0,0,0,158,851,2799,2016-05-07,459.0,513.0,2.0,,,,158,1009,89.47368421052632,,,12.947222222222223,4468.0,1440.0,2799.3966064453143,1440.0,0.10972222222222222,1440.0,4468.0,24.0,2799.3966064453134,24.0,158.0,24.0,431.0,3.0
8378563200,2943,2.32999992370605,2.32999992370605,0.0,0.0,0.0,2.32999992370605,0.0,0,0,139,621,2685,2016-05-08,545.0,606.0,1.0,,,,139,760,89.93399339933994,,,12.422222222222222,2943.0,1440.0,2685.883206844332,1440.0,0.09652777777777778,1440.0,2943.0,24.0,2685.8832068443307,24.0,139.0,24.0,680.0,2.0
8378563200,8382,6.65000009536743,6.65000009536743,2.0921471118927,1.26999998092651,0.660000026226044,4.71999979019165,0.0,71,13,171,772,3721,2016-05-09,359.0,399.0,1.0,,,,255,1027,89.97493734335839,,,17.211111111111112,8382.0,1440.0,3721.6561844348894,1440.0,0.2847222222222222,1440.0,8382.0,24.0,3721.656184434889,24.0,410.0,24.0,412.0,2.0
8378563200,6582,5.21999979019165,5.21999979019165,2.25308108329773,0.660000026226044,0.639999985694885,3.92000007629395,0.0,63,13,152,840,3586,2016-05-10,342.0,391.0,1.0,,,,228,1068,87.46803069053709,,,16.586111111111112,6582.0,1440.0,3586.5211895704256,1440.0,0.2548611111111111,1440.0,6582.0,24.0,3586.521189570425,24.0,367.0,24.0,371.0,2.0
8378563200,9143,7.25,7.25,2.0921471118927,1.38999998569489,0.589999973773956,5.26999998092651,0.0,72,10,184,763,3788,2016-05-11,368.0,387.0,1.0,,,,266,1029,95.09043927648578,,,17.519444444444446,9143.0,1440.0,3788.3227871656404,1440.0,0.2916666666666667,1440.0,9143.0,24.0,3788.32278716564,24.0,420.0,24.0,410.0,2.0
8378563200,4561,3.61999988555908,3.61999988555908,0.0,0.649999976158142,0.270000010728836,2.69000005722046,0.0,8,6,102,433,1976,2016-05-12,496.0,546.0,1.0,,,,116,549,90.84249084249085,,,13.723076923076922,3574.0,780.0,1607.2056041955957,780.0,0.14487179487179488,780.0,6291.0,24.0,2946.8439075946812,24.0,186.0,24.0,395.0,1.0
8583815059,5014,3.91000008583069,3.91000008583069,0.0,0.0,0.330000013113022,3.57999992370605,0.0,0,7,196,1237,2650,2016-04-12,,,,,,,203,1440,,,,13.122222222222222,5014.0,1440.0,2650.1640347242333,1440.0,0.14583333333333334,1440.0,,,,,,,,
8583815059,5571,4.34999990463257,4.34999990463257,0.0,0.150000005960464,0.970000028610229,3.23000001907349,0.0,2,23,163,1252,2654,2016-04-13,,,,,,,188,1440,,,,13.14236111111111,5571.0,1440.0,2654.231284379957,1440.0,0.14930555555555555,1440.0,5571.0,24.0,2654.231284379958,24.0,215.0,24.0,,
8583815059,3135,2.45000004768372,2.45000004768372,0.0,0.0,0.0,2.4300000667572,0.0,0,0,134,1306,2443,2016-04-14,,,,,,,134,1440,,,,12.09375,3118.0,1440.0,2442.4537861347176,1440.0,0.09305555555555556,1440.0,3118.0,24.0,2442.4537861347185,24.0,134.0,24.0,,
8583815059,3430,2.6800000667572,2.6800000667572,0.0,0.0,0.0,0.899999976158142,0.0,0,0,65,1375,2505,2016-04-15,,,,,,,65,1440,,,,10.931944444444444,1158.0,1440.0,2207.8155421018582,1440.0,0.04513888888888889,1440.0,1158.0,24.0,2207.815542101859,24.0,65.0,24.0,,
8583815059,5319,4.15000009536743,4.15000009536743,0.0,0.0,0.0,0.0,0.0,0,0,0,1440,2693,2016-04-16,,,,,,,0,1440,,,,10.0,0.0,1440.0,2019.600048065184,1440.0,0.0,1440.0,0.0,24.0,2019.6000480651849,24.0,0.0,24.0,,
8583815059,3008,2.34999990463257,2.34999990463257,0.0,0.0,0.0,0.0,0.0,0,0,0,1440,2439,2016-04-17,,,,,,,0,1440,,,,10.0,0.0,1440.0,2019.600048065184,1440.0,0.0,1440.0,0.0,24.0,2019.6000480651849,24.0,0.0,24.0,,
8583815059,3864,3.00999999046326,3.00999999046326,0.0,0.310000002384186,1.05999994277954,1.35000002384186,0.0,4,22,105,1309,2536,2016-04-18,,,,,,,131,1440,,,,12.372222222222222,3481.0,1440.0,2498.694029688832,1440.0,0.11180555555555556,1440.0,3481.0,24.0,2498.694029688833,24.0,161.0,24.0,,
8583815059,5697,4.44000005722046,4.44000005722046,0.0,0.529999971389771,0.479999989271164,3.44000005722046,0.0,7,10,166,1257,2668,2016-04-19,,,,,,,183,1440,,,,13.214583333333334,5697.0,1440.0,2668.8172823190666,1440.0,0.14375,1440.0,5697.0,24.0,2668.8172823190675,24.0,207.0,24.0,,
8583815059,5273,4.1100001335144,4.1100001335144,0.0,0.0,1.03999996185303,3.0699999332428,0.0,0,27,167,1246,2647,2016-04-20,,,,,,,194,1440,,,,13.109722222222222,5273.0,1440.0,2647.6395318508125,1440.0,0.15347222222222223,1440.0,5273.0,24.0,2647.639531850814,24.0,221.0,24.0,,
8583815059,8538,6.65999984741211,6.65999984741211,0.0,2.63000011444092,1.01999998092651,3.00999999046326,0.0,35,18,158,1229,2883,2016-04-21,,,,,,,211,1440,,,,14.275694444444444,8538.0,1440.0,2883.119280695913,1440.0,0.2076388888888889,1440.0,8538.0,24.0,2883.119280695914,24.0,299.0,24.0,,
8583815059,8687,6.78000020980835,6.78000020980835,0.0,0.28999999165535,2.41000008583069,4.07999992370605,0.0,4,54,212,1170,2944,2016-04-22,,,,,,,270,1440,,,,14.579166666666667,8687.0,1440.0,2944.40853333473,1440.0,0.23055555555555557,1440.0,8687.0,24.0,2944.408533334731,24.0,332.0,24.0,,
8583815059,9423,7.34999990463257,7.34999990463257,0.0,0.529999971389771,2.02999997138977,4.75,0.0,7,44,238,1151,3012,2016-04-23,,,,,,,289,1440,,,,14.911111111111111,9381.0,1440.0,3011.448033452032,1440.0,0.24097222222222223,1440.0,9381.0,24.0,3011.448033452033,24.0,347.0,24.0,,
8583815059,8286,6.46000003814697,6.46000003814697,0.0,0.150000005960464,2.04999995231628,4.26999998092651,0.0,2,44,206,1188,2889,2016-04-24,,,,,,,252,1440,,,,14.306944444444444,8286.0,1440.0,2889.4305300712567,1440.0,0.20833333333333334,1440.0,8286.0,24.0,2889.4305300712576,24.0,300.0,24.0,,
8583815059,4503,3.50999999046326,3.50999999046326,0.0,1.47000002861023,0.239999994635582,1.80999994277954,0.0,18,6,122,1294,2547,2016-04-25,,,,,,,146,1440,,,,12.615277777777777,4503.0,1440.0,2547.7815368175484,1440.0,0.13055555555555556,1440.0,4503.0,24.0,2547.7815368175493,24.0,188.0,24.0,,
8583815059,10499,8.1899995803833,8.1899995803833,0.0,0.0700000002980232,4.21999979019165,3.89000010490417,0.0,1,91,214,1134,3093,2016-04-26,,,,,,,306,1440,,,,15.31875,10499.0,1440.0,3093.7747843265515,1440.0,0.27708333333333335,1440.0,10499.0,24.0,3093.7747843265524,24.0,399.0,24.0,,
8583815059,12474,9.72999954223633,9.72999954223633,0.0,6.59999990463257,0.270000010728836,2.86999988555908,0.0,77,5,129,1229,3142,2016-04-27,,,,,,,211,1440,,,,15.561111111111112,12474.0,1440.0,3142.7220257520653,1440.0,0.2569444444444444,1440.0,12474.0,24.0,3142.722025752066,24.0,370.0,24.0,,
8583815059,6174,4.82000017166138,4.82000017166138,0.0,0.0,1.20000004768372,3.60999989509583,0.0,0,28,203,1209,2757,2016-04-28,,,,,,,231,1440,,,,13.652777777777779,6174.0,1440.0,2757.31503331661,1440.0,0.1798611111111111,1440.0,6174.0,24.0,2757.3150333166113,24.0,259.0,24.0,,
8583815059,15168,11.8299999237061,11.8299999237061,0.0,3.90000009536743,3.0,4.92000007629395,0.0,46,67,258,1069,3513,2016-04-29,,,,,,,371,1440,,,,17.379166666666666,15156.0,1440.0,3509.896529078481,1440.0,0.3680555555555556,1440.0,15156.0,24.0,3509.896529078482,24.0,530.0,24.0,,
8583815059,10085,7.86999988555908,7.86999988555908,0.0,0.150000005960464,1.27999997138977,6.42999982833862,0.0,2,28,317,1093,3164,2016-04-30,,,,,,,347,1440,,,,15.669444444444444,10085.0,1440.0,3164.60102689266,1440.0,0.26319444444444445,1440.0,10085.0,24.0,3164.601026892661,24.0,379.0,24.0,,
8583815059,4512,3.51999998092651,3.51999998092651,0.0,0.779999971389771,0.119999997317791,2.03999996185303,0.0,10,2,117,1311,2596,2016-05-01,,,,,,,129,1440,,,,12.194444444444445,3773.0,1440.0,2462.7900375127774,1440.0,0.10486111111111111,1440.0,3773.0,24.0,2462.7900375127783,24.0,151.0,24.0,,
8583815059,8469,6.6100001335144,6.6100001335144,0.0,0.0,0.0,0.0,0.0,0,0,0,1440,2894,2016-05-02,,,,,,,0,1440,,,,10.0,0.0,1440.0,2019.600048065184,1440.0,0.0,1440.0,0.0,24.0,2019.6000480651849,24.0,0.0,24.0,,
8583815059,12015,9.36999988555908,9.36999988555908,0.0,0.0,0.0,0.0,0.0,0,0,0,1440,3212,2016-05-03,,,,,,,0,1440,,,,10.0,0.0,1440.0,2019.600048065184,1440.0,0.0,1440.0,0.0,24.0,2019.6000480651849,24.0,0.0,24.0,,
8583815059,3588,2.79999995231628,2.79999995231628,0.0,0.0,0.0,0.0,0.0,0,0,0,1440,2516,2016-05-04,,,,,,,0,1440,,,,10.0,0.0,1440.0,2019.600048065184,1440.0,0.0,1440.0,0.0,24.0,2019.6000480651849,24.0,0.0,24.0,,
8583815059,12427,9.6899995803833,9.6899995803833,0.0,0.0,0.0,1.17999994754791,0.0,0,0,70,1370,3266,2016-05-05,,,,,,,70,1440,,,,11.059722222222222,1507.0,1440.0,2233.6215426921826,1440.0,0.04861111111111111,1440.0,1507.0,24.0,2233.6215426921835,24.0,70.0,24.0,,
8583815059,5843,4.55999994277954,4.55999994277954,0.0,0.140000000596046,1.19000005722046,3.23000001907349,0.0,2,22,166,1250,2683,2016-05-06,,,,,,,190,1440,,,,13.282638888888888,5843.0,1440.0,2682.561784505842,1440.0,0.15,1440.0,5843.0,24.0,2682.5617845058428,24.0,216.0,24.0,,
8583815059,6117,4.76999998092651,4.76999998092651,0.0,0.0,0.0,4.76999998092651,0.0,0,0,250,1190,2810,2016-05-07,,,,,,,250,1440,,,,13.917361111111111,6117.0,1440.0,2810.750275611875,1440.0,0.1736111111111111,1440.0,6117.0,24.0,2810.750275611876,24.0,250.0,24.0,,
8583815059,9217,7.19000005722046,7.19000005722046,0.0,0.219999998807907,3.30999994277954,3.66000008583069,0.0,3,72,182,1183,2940,2016-05-08,,,,,,,257,1440,,,,14.558333333333334,9217.0,1440.0,2940.2010332345944,1440.0,0.2326388888888889,1440.0,9217.0,24.0,2940.2010332345953,24.0,335.0,24.0,,
8583815059,9877,7.69999980926514,7.69999980926514,0.0,5.76000022888184,0.170000001788139,1.73000001907349,0.0,66,4,110,1260,2947,2016-05-09,,,,,,,180,1440,,,,14.557638888888889,9834.0,1440.0,2940.0607838630654,1440.0,0.21944444444444444,1440.0,9834.0,24.0,2940.0607838630663,24.0,316.0,24.0,,
8583815059,8240,6.42999982833862,6.42999982833862,0.0,0.689999997615814,2.00999999046326,3.72000002861023,0.0,9,43,162,1226,2846,2016-05-10,,,,,,,214,1440,,,,14.073611111111111,8217.0,1440.0,2842.3065328598004,1440.0,0.1909722222222222,1440.0,8217.0,24.0,2842.3065328598013,24.0,275.0,24.0,,
8583815059,8701,6.78999996185303,6.78999996185303,0.0,0.370000004768372,3.24000000953674,3.17000007629395,0.0,5,71,177,1106,2804,2016-05-11,,,,,,,253,1359,,,,14.749242424242425,8597.0,1320.0,2730.5272805690747,1320.0,0.24772727272727274,1320.0,8597.0,22.0,2730.5272805690756,22.0,327.0,22.0,,
8583815059,0,0.0,0.0,0.0,0.0,0.0,0.0,0.0,0,0,0,1440,0,2016-05-12,,,,,,,0,1440,,,,,,,,,,,,,,,,,,
8792009665,2564,1.63999998569489,1.63999998569489,0.0,0.0,0.0,1.63999998569489,0.0,0,0,116,831,2044,2016-04-12,458.0,493.0,1.0,,,,116,947,92.90060851926978,68.92157638065112,7587.0,12.10625,2556.0,1440.0,2044.367979049682,1440.0,0.08055555555555556,1440.0,,,,,,,493.0,1.0
8792009665,1320,0.839999973773956,0.839999973773956,0.0,0.0,0.0,0.839999973773956,0.0,0,0,82,806,1934,2016-04-13,531.0,552.0,1.0,,,,82,888,96.19565217391305,68.50609149676778,8044.0,11.457638888888889,1320.0,1440.0,1934.8377964496606,1440.0,0.05694444444444444,1440.0,1320.0,24.0,1934.8377964496613,24.0,82.0,24.0,552.0,1.0
8792009665,1219,0.779999971389771,0.779999971389771,0.0,0.0,0.0,0.779999971389771,0.0,0,0,84,853,1963,2016-04-14,486.0,503.0,1.0,,,,84,937,96.62027833001989,69.08939820399411,7461.0,11.625694444444445,1219.0,1440.0,1963.2171385288232,1440.0,0.058333333333333334,1440.0,1219.0,24.0,1963.2171385288236,24.0,84.0,24.0,503.0,1.0
8792009665,2483,1.5900000333786,1.5900000333786,0.0,0.0,0.0,1.5900000333786,0.0,0,0,126,937,2009,2016-04-15,363.0,377.0,1.0,,,,126,1063,96.28647214854111,66.8635228848821,3605.0,11.900694444444444,2483.0,1440.0,2009.6560578346246,1440.0,0.0875,1440.0,2483.0,24.0,2009.6560578346252,24.0,126.0,24.0,377.0,1.0
8792009665,244,0.159999996423721,0.159999996423721,0.0,0.0,0.0,0.159999996423721,0.0,0,0,12,1428,1721,2016-04-16,,,,,,,12,1440,,,,10.19375,244.0,1440.0,1721.4063980579365,1440.0,0.008333333333333333,1440.0,244.0,24.0,1721.4063980579374,24.0,12.0,24.0,,
8792009665,0,0.0,0.0,0.0,0.0,0.0,0.0,0.0,0,0,0,1440,1688,2016-04-17,,,,,,,0,1440,,,,10.0,0.0,1440.0,1688.6880683898912,1440.0,0.0,1440.0,0.0,24.0,1688.6880683898921,24.0,0.0,24.0,,
8792009665,0,0.0,0.0,0.0,0.0,0.0,0.0,0.0,0,0,0,1440,1688,2016-04-18,,,,,,,0,1440,,,,10.0,0.0,1440.0,1688.6880683898912,1440.0,0.0,1440.0,0.0,24.0,1688.6880683898921,24.0,0.0,24.0,,
8792009665,0,0.0,0.0,0.0,0.0,0.0,0.0,0.0,0,0,0,1440,1688,2016-04-19,,,,,,,0,1440,,,,10.0,0.0,1440.0,1688.6880683898912,1440.0,0.0,1440.0,0.0,24.0,1688.6880683898921,24.0,0.0,24.0,,
8792009665,3147,2.00999999046326,2.00999999046326,0.0,0.0,0.280000001192093,1.74000000953674,0.0,0,10,139,744,2188,2016-04-20,528.0,547.0,1.0,,,,149,893,96.52650822669104,69.61815840309079,7765.0,12.96111111111111,3147.0,1440.0,2188.727349877357,1440.0,0.11041666666666666,1440.0,3147.0,24.0,2188.7273498773575,24.0,159.0,24.0,547.0,1.0
8792009665,144,0.0900000035762787,0.0900000035762787,0.0,0.0,0.0,0.0900000035762787,0.0,0,0,9,1431,1720,2016-04-21,,,,,,,9,1440,,80.80434782608695,184.0,10.188888888888888,144.0,1440.0,1720.5855089426027,1440.0,0.00625,1440.0,144.0,24.0,1720.5855089426038,24.0,9.0,24.0,,
8792009665,4068,2.59999990463257,2.59999990463257,0.0,0.0500000007450581,0.280000001192093,2.26999998092651,0.0,1,20,195,817,2419,2016-04-22,391.0,407.0,1.0,,,,216,1033,96.06879606879608,70.26147822992051,8429.0,14.329166666666667,4068.0,1440.0,2419.749254226684,1440.0,0.16527777777777777,1440.0,4068.0,24.0,2419.7492542266846,24.0,238.0,24.0,407.0,1.0
8792009665,5245,3.35999989509583,3.35999989509583,0.0,0.159999996423721,0.439999997615814,2.75,0.0,8,45,232,795,2748,2016-04-23,339.0,360.0,1.0,,,,285,1080,94.16666666666667,77.82583837273226,9095.0,16.273611111111112,5245.0,1440.0,2748.105258822441,1440.0,0.24027777777777778,1440.0,5245.0,24.0,2748.105258822441,24.0,346.0,24.0,360.0,1.0
8792009665,400,0.259999990463257,0.259999990463257,0.0,0.0399999991059303,0.0500000007450581,0.159999996423721,0.0,3,8,19,1410,1799,2016-04-24,,,,,,,30,1440,,76.03863298662705,673.0,10.659027777777778,400.0,1440.0,1799.9772992134083,1440.0,0.030555555555555555,1440.0,400.0,24.0,1799.9772992134092,24.0,44.0,24.0,,
8792009665,0,0.0,0.0,0.0,0.0,0.0,0.0,0.0,0,0,0,1440,1688,2016-04-25,,,,,,,0,1440,,,,10.0,0.0,1440.0,1688.6880683898912,1440.0,0.0,1440.0,0.0,24.0,1688.6880683898921,24.0,0.0,24.0,,
8792009665,1321,0.850000023841858,0.850000023841858,0.0,0.0,0.0,0.850000023841858,0.0,0,0,80,1360,1928,2016-04-26,,,,,,,80,1440,,69.84311892296185,5348.0,11.41875,1321.0,1440.0,1928.2706763744347,1440.0,0.05555555555555555,1440.0,1321.0,24.0,1928.2706763744352,24.0,80.0,24.0,,
8792009665,1758,1.12999999523163,1.12999999523163,0.0,0.0,0.0,1.12999999523163,0.0,0,0,112,900,2067,2016-04-27,423.0,428.0,1.0,,,,112,1012,98.83177570093459,68.79205329526529,8406.0,12.23611111111111,1758.0,1440.0,2066.297467708587,1440.0,0.07777777777777778,1440.0,1758.0,24.0,2066.2974677085876,24.0,112.0,24.0,428.0,1.0
8792009665,6157,3.94000005722046,3.94000005722046,0.0,0.0,0.0,3.94000005722046,0.0,0,0,310,714,2780,2016-04-28,402.0,416.0,1.0,,,,310,1024,96.63461538461539,76.701621506294,9374.0,16.464583333333334,6157.0,1440.0,2780.3545072078705,1440.0,0.2152777777777778,1440.0,6157.0,24.0,2780.3545072078705,24.0,310.0,24.0,416.0,1.0
8792009665,8360,5.34999990463257,5.34999990463257,0.0,0.140000000596046,0.280000001192093,4.92999982833862,0.0,6,14,380,634,3101,2016-04-29,398.0,406.0,1.0,,,,400,1034,98.0295566502463,80.91153025710116,8907.0,18.367361111111112,8360.0,1440.0,3101.6743166446686,1440.0,0.29583333333333334,1440.0,8360.0,24.0,3101.6743166446686,24.0,426.0,24.0,406.0,1.0
8792009665,7174,4.59000015258789,4.59000015258789,0.0,0.330000013113022,0.360000014305115,3.91000008583069,0.0,10,20,301,749,2896,2016-04-30,343.0,360.0,1.0,,,,331,1080,95.27777777777777,81.46464198625581,9022.0,17.15486111111111,7174.0,1440.0,2896.920885682106,1440.0,0.25763888888888886,1440.0,7174.0,24.0,2896.920885682106,24.0,371.0,24.0,360.0,1.0
8792009665,1619,1.03999996185303,1.03999996185303,0.0,0.0,0.0,1.03999996185303,0.0,0,0,79,834,1962,2016-05-01,503.0,527.0,1.0,,,,79,913,95.44592030360532,67.81017067223964,8613.0,11.622916666666667,1619.0,1440.0,1962.7480577230447,1440.0,0.05486111111111111,1440.0,1619.0,24.0,1962.7480577230453,24.0,79.0,24.0,527.0,1.0
8792009665,1831,1.16999995708466,1.16999995708466,0.0,0.0,0.0,1.16999995708466,0.0,0,0,101,916,2015,2016-05-02,415.0,423.0,1.0,,,,101,1017,98.10874704491725,67.40391870512353,8217.0,11.925694444444444,1831.0,1440.0,2013.8777762651437,1440.0,0.07013888888888889,1440.0,1831.0,24.0,2013.8777762651443,24.0,101.0,24.0,423.0,1.0
8792009665,2421,1.54999995231628,1.54999995231628,0.0,0.0,0.0,1.54999995231628,0.0,0,0,156,739,2297,2016-05-03,516.0,545.0,1.0,,,,156,895,94.6788990825688,74.37193973634652,8496.0,13.606944444444444,2421.0,1440.0,2297.7884452342987,1440.0,0.10833333333333334,1440.0,2421.0,24.0,2297.7884452342987,24.0,156.0,24.0,545.0,1.0
8792009665,2283,1.46000003814697,1.46000003814697,0.0,0.0,0.0,1.46000003814697,0.0,0,0,129,848,2067,2016-05-04,439.0,463.0,1.0,,,,129,977,94.81641468682506,74.97814661134163,3615.0,12.241666666666667,2283.0,1440.0,2067.235626816749,1440.0,0.08958333333333333,1440.0,2283.0,24.0,2067.2356268167496,24.0,129.0,24.0,463.0,1.0
8792009665,0,0.0,0.0,0.0,0.0,0.0,0.0,0.0,0,0,0,1440,1688,2016-05-05,,,,,,,0,1440,,,,10.000694444444445,0.0,1440.0,1688.8053383827196,1440.0,0.0,1440.0,0.0,24.0,1688.8053383827205,24.0,0.0,24.0,,
8792009665,0,0.0,0.0,0.0,0.0,0.0,0.0,0.0,0,0,0,1440,1688,2016-05-06,,,,,,,0,1440,,,,10.0,0.0,1440.0,1688.6880683898912,1440.0,0.0,1440.0,0.0,24.0,1688.6880683898921,24.0,0.0,24.0,,
8792009665,0,0.0,0.0,0.0,0.0,0.0,0.0,0.0,0,0,0,1440,1688,2016-05-07,,,,,,,0,1440,,,,10.0,0.0,1440.0,1688.6880683898912,1440.0,0.0,1440.0,0.0,24.0,1688.6880683898921,24.0,0.0,24.0,,
8792009665,0,0.0,0.0,0.0,0.0,0.0,0.0,0.0,0,0,0,1440,1688,2016-05-08,,,,,,,0,1440,,,,10.0,0.0,1440.0,1688.6880683898912,1440.0,0.0,1440.0,0.0,24.0,1688.6880683898921,24.0,0.0,24.0,,
8792009665,0,0.0,0.0,0.0,0.0,0.0,0.0,0.0,0,0,0,1440,1688,2016-05-09,,,,,,,0,1440,,,,10.0,0.0,1440.0,1688.6880683898912,1440.0,0.0,1440.0,0.0,24.0,1688.6880683898921,24.0,0.0,24.0,,
8792009665,0,0.0,0.0,0.0,0.0,0.0,0.0,0.0,0,0,0,48,57,2016-05-10,,,,,,,0,48,,,,,,,,,,,,,,,,,,
8877689391,23186,20.3999996185303,20.3999996185303,0.0,12.2200002670288,0.340000003576279,7.82000017166138,0.0,85,7,312,1036,3921,2016-04-12,,,,85.8000030517578,25.6800003051758,1.0,404,1440,,86.54770531400966,8280.0,22.229166666666668,23186.0,1440.0,3920.584774971006,1440.0,0.40347222222222223,1440.0,,,,,,,,
8877689391,15337,9.57999992370605,9.57999992370605,0.0,3.54999995231628,0.379999995231628,5.6399998664856,0.0,108,18,216,1098,3566,2016-04-13,,,,84.9000015258789,25.4099998474121,1.0,342,1440,,84.74373324006062,8577.0,20.324305555555554,15337.0,1440.0,3566.1839969158154,1440.0,0.4,1440.0,15337.0,24.0,3566.1839969158164,24.0,576.0,24.0,,
8877689391,21129,18.9799995422363,18.9799995422363,0.0,10.5500001907349,0.589999973773956,7.75,0.0199999995529652,68,13,298,1061,3793,2016-04-14,,,,84.5,25.3099994659424,1.0,379,1440,,85.32065217391305,8096.0,21.635416666666668,21071.0,1440.0,3789.382655024527,1440.0,0.36666666666666664,1440.0,21071.0,24.0,3789.3826550245276,24.0,528.0,24.0,,
8877689391,13422,7.17000007629395,7.17000007629395,0.0,0.0500000007450581,0.0500000007450581,7.01000022888184,0.0099999997764825,106,1,281,1052,3934,2016-04-15,,,,,,,388,1440,,91.9323616955763,9743.0,22.372916666666665,13375.0,1440.0,3918.5537018775926,1440.0,0.4173611111111111,1440.0,13375.0,24.0,3918.553701877594,24.0,601.0,24.0,,
8877689391,29326,25.2900009155273,25.2900009155273,0.0,13.2399997711182,1.21000003814697,10.710000038147,0.0,94,29,429,888,4547,2016-04-16,,,,85.5,25.5900001525879,1.0,552,1440,,92.05598386905469,8431.0,25.775694444444444,29204.0,1440.0,4537.924420833588,1440.0,0.5340277777777778,1440.0,29204.0,24.0,4537.924420833588,24.0,769.0,24.0,,
8877689391,15118,8.86999988555908,8.86999988555908,0.0,0.0,0.0700000002980232,8.78999996185303,0.0,58,15,307,1060,3545,2016-04-17,,,,,,,380,1440,,87.87448891091563,8071.0,20.110416666666666,15118.0,1440.0,3540.5273261070247,1440.0,0.3548611111111111,1440.0,15118.0,24.0,3540.527326107025,24.0,511.0,24.0,,
8877689391,11423,8.67000007629395,8.67000007629395,0.0,2.44000005722046,0.270000010728836,5.94000005722046,0.0,29,5,191,1215,2761,2016-04-18,,,,85.8000030517578,25.6800003051758,1.0,225,1440,,66.03913176398655,6542.0,15.644444444444444,11409.0,1440.0,2759.229426383971,1440.0,0.2,1440.0,11409.0,24.0,2759.2294263839717,24.0,288.0,24.0,,
8877689391,18785,17.3999996185303,17.3999996185303,0.0,12.1499996185303,0.180000007152557,5.03000020980835,0.0,82,13,214,1131,3676,2016-04-19,,,,85.3000030517578,25.5300006866455,1.0,309,1440,,86.588675891837,7877.0,20.872916666666665,18748.0,1440.0,3671.161989688872,1440.0,0.3375,1440.0,18748.0,24.0,3671.1619896888715,24.0,486.0,24.0,,
8877689391,19948,18.1100006103516,18.1100006103516,0.0,11.0200004577637,0.689999997615814,6.34000015258789,0.0,73,19,225,1123,3679,2016-04-20,,,,84.9000015258789,25.4099998474121,1.0,317,1440,,85.49429998719098,7807.0,20.933333333333334,19881.0,1440.0,3673.046441078184,1440.0,0.3347222222222222,1440.0,19881.0,24.0,3673.046441078185,24.0,482.0,24.0,,
8877689391,19377,17.6200008392334,17.6200008392334,0.0,12.289999961853,0.419999986886978,4.8899998664856,0.0,82,13,226,1119,3659,2016-04-21,,,,84.5,25.2900009155273,1.0,321,1440,,87.1338696913743,7582.0,20.903472222222224,19377.0,1440.0,3659.3785907030083,1440.0,0.3458333333333333,1440.0,19377.0,24.0,3659.378590703009,24.0,498.0,24.0,,
8877689391,18258,16.3099994659424,16.3099994659424,0.0,10.2299995422363,0.0299999993294477,5.96999979019165,0.0500000007450581,61,2,236,1141,3427,2016-04-22,,,,,,,299,1440,,82.80519974635384,7885.0,19.49513888888889,18225.0,1440.0,3412.834634304045,1440.0,0.29375,1440.0,18225.0,24.0,3412.8346343040457,24.0,423.0,24.0,,
8877689391,11200,7.42999982833862,7.42999982833862,0.0,0.0,0.0,7.40000009536743,0.0099999997764825,102,6,300,1032,3891,2016-04-23,,,,85.5,25.5900001525879,1.0,408,1440,,93.94363143631436,9225.0,22.089583333333334,11191.0,1440.0,3888.9683328866968,1440.0,0.42916666666666664,1440.0,11191.0,24.0,3888.9683328866968,24.0,618.0,24.0,,
8877689391,16674,15.7399997711182,15.7399997711182,0.0,11.0100002288818,0.0099999997764825,4.69000005722046,0.0,64,1,227,1148,3455,2016-04-24,,,,85.5,25.5900001525879,1.0,292,1440,,87.28239436619718,7100.0,19.6125,16660.0,1440.0,3452.866915225982,1440.0,0.2923611111111111,1440.0,16660.0,24.0,3452.866915225982,24.0,421.0,24.0,,
8877689391,12986,8.73999977111816,8.73999977111816,0.0,2.36999988555908,0.0700000002980232,6.26999998092651,0.0099999997764825,113,8,218,1101,3802,2016-04-25,,,,85.4000015258789,25.5599994659424,1.0,339,1440,,89.80294243986255,9312.0,21.590972222222224,12957.0,1440.0,3799.3202219009377,1440.0,0.39791666666666664,1440.0,12957.0,24.0,3799.320221900939,24.0,573.0,24.0,,
8877689391,11101,8.43000030517578,8.43000030517578,0.0,1.75999999046326,0.129999995231628,6.5,0.0,22,3,258,1157,2860,2016-04-26,,,,85.0999984741211,25.4899997711182,1.0,283,1440,,67.56028870648174,7066.0,16.247916666666665,11070.0,1440.0,2855.3698619604106,1440.0,0.22916666666666666,1440.0,11070.0,24.0,2855.369861960411,24.0,330.0,24.0,,
8877689391,23629,20.6499996185303,20.6499996185303,0.0,13.0699996948242,0.439999997615814,7.09999990463257,0.0,93,8,235,1104,3808,2016-04-27,,,,85.4000015258789,25.5599994659424,1.0,336,1440,,84.78037792516581,7991.0,21.616666666666667,23603.0,1440.0,3803.8416162729236,1440.0,0.3680555555555556,1440.0,23603.0,24.0,3803.8416162729245,24.0,530.0,24.0,,
8877689391,14890,11.3000001907349,11.3000001907349,0.0,4.92999982833862,0.379999995231628,5.96999979019165,0.0,58,8,231,1143,3060,2016-04-28,,,,85.0999984741211,25.4899997711182,1.0,297,1440,,66.80925952972105,6847.0,17.40625,14885.0,1440.0,3058.932576417922,1440.0,0.2923611111111111,1440.0,14885.0,24.0,3058.9325764179225,24.0,421.0,24.0,,
8877689391,9733,7.3899998664856,7.3899998664856,0.0,1.37999999523163,0.170000001788139,5.78999996185303,0.0,18,5,210,1207,2698,2016-04-29,,,,84.9000015258789,25.4099998474121,1.0,233,1440,,64.45597935187841,6974.0,15.36111111111111,9700.0,1440.0,2695.322043061254,1440.0,0.19027777777777777,1440.0,9700.0,24.0,2695.3220430612555,24.0,274.0,24.0,,
8877689391,27745,26.7199993133545,26.7199993133545,0.0,21.6599998474121,0.0799999982118607,4.92999982833862,0.0,124,4,223,1089,4398,2016-04-30,,,,85.5,25.5900001525879,1.0,351,1440,,102.18001487726258,8066.0,24.95347222222222,27710.0,1440.0,4393.168580532074,1440.0,0.41875,1440.0,27710.0,24.0,4393.168580532073,24.0,603.0,24.0,,
8877689391,10930,8.31999969482422,8.31999969482422,0.0,3.13000011444092,0.569999992847443,4.57000017166138,0.0,36,12,166,1226,2786,2016-05-01,,,,85.3000030517578,25.5300006866455,1.0,214,1440,,70.71352164465986,5983.0,15.823611111111111,10890.0,1440.0,2783.082068443296,1440.0,0.20694444444444443,1440.0,10890.0,24.0,2783.0820684432947,24.0,298.0,24.0,,
8877689391,4790,3.64000010490417,3.64000010490417,0.0,0.0,0.0,3.55999994277954,0.0,0,0,105,1335,2189,2016-05-02,,,,,,,105,1440,,65.86236338797814,2928.0,12.417361111111111,4699.0,1440.0,2183.9853665828664,1440.0,0.07291666666666667,1440.0,4699.0,24.0,2183.9853665828655,24.0,105.0,24.0,,
8877689391,10818,8.21000003814697,8.21000003814697,0.0,1.38999998569489,0.100000001490116,6.67000007629395,0.0099999997764825,19,3,229,1189,2817,2016-05-03,,,,84.9000015258789,25.4099998474121,1.0,251,1440,,67.47034908173279,7133.0,16.034027777777776,10791.0,1440.0,2813.3946876525856,1440.0,0.20277777777777778,1440.0,10791.0,24.0,2813.394687652587,24.0,292.0,24.0,,
8877689391,18193,16.2999992370605,16.2999992370605,0.0,10.4200000762939,0.310000002384186,5.53000020980835,0.0,66,8,212,1154,3477,2016-05-04,,,,84.4000015258789,25.2600002288818,1.0,286,1440,,88.3719927687387,7191.0,19.84513888888889,18165.0,1440.0,3472.3913116455064,1440.0,0.29583333333333334,1440.0,18165.0,24.0,3472.3913116455055,24.0,426.0,24.0,,
8877689391,14055,10.6700000762939,10.6700000762939,0.0,5.46000003814697,0.819999992847443,4.36999988555908,0.0,67,15,188,1170,3052,2016-05-05,,,,,,,270,1440,,72.85128036769534,6092.0,17.41875,14055.0,1440.0,3047.835366845129,1440.0,0.29097222222222224,1440.0,14055.0,24.0,3047.8353668451286,24.0,419.0,24.0,,
8877689391,21727,19.3400001525879,19.3400001525879,0.0,12.789999961853,0.28999999165535,6.15999984741211,0.0,96,17,232,1095,4015,2016-05-06,,,,85.0,25.4400005340576,1.0,345,1440,,92.84012007308797,7662.0,22.802777777777777,21622.0,1440.0,4003.0367588996883,1440.0,0.38472222222222224,1440.0,21622.0,24.0,4003.0367588996887,24.0,554.0,24.0,,
8877689391,12332,8.13000011444092,8.13000011444092,0.0,0.0799999982118607,0.959999978542328,6.98999977111816,0.0,105,28,271,1036,4142,2016-05-07,,,,,,,404,1440,,100.99724106219105,8699.0,23.5125,12212.0,1440.0,4127.628772854804,1440.0,0.44583333333333336,1440.0,12212.0,24.0,4127.628772854805,24.0,642.0,24.0,,
8877689391,10686,8.10999965667725,8.10999965667725,0.0,1.08000004291534,0.200000002980232,6.80000019073486,0.0,17,4,245,1174,2847,2016-05-08,,,,85.4000015258789,25.5599994659424,1.0,266,1440,,72.55052319225364,6403.0,16.15972222222222,10665.0,1440.0,2843.5940147638303,1440.0,0.2111111111111111,1440.0,10665.0,24.0,2843.5940147638307,24.0,304.0,24.0,,
8877689391,20226,18.25,18.25,0.0,11.1000003814697,0.800000011920929,6.23999977111816,0.0500000007450581,73,19,217,1131,3710,2016-05-09,,,,85.5,25.6100006103516,1.0,309,1440,,89.61573830793483,7612.0,21.006944444444443,20156.0,1440.0,3700.1799838542943,1440.0,0.32916666666666666,1440.0,20156.0,24.0,3700.1799838542943,24.0,474.0,24.0,,
8877689391,10733,8.14999961853027,8.14999961853027,0.0,1.35000002384186,0.46000000834465,6.28000020980835,0.0,18,11,224,1187,2832,2016-05-10,,,,,,,253,1440,,71.54437680230696,6242.0,16.066666666666666,10693.0,1440.0,2829.995493650436,1440.0,0.20833333333333334,1440.0,10693.0,24.0,2829.9954936504364,24.0,300.0,24.0,,
8877689391,21420,19.5599994659424,19.5599994659424,0.0,13.2200002670288,0.409999996423721,5.8899998664856,0.0,88,12,213,1127,3832,2016-05-11,,,,85.4000015258789,25.5599994659424,1.0,313,1440,,89.14912169847086,7913.0,21.754166666666666,21391.0,1440.0,3828.0371979474994,1440.0,0.34791666666666665,1440.0,21391.0,24.0,3828.0371979475003,24.0,501.0,24.0,,
8877689391,8064,6.11999988555908,6.11999988555908,0.0,1.82000005245209,0.0399999991059303,4.25,0.0,23,1,137,770,1849,2016-05-12,,,,84.0,25.1399993896484,1.0,161,931,,71.08743947593278,3511.0,16.277380952380952,7120.0,840.0,1657.577746510508,840.0,0.22380952380952382,840.0,16530.0,24.0,3729.277194738391,24.0,613.0,24.0,,
